complaint_id,society_name,flat_number,resident_name,complaint_text,category,priority,status,assigned_to
CMP25610,Cedar Crest Society,D-2475,Abhishek Desai,Vehicle horn being used unnecessarily in society.,Noise,Low,In Progress,Varun Kulkarni
CMP29895,Vasant Vihar Apartments,B-913,Meera Das,Neighbor using my second parking without permission.,Parking,Medium,In Progress,Sachin Joshi
CMP87390,Eco-Village CHS,A-2017,Shruti Gupta,Kitchen ka tap drip kar raha hai continuously,Plumbing,High,In Progress,Nisha Kumar
CMP47252,Zenith Towers,D-929,Pallavi Agarwal,Socket kaam nahi kar raha hai boss,Electrical,Low,Resolved,Swati Reddy
CMP66615,Harmony Heights,A-801,Rupali Singh,Gym AC insufficient - too hot inside.,Gym,Medium,In Progress,Swati Reddy
CMP37233,Sapphire Heights Cooperative Housing Society,C-1374,Sunita Verma,Water motor making loud noise at night.,Water Supply,Critical,Resolved,Madhuri Kulkarni
CMP21261,Spring Gardens CHS,A-2394,Manoj Sinha,Table tennis rackets and balls missing.,Clubhouse,High,In Progress,Ravi Patel
CMP95594,Silver Oaks Apartment Owners Association,A-327,Kavita Patel,Visitor entered without proper verification.,Security,Medium,Resolved,Kiran Menon
CMP73666,Banyan Tree Residences,B-1891,Pallavi Sinha,Kitchen sink drain clogged completely.,Plumbing,Low,Resolved,Jyoti Desai
CMP86418,Maple Woods Enclave,D-1561,Meera Desai,Too many mosquitoes due to stagnant water in garden.,Garden,Critical,Resolved,Jyoti Patel
CMP84928,Eco-Village CHS,B-811,Priya Nair,Housekeeping staff coming late daily.,Housekeeping,Medium,Assigned,Jyoti Patel
CMP87337,Green Meadows CHS Ltd.,D-1561,Neha Chopra,Bulk waste dumped in common area.,Waste Management,Medium,Resolved,Swati Reddy
CMP49089,Diamond Plaza,C-449,Madhuri Gupta,Pool water not chlorinated - unhygienic.,Swimming Pool,High,In Progress,Shweta Iyer
CMP50908,Spring Gardens CHS,D-1704,Varun Desai,Guest parking area always full - no space.,Parking,Critical,Open,Manisha Das
CMP17054,Emerald Bay CHS,C-1399,Manisha Sharma,E-waste collection bin overflowing.,Waste Management,Medium,In Progress,Ashok Reddy
CMP88727,Golden Gate Apartments,B-298,Rajesh Verma,Lift number 2 has stopped working.,Lift,High,Resolved,Abhishek Sharma
CMP27014,Ruby Residency,D-1151,Seema Desai,Overhead tank overflow causing seepage.,Water Supply,High,Assigned,Ritu Malhotra
CMP22247,Zenith Towers,B-1952,Nitin Sharma,Underground tank needs urgent cleaning.,Water Supply,Low,Assigned,Kiran Menon
CMP32214,Cedar Crest Society,B-2197,Saurabh Shah,Water pipe burst in basement.,Water Supply,Critical,Resolved,Abhishek Sharma
CMP57327,Vasant Vihar Apartments,D-2498,Sandeep Desai,Lobby ceiling leakage during rain.,Common Area,Critical,Assigned,Deepika Gupta
CMP82351,Whispering Willows CHS,C-236,Manoj Kapoor,Bed bugs in bedroom - very serious problem.,Pest Control,Critical,Assigned,Shweta Iyer
CMP62857,The Imperial Towers,A-1503,Ritu Kulkarni,Bench press bench wobbling - unsafe.,Gym,Medium,In Progress,Mahesh Singh
CMP23569,Hillview Cooperative Housing Society,B-486,Komal Agarwal,Bathroom tap is dripping continuously - water wastage.,Plumbing,High,Open,Abhishek Sharma
CMP75766,Paradise Heights,B-901,Abhishek Mehta,Depth markings not visible.,Swimming Pool,Low,Resolved,Varun Kulkarni
CMP80402,The Meadows,B-1669,Rajesh Kulkarni,Pool water not chlorinated - unhygienic.,Swimming Pool,High,In Progress,Manisha Das
CMP76895,Paradise Heights,D-596,Ritu Joshi,Bathroom tap is dripping continuously - water wastage.,Plumbing,Critical,Assigned,Manisha Das
CMP35015,Lotus Boulevard,B-2331,Sanjay Iyer,Service lift out of order since morning.,Lift,Low,Assigned,Ravi Patel
CMP70939,Vasant Vihar Apartments,B-456,Vikram Malhotra,Emergency exit door jammed and locked.,Common Area,Critical,In Progress,Swati Reddy
CMP15637,Shanti Vihar Apartments,C-1330,Vikram Reddy,Common area washroom very dirty.,Housekeeping,Critical,Resolved,Ravi Reddy
CMP12482,Desert Rose Apartments,C-2378,Meera Gupta,Emergency alarm button inside lift not working.,Lift,Medium,Resolved,Shweta Iyer
CMP40633,Orchid Petals Society,B-1118,Preeti Kulkarni,Termites eating wooden furniture.,Pest Control,High,In Progress,Varun Kulkarni
CMP53989,Blue Horizons CHS,A-1695,Kiran Kulkarni,Water supply timing irregular - unpredictable.,Water Supply,High,Resolved,Varun Kulkarni
CMP25643,Blue Horizons CHS,D-892,Manoj Singh,CCTV toh kaam hi nahi karta,Security,Low,Resolved,Ritu Malhotra
CMP70125,Sapphire Heights Cooperative Housing Society,A-2453,Rakesh Sharma,Dog waste not cleaned from garden regularly.,Garden,Medium,Open,Rajesh Sinha
CMP36534,Orchid Petals Society,D-814,Deepika Sinha,Gate access card not working.,Security,High,Resolved,Rupali Desai
CMP65688,Grandeur Park Residences,D-918,Nisha Sinha,Yaar light nahi aa rahi room mein,Electrical,Low,In Progress,Ravi Agarwal
CMP58228,Sapphire Heights Cooperative Housing Society,C-1011,Ramesh Kapoor,Lift ki door properly close nahi hoti,Lift,Low,Open,Deepika Gupta
CMP86124,The Pinnacle CHS,D-1184,Swati Nair,Garden sprinklers not working properly.,Garden,Critical,In Progress,Ravi Patel
CMP27288,Silver Oaks Apartment Owners Association,D-136,Abhishek Gupta,Ceiling fan making noise and wobbling.,Electrical,Critical,In Progress,Ravi Agarwal
CMP89121,Hillview Cooperative Housing Society,D-1363,Anita Desai,Gym equipment broken and unsafe to use.,Clubhouse,Low,Resolved,Ashok Reddy
CMP95889,Sunset Point Apartments,C-1836,Preeti Joshi,Gym floor mat torn - slipping hazard.,Gym,Medium,Resolved,Sachin Joshi
CMP37666,Spring Gardens CHS,B-2108,Sachin Kapoor,Intercom system not connecting to gate.,Security,Low,Assigned,Ritu Nair
CMP37554,Shanti Vihar Apartments,B-1640,Deepika Sinha,Water supply timing irregular - unpredictable.,Water Supply,Low,In Progress,Amit Iyer
CMP34697,Emerald Bay CHS,B-1849,Madhuri Bose,Bathroom ka tap band nahi ho raha,Plumbing,Medium,Open,Rupali Desai
CMP35705,Ocean View CHS,B-1069,Ramesh Gupta,Water pipe burst in basement.,Water Supply,Critical,Resolved,Madhuri Das
CMP43524,Hillview Cooperative Housing Society,A-749,Deepika Malhotra,No separate bin for medical waste.,Waste Management,Critical,Open,Nisha Kumar
CMP98336,Lotus Boulevard,A-1632,Preeti Kumar,Garden lights not functioning at night.,Garden,Critical,Resolved,Kavita Sinha
CMP35742,Diamond Plaza,B-1559,Anjali Desai,Pool ladder rusted and unsafe.,Swimming Pool,Critical,In Progress,Deepika Gupta
CMP73766,Cedar Crest Society,D-1751,Ramesh Mehta,Yoga room floor mat torn and unhygienic.,Clubhouse,Critical,Resolved,Abhishek Sharma
CMP72819,Cedar Crest Society,D-2157,Rakesh Joshi,Letter box lock broken - security risk.,Common Area,Medium,Open,Ritu Malhotra
CMP72436,Green Meadows CHS Ltd.,B-514,Saurabh Nair,Plants dying due to lack of maintenance.,Garden,Critical,In Progress,Sachin Joshi
CMP42872,Blue Horizons CHS,A-186,Sandeep Nair,Fire extinguisher expired - needs refilling.,Common Area,High,Open,Deepika Gupta
CMP89888,Ruby Residency,D-1110,Ajay Pillai,Service lift out of order since morning.,Lift,Medium,Open,Rupali Desai
CMP83616,Vasant Vihar Apartments,C-557,Saurabh Pillai,Clubhouse AC not working properly.,Clubhouse,Critical,In Progress,Varun Reddy
CMP90997,Harmony Heights,D-589,Pankaj Pillai,Dog waste not cleaned from garden regularly.,Garden,Critical,In Progress,Rajesh Sinha
CMP53356,Cedar Crest Society,C-2216,Dinesh Iyer,Ceiling fan making noise and wobbling.,Electrical,Low,Resolved,Sachin Joshi
CMP49523,Banyan Tree Residences,B-137,Shruti Nair,Water motor making loud noise at night.,Water Supply,Critical,Open,Rajesh Sinha
CMP18919,Maple Woods Enclave,C-649,Meera Mehta,Bad smell from garbage collection area.,Waste Management,Medium,In Progress,Amit Iyer
CMP84468,Desert Rose Apartments,A-948,Anil Agarwal,Bench press bench wobbling - unsafe.,Gym,High,In Progress,Madhuri Kulkarni
CMP83316,Crystal Heights,B-349,Ramesh Iyer,Ants everywhere in kitchen despite cleaning.,Pest Control,Low,Resolved,Manisha Das
CMP84924,Shanti Vihar Apartments,B-2307,Ramesh Verma,Bore well pump not working.,Water Supply,Critical,Assigned,Varun Reddy
CMP56671,Ocean View CHS,D-2005,Swati Malhotra,Ceiling fan making noise and wobbling.,Electrical,Low,In Progress,Madhuri Kulkarni
CMP88627,Hillview Cooperative Housing Society,D-660,Sachin Das,Someone has parked in my allotted space.,Parking,Critical,Open,Ravi Agarwal
CMP51346,Royal Enclave CHS,A-286,Deepika Kumar,Dog waste not cleaned from garden regularly.,Garden,Low,Open,Varun Kulkarni
CMP53380,Maple Woods Enclave,C-932,Pankaj Kumar,Corridor light not working - very dark.,Common Area,Medium,Resolved,Ravi Patel
CMP88282,Sapphire Heights Cooperative Housing Society,B-152,Abhishek Rao,Car scratched by another vehicle in parking.,Parking,Low,In Progress,Ritu Nair
CMP39400,Hillview Cooperative Housing Society,B-1850,Ravi Chopra,Too many mosquitoes due to stagnant water in garden.,Garden,Medium,In Progress,Madhuri Das
CMP72719,Golden Heights,D-676,Shruti Chopra,Car scratched by another vehicle in parking.,Parking,High,In Progress,Shruti Singh
CMP87515,Palm Grove Residences,D-2009,Rakesh Reddy,Garbage collection timing too early.,Waste Management,Medium,Open,Madhuri Das
CMP52036,Platinum Towers,A-1952,Amit Singh,Clubhouse AC not working properly.,Clubhouse,Low,In Progress,Madhuri Kulkarni
CMP52516,Ruby Residency,A-1044,Madhuri Shah,Geyser chalu nahi ho raha,Plumbing,High,Resolved,Manisha Das
CMP54907,Sapphire Heights Cooperative Housing Society,A-925,Ramesh Kumar,Construction noise from upstairs flat during quiet hours.,Noise,Medium,Resolved,Ravi Agarwal
CMP47445,Golden Gate Apartments,B-2352,Saurabh Sinha,Table tennis rackets and balls missing.,Clubhouse,Low,Resolved,Shruti Singh
CMP87938,Ocean View CHS,A-1393,Pooja Malhotra,Bathroom tap is dripping continuously - water wastage.,Plumbing,Low,Resolved,Madhuri Das
CMP64483,Desert Rose Apartments,A-2194,Deepika Desai,Lift door sensor faulty - closes too fast.,Lift,Medium,Resolved,Abhishek Sharma
CMP25220,Sunrise Enclave,A-1352,Dinesh Agarwal,Parking slot number faded - need repainting.,Parking,Medium,Assigned,Rupali Desai
CMP11731,Crystal Heights,B-2333,Swati Mehta,Water pipe burst in basement.,Water Supply,High,In Progress,Mahesh Das
CMP86917,Cedar Crest Society,A-1502,Vikram Shah,Mere slot mein kisi ne gaadi park kar di hai yaar,Parking,High,Assigned,Varun Reddy
CMP63863,Crystal Heights,B-804,Priya Menon,Lift mein bahut awaaz aa rahi hai,Lift,High,Resolved,Ravi Reddy
CMP71742,Vasant Vihar Apartments,D-1873,Jyoti Chopra,Socket kaam nahi kar raha hai boss,Electrical,Critical,Assigned,Madhuri Kulkarni
CMP93557,Blue Horizons CHS,B-774,Jyoti Kumar,Water motor making loud noise at night.,Water Supply,High,Open,Ravi Patel
CMP79590,Sunset Point Apartments,B-274,Deepika Gupta,Staircase very dirty - not cleaned for days.,Housekeeping,Critical,Resolved,Ritu Nair
CMP44383,Orchid Petals Society,B-2018,Vikas Mehta,Inverter not charging - keeps beeping.,Electrical,High,Assigned,Amit Iyer
CMP31967,Platinum Towers,C-169,Deepika Malhotra,Lift overload alarm malfunctioning.,Lift,Medium,Assigned,Ravi Agarwal
CMP21730,Crystal Heights,B-2028,Varun Agarwal,Garbage collection timing too early.,Waste Management,Critical,Assigned,Kavita Sinha
CMP81156,Vasant Vihar Apartments,A-1064,Kiran Iyer,Pool timings not displayed properly.,Swimming Pool,Medium,Open,Ravi Das
CMP71515,Platinum Towers,B-1465,Kavita Chopra,Socket kaam nahi kar raha hai boss,Electrical,Critical,Resolved,Amit Desai
CMP38226,Emerald Bay CHS,D-1409,Anil Shah,Neighbor playing loud music late at night.,Noise,High,In Progress,Kavita Sinha
CMP19621,Pearl Residency,A-244,Rupali Nair,Kitchen sink drain clogged completely.,Plumbing,Critical,Assigned,Kiran Menon
CMP50047,The Pinnacle CHS,C-1319,Saurabh Joshi,Pigeons nesting on AC outdoor unit.,Pest Control,High,Open,Mahesh Singh
CMP39527,Zenith Towers,A-524,Ravi Kumar,Pigeons nesting on AC outdoor unit.,Pest Control,Medium,Open,Manisha Das
CMP73520,Orchid Petals Society,C-850,Anita Nair,Kitchen ka tap drip kar raha hai continuously,Plumbing,Medium,Assigned,Kiran Menon
CMP97463,Royal Enclave CHS,D-1364,Dinesh Chopra,Rat problem in our flat - need urgent pest control.,Pest Control,Medium,Assigned,Mahesh Das
CMP40466,Paradise Heights,D-1702,Nisha Shah,Construction noise from upstairs flat during quiet hours.,Noise,High,In Progress,Shweta Iyer
CMP91773,Spring Gardens CHS,D-670,Ritu Shah,Garbage not collected from our floor today.,Housekeeping,Critical,Assigned,Ravi Das
CMP91028,Paradise Heights,A-1580,Dinesh Menon,Life guard absent during pool hours.,Swimming Pool,High,Assigned,Ravi Das
CMP61676,Maple Woods Enclave,D-372,Seema Kumar,No water supply since morning in our flat.,Water Supply,Medium,In Progress,Abhishek Sharma
CMP76015,Skyline Residency,C-965,Vikas Sinha,Underground tank needs urgent cleaning.,Water Supply,Medium,Resolved,Ravi Agarwal
CMP85266,Green Meadows CHS Ltd.,A-1923,Deepika Sharma,Unauthorized persons using clubhouse facilities.,Clubhouse,Critical,Open,Mahesh Das
CMP46511,Banyan Tree Residences,A-921,Neha Menon,Letter box lock broken - security risk.,Common Area,Medium,Assigned,Ravi Das
CMP13166,Desert Rose Apartments,A-1197,Pallavi Rao,Pool changing room locks broken.,Swimming Pool,Critical,Assigned,Dinesh Kapoor
CMP48181,Banyan Tree Residences,A-2275,Vikram Kapoor,Residents not segregating wet and dry waste.,Waste Management,High,Open,Rajesh Sinha
CMP17772,Zenith Towers,D-1842,Anil Desai,Too many mosquitoes due to stagnant water in garden.,Garden,Medium,Assigned,Amit Iyer
CMP45607,Victoria Apartments,A-152,Ashok Desai,Common area washroom very dirty.,Housekeeping,Low,Resolved,Ravi Das
CMP72870,Zenith Towers,A-1254,Ajay Verma,Housekeeping staff coming late daily.,Housekeeping,Medium,Open,Jyoti Patel
CMP11649,Shanti Vihar Apartments,D-1277,Priya Mehta,Security guard kuch check hi nahi karta entry pe,Security,High,In Progress,Sachin Joshi
CMP64012,Whispering Willows CHS,D-1533,Sanjay Kumar,Bench press bench wobbling - unsafe.,Gym,High,In Progress,Jyoti Patel
CMP20511,Harmony Heights,A-734,Mahesh Sinha,Emergency exit door jammed and locked.,Common Area,Medium,Open,Ravi Reddy
CMP18070,Ruby Residency,C-182,Abhishek Das,Lawn grass overgrown - needs cutting.,Garden,Critical,Resolved,Madhuri Kulkarni
CMP37236,The Imperial Towers,B-798,Priya Verma,Gym AC insufficient - too hot inside.,Gym,Medium,Resolved,Ashok Reddy
CMP37917,Emerald Bay CHS,B-772,Anjali Menon,Car scratched by another vehicle in parking.,Parking,Medium,In Progress,Abhishek Sharma
CMP94074,Serene Waters Society,C-469,Deepika Das,Life guard absent during pool hours.,Swimming Pool,High,Open,Ritu Malhotra
CMP19135,Lotus Boulevard,B-2335,Rupali Kapoor,Two-wheeler parked in car parking area.,Parking,Low,Resolved,Ravi Agarwal
CMP48020,Golden Heights,C-1628,Nisha Kapoor,Ants everywhere in kitchen despite cleaning.,Pest Control,Critical,Resolved,Rajesh Sinha
CMP68155,Diamond Plaza,C-1195,Rajesh Iyer,Clubhouse washroom taps not working.,Clubhouse,Medium,Open,Amit Iyer
CMP24960,Grandeur Park Residences,C-142,Preeti Reddy,Clubhouse lights not working in evening.,Clubhouse,Critical,Assigned,Jyoti Patel
CMP28775,Desert Rose Apartments,B-337,Suresh Chopra,Gym AC insufficient - too hot inside.,Gym,Medium,Resolved,Varun Reddy
CMP41884,Green Meadows CHS Ltd.,B-480,Ritu Bose,Children running and jumping in flat above ours.,Noise,High,In Progress,Amit Desai
CMP97932,Diamond Plaza,B-1392,Madhuri Patel,Ceiling fan making noise and wobbling.,Electrical,Low,In Progress,Manisha Das
CMP90054,Sunset Point Apartments,A-277,Preeti Gupta,Termites eating wooden furniture.,Pest Control,Low,In Progress,Rajesh Sinha
CMP24321,Grandeur Park Residences,D-293,Pallavi Sinha,Clubhouse washroom taps not working.,Clubhouse,Medium,Assigned,Shweta Iyer
CMP74267,Sunset Point Apartments,B-363,Shruti Kumar,Garbage chute door broken.,Housekeeping,High,Resolved,Ritu Nair
CMP43855,Paradise Heights,A-1767,Sachin Mehta,Parking slot number faded - need repainting.,Parking,High,Open,Ravi Agarwal
CMP44366,Crystal Heights,B-1269,Priya Rao,Lift indicator showing wrong floor numbers.,Lift,Low,Open,Deepika Gupta
CMP68015,Grandeur Park Residences,A-870,Swati Singh,Bench press bench wobbling - unsafe.,Gym,Low,In Progress,Kiran Menon
CMP31040,Zenith Towers,A-2504,Varun Reddy,Heavy furniture being dragged at odd hours.,Noise,High,In Progress,Rupali Desai
CMP17856,Green Meadows CHS Ltd.,D-241,Rupali Menon,Security guard kuch check hi nahi karta entry pe,Security,High,Resolved,Ritu Nair
CMP60578,Diamond Plaza,B-581,Jyoti Desai,Neighbor playing loud music late at night.,Noise,Low,Open,Ravi Agarwal
CMP29002,Sapphire Heights Cooperative Housing Society,B-1717,Rakesh Singh,Life guard absent during pool hours.,Swimming Pool,Critical,Resolved,Rupali Desai
CMP52234,Shanti Vihar Apartments,C-810,Meera Bose,Staircase railing loose - can cause accident.,Common Area,Critical,In Progress,Mahesh Das
CMP37217,Vasant Vihar Apartments,D-583,Nisha Verma,Pool changing room locks broken.,Swimming Pool,Medium,Assigned,Sachin Joshi
CMP78693,Lotus Boulevard,D-2143,Ritu Chopra,CCTV camera kaam karat nahi,Security,High,In Progress,Mahesh Das
CMP89221,Crystal Heights,B-836,Manisha Patel,Depth markings not visible.,Swimming Pool,Critical,Open,Kiran Menon
CMP32396,Sunset Point Apartments,D-156,Sandeep Agarwal,Olakhit vyakti basement madhe phirat hoti,Security,Critical,Open,Abhishek Sharma
CMP20594,Eco-Village CHS,D-1858,Sachin Singh,Clubhouse washroom taps not working.,Clubhouse,Low,In Progress,Ravi Agarwal
CMP29079,Cedar Crest Society,B-2283,Dinesh Agarwal,Lift overload alarm malfunctioning.,Lift,Medium,Assigned,Sachin Joshi
CMP61665,Serene Waters Society,A-2015,Komal Singh,Composting pit emitting foul odor.,Waste Management,Low,Assigned,Sachin Joshi
CMP11007,Eco-Village CHS,A-719,Varun Pillai,Children running and jumping in flat above ours.,Noise,Low,In Progress,Madhuri Das
CMP24705,Shanti Vihar Apartments,A-1778,Meera Mehta,Common area washroom very dirty.,Housekeeping,Medium,In Progress,Rajesh Sinha
CMP61938,Skyline Residency,C-748,Amit Chopra,Garden gate lock broken.,Garden,Medium,Open,Ravi Agarwal
CMP52196,Banyan Tree Residences,D-541,Deepika Kumar,Very low water pressure on higher floors.,Water Supply,High,In Progress,Manisha Das
CMP78160,Palm Grove Residences,D-327,Ashok Rao,Unauthorized vehicle parked in society.,Security,Low,Resolved,Kiran Menon
CMP71290,Blue Horizons CHS,D-2335,Dinesh Patel,Kitchen ka tap drip kar raha hai continuously,Plumbing,High,Assigned,Rupali Desai
CMP63675,Whispering Willows CHS,A-2331,Jyoti Gupta,Loud arguments and shouting from neighbor's flat.,Noise,Low,In Progress,Varun Kulkarni
CMP51362,Green Meadows CHS Ltd.,C-1633,Dinesh Gupta,Staircase railing loose - can cause accident.,Common Area,High,Open,Dinesh Kapoor
CMP96365,Pearl Residency,D-1118,Seema Menon,Depth markings not visible.,Swimming Pool,Critical,In Progress,Deepika Gupta
CMP59539,Maple Woods Enclave,B-268,Rajesh Singh,Underground tank needs urgent cleaning.,Water Supply,High,Assigned,Ritu Nair
CMP61356,Banyan Tree Residences,B-1283,Ritu Gupta,Plastic waste burning in society - health hazard.,Waste Management,Critical,In Progress,Ritu Nair
CMP89578,Eco-Village CHS,C-1761,Meera Bose,Heavy furniture being dragged at odd hours.,Noise,Critical,Resolved,Ashok Reddy
CMP20500,Grandeur Park Residences,A-2154,Rohit Sinha,Water supply timing irregular - unpredictable.,Water Supply,Low,Resolved,Mahesh Das
CMP49506,Silver Oaks Apartment Owners Association,D-2026,Shweta Bose,Bad smell from garbage collection area.,Waste Management,High,Open,Mahesh Das
CMP19485,Silver Springs,B-1438,Manoj Nair,Garden gate lock broken.,Garden,High,Assigned,Kavita Sinha
CMP57407,Victoria Apartments,B-2224,Neha Menon,Lift door sensor faulty - closes too fast.,Lift,High,Assigned,Varun Kulkarni
CMP54708,Whispering Willows CHS,D-1504,Komal Bose,Plastic waste burning in society - health hazard.,Waste Management,High,Open,Deepika Gupta
CMP54734,Vasant Vihar Apartments,D-1459,Anjali Mehta,Fruit flies in kitchen - very unhygienic.,Pest Control,High,Open,Kiran Menon
CMP65687,Golden Heights,D-2102,Sneha Menon,Unknown person loitering in basement parking.,Security,Critical,Resolved,Swati Reddy
CMP38111,Royal Enclave CHS,D-1219,Ravi Agarwal,Clubhouse closed without prior notice.,Clubhouse,Low,Open,Ashok Reddy
CMP89826,Lotus Boulevard,B-1753,Preeti Nair,Olakhit vyakti basement madhe phirat hoti,Security,High,Assigned,Manisha Das
CMP83513,Sunset Point Apartments,A-962,Shruti Joshi,Security guard duty pe nahi hai,Security,Critical,Resolved,Mahesh Singh
CMP20790,Crystal Heights,B-263,Preeti Chopra,Emergency exit door jammed and locked.,Common Area,High,In Progress,Abhishek Sharma
CMP22295,Whispering Willows CHS,B-2316,Anjali Menon,Lift number 2 has stopped working.,Lift,High,Assigned,Ravi Agarwal
CMP17232,Hillview Cooperative Housing Society,B-2166,Vikram Mehta,CCTV camera kaam karat nahi,Security,High,In Progress,Rajesh Sinha
CMP51884,Maple Woods Enclave,A-1711,Ravi Shah,Doorbell not functioning.,Electrical,High,Open,Amit Iyer
CMP75686,Vasant Vihar Apartments,D-1868,Rajesh Nair,Water supply timing irregular - unpredictable.,Water Supply,Medium,Assigned,Ravi Patel
CMP72231,Silver Oaks Apartment Owners Association,A-644,Rajesh Nair,Very low water pressure on higher floors.,Water Supply,Medium,Resolved,Madhuri Kulkarni
CMP35636,Paradise Heights,D-2207,Kiran Singh,Bore well pump not working.,Water Supply,Medium,Open,Mahesh Singh
CMP82412,Harmony Heights,A-679,Meera Iyer,Clubhouse AC not working properly.,Clubhouse,Critical,Open,Jyoti Desai
CMP15686,Maple Woods Enclave,C-1176,Sanjay Kumar,Termites eating wooden furniture.,Pest Control,Medium,Resolved,Manisha Das
CMP66677,Desert Rose Apartments,C-108,Anjali Pillai,Ants everywhere in kitchen despite cleaning.,Pest Control,Critical,Assigned,Ravi Reddy
CMP96238,Sunrise Enclave,B-1398,Shweta Sharma,Water pipe burst in basement.,Water Supply,Medium,Assigned,Abhishek Sharma
CMP27555,Palm Grove Residences,D-1489,Kiran Iyer,No water supply since morning in our flat.,Water Supply,Low,Resolved,Varun Kulkarni
CMP48232,Golden Gate Apartments,D-2320,Pooja Bose,Service lift out of order since morning.,Lift,Critical,Resolved,Madhuri Kulkarni
CMP21492,Golden Gate Apartments,C-610,Pooja Rao,Lift mein bahut awaaz aa rahi hai,Lift,Low,In Progress,Dinesh Kapoor
CMP18018,Skyline Residency,D-2497,Nitin Menon,Unauthorized persons using clubhouse facilities.,Clubhouse,Medium,Assigned,Ashok Reddy
CMP99543,Sapphire Heights Cooperative Housing Society,C-2356,Pooja Singh,There is water leakage below the kitchen sink.,Plumbing,Low,In Progress,Manisha Das
CMP31241,Maple Woods Enclave,A-970,Abhishek Desai,AC point not providing power.,Electrical,High,Resolved,Madhuri Das
CMP23272,Shanti Vihar Apartments,D-643,Jyoti Bose,Bad smell from garbage collection area.,Waste Management,Low,Assigned,Jyoti Patel
CMP64280,Paradise Heights,D-968,Sachin Nair,Children's play area swings broken.,Garden,High,Resolved,Rupali Desai
CMP69660,The Imperial Towers,C-2001,Ritu Sharma,Lawn grass overgrown - needs cutting.,Garden,Medium,Resolved,Rupali Desai
CMP94103,Lotus Boulevard,D-1214,Ravi Das,Gym equipment broken and unsafe to use.,Clubhouse,Critical,Open,Sachin Joshi
CMP44687,Sunrise Enclave,A-1099,Jyoti Verma,A vehicle is blocking my parking slot.,Parking,Low,Assigned,Swati Reddy
CMP51337,The Pinnacle CHS,B-2113,Priya Das,Spider webs all over balcony.,Pest Control,High,Resolved,Manisha Das
CMP96939,Whispering Willows CHS,A-1208,Sneha Rao,Water pressure very low in kitchen.,Plumbing,Critical,Open,Manisha Das
CMP72560,Ruby Residency,A-240,Vikas Nair,Garden bench damaged and needs repair.,Garden,Critical,Assigned,Ravi Agarwal
CMP53923,Zenith Towers,C-777,Abhishek Kumar,CCTV camera kaam nahi kar raha,Security,High,Assigned,Shruti Singh
CMP12903,Emerald Bay CHS,D-1132,Deepika Verma,Gate access card not working.,Security,Medium,Open,Jyoti Patel
CMP26078,Diamond Plaza,A-2247,Jyoti Sinha,Staircase railing loose - can cause accident.,Common Area,Low,Open,Ravi Das
CMP85629,Eco-Village CHS,D-481,Rohit Gupta,Kitchen sink drain clogged completely.,Plumbing,Medium,Open,Ritu Malhotra
CMP47741,Sapphire Heights Cooperative Housing Society,B-2247,Vikram Shah,Majhya parking madhe dusryachi gaadi ubhi ahe,Parking,Medium,Open,Shruti Singh
CMP40188,Emerald Bay CHS,C-101,Saurabh Kapoor,Pankha awaaz karto,Electrical,Low,In Progress,Rajesh Sinha
CMP28045,Golden Heights,B-1589,Sunita Rao,Lift cabin smelling bad - needs cleaning.,Housekeeping,Low,Resolved,Amit Desai
CMP47252,Serene Waters Society,A-1451,Meera Das,AC point not providing power.,Electrical,High,In Progress,Amit Desai
CMP79591,Royal Enclave CHS,C-304,Pallavi Shah,Olakhit vyakti basement madhe phirat hoti,Security,Medium,In Progress,Mahesh Singh
CMP27391,Golden Heights,C-1023,Deepika Joshi,Clubhouse closed without prior notice.,Clubhouse,Medium,In Progress,Amit Desai
CMP84630,Eco-Village CHS,B-1475,Saurabh Sharma,Bad smell from garbage collection area.,Waste Management,Low,Assigned,Dinesh Kapoor
CMP48638,The Imperial Towers,C-1423,Sneha Bose,Garden bench damaged and needs repair.,Garden,Medium,In Progress,Jyoti Patel
CMP34671,Palm Grove Residences,C-1253,Sandeep Reddy,Pool tiles broken - can cause injury.,Swimming Pool,Critical,Assigned,Swati Reddy
CMP78272,Golden Heights,D-1075,Vikas Reddy,Rat problem in our flat - need urgent pest control.,Pest Control,Critical,Open,Shruti Singh
CMP70809,The Meadows,D-1877,Sunita Malhotra,Cobwebs all over corridor ceiling.,Housekeeping,Medium,In Progress,Ashok Reddy
CMP25289,Sapphire Heights Cooperative Housing Society,A-960,Rajesh Pillai,Party in neighboring flat - very loud till 2 AM.,Noise,Critical,In Progress,Varun Kulkarni
CMP33366,Royal Enclave CHS,A-411,Ajay Nair,Drainage pipe blocked - water overflowing in bathroom.,Plumbing,Critical,In Progress,Amit Desai
CMP16465,Ocean View CHS,B-2455,Sachin Rao,Common area notice board glass broken.,Common Area,Critical,In Progress,Abhishek Sharma
CMP57918,Shanti Vihar Apartments,B-391,Rajesh Desai,Neighbor using my second parking without permission.,Parking,Low,Open,Rajesh Sinha
CMP39763,Crystal Heights,A-1940,Priya Singh,Kitchen ka tap drip kar raha hai continuously,Plumbing,Low,Open,Ashok Reddy
CMP52255,Ocean View CHS,B-2142,Deepika Rao,Lift madhe khup awaaz yetoy,Lift,Medium,Resolved,Kiran Menon
CMP43590,Pearl Residency,D-587,Rohit Pillai,Garden bench damaged and needs repair.,Garden,High,Resolved,Swati Reddy
CMP68105,Vasant Vihar Apartments,B-609,Anil Singh,Gym mirror cracked - dangerous.,Gym,High,Resolved,Amit Desai
CMP30193,Zenith Towers,B-1925,Komal Pillai,Pool water not chlorinated - unhygienic.,Swimming Pool,Medium,Open,Deepika Gupta
CMP38346,Crystal Heights,D-1352,Vikram Verma,Nameplate board outside flat damaged.,Common Area,Medium,Resolved,Deepika Gupta
CMP52629,Ocean View CHS,B-2495,Seema Shah,Ceiling fan making noise and wobbling.,Electrical,High,Assigned,Swati Reddy
CMP72562,Maple Woods Enclave,B-1156,Neha Rao,Water motor making loud noise at night.,Water Supply,High,Open,Mahesh Das
CMP51584,The Imperial Towers,B-1657,Varun Mehta,Depth markings not visible.,Swimming Pool,High,Open,Sachin Joshi
CMP71406,The Pinnacle CHS,D-2110,Anita Kumar,Lift cabin smelling bad - needs cleaning.,Housekeeping,Low,Open,Manisha Das
CMP36586,Emerald Bay CHS,D-2012,Amit Pillai,Pool filtration system not working.,Swimming Pool,Medium,Assigned,Amit Desai
CMP78130,Maple Woods Enclave,C-1939,Sachin Reddy,CCTV camera kaam karat nahi,Security,High,Assigned,Ritu Malhotra
CMP20860,Desert Rose Apartments,D-1862,Nisha Menon,Lawn grass overgrown - needs cutting.,Garden,Low,Assigned,Madhuri Das
CMP39458,Skyline Residency,D-130,Ritu Kumar,Unauthorized vehicle parked in society.,Security,Critical,Resolved,Kavita Sinha
CMP84959,Hillview Cooperative Housing Society,C-1903,Priya Iyer,A vehicle is blocking my parking slot.,Parking,Critical,Assigned,Mahesh Das
CMP25777,Ruby Residency,B-2424,Priya Gupta,Common area wall paint peeling off.,Common Area,Critical,In Progress,Ritu Nair
CMP14835,Hillview Cooperative Housing Society,B-1244,Shweta Das,Garbage chute door broken.,Housekeeping,Critical,Open,Kiran Menon
CMP48565,The Meadows,D-1061,Ritu Kapoor,Unauthorized persons using clubhouse facilities.,Clubhouse,Critical,Open,Amit Desai
CMP99331,Pearl Residency,C-599,Rajesh Das,Common area washroom very dirty.,Housekeeping,Medium,Open,Madhuri Kulkarni
CMP62057,Sapphire Heights Cooperative Housing Society,D-162,Rupali Agarwal,Garbage not collected from our floor today.,Housekeeping,Medium,Assigned,Ritu Malhotra
CMP19009,Zenith Towers,C-588,Sunita Kapoor,Water motor making loud noise at night.,Water Supply,Medium,In Progress,Madhuri Kulkarni
CMP79338,Paradise Heights,C-1769,Abhishek Patel,Very low water pressure on higher floors.,Water Supply,Critical,Resolved,Ravi Reddy
CMP89394,Shanti Vihar Apartments,C-1285,Vikas Gupta,Nameplate board outside flat damaged.,Common Area,High,In Progress,Ravi Reddy
CMP44385,Whispering Willows CHS,D-366,Abhishek Bose,Bedroom madhil socket kaam karat nahi,Electrical,Medium,Assigned,Sachin Joshi
CMP99528,Orchid Petals Society,A-2096,Sandeep Pillai,Theft reported - jewellery stolen from flat.,Security,Low,Open,Jyoti Patel
CMP73205,Hillview Cooperative Housing Society,D-547,Mahesh Shah,Weight machine cable broken.,Gym,Critical,Resolved,Mahesh Singh
CMP85587,Ocean View CHS,A-449,Ravi Das,Lift ka darwaza thik se band nahi hota,Lift,Low,Resolved,Jyoti Patel
CMP79967,The Pinnacle CHS,C-1535,Manoj Kulkarni,Water pipe burst in basement.,Water Supply,Low,Assigned,Mahesh Singh
CMP23143,Shanti Vihar Apartments,B-837,Sachin Rao,Neighbor playing loud music late at night.,Noise,Low,In Progress,Abhishek Sharma
CMP80985,Eco-Village CHS,D-1452,Rajesh Kumar,Lift cha darwaza band hot nahi,Lift,High,Open,Ritu Malhotra
CMP38032,Royal Enclave CHS,D-1508,Manisha Gupta,Gym AC insufficient - too hot inside.,Gym,Medium,Resolved,Ashok Reddy
CMP64233,Pearl Residency,B-929,Neha Pillai,Heavy furniture being dragged at odd hours.,Noise,Low,In Progress,Amit Iyer
CMP49909,Sunrise Enclave,C-1579,Anil Agarwal,Gym timings board removed.,Gym,Medium,Assigned,Amit Iyer
CMP13937,Pearl Residency,B-1764,Seema Menon,Entrance door closer not working.,Common Area,Low,In Progress,Swati Reddy
CMP85032,Royal Enclave CHS,C-1033,Anil Singh,Flush is not working properly - water keeps running.,Plumbing,Critical,Resolved,Nisha Kumar
CMP21608,Blue Horizons CHS,B-1462,Manisha Kulkarni,A vehicle is blocking my parking slot.,Parking,Medium,Assigned,Varun Kulkarni
CMP55142,Ocean View CHS,A-2282,Rohit Sharma,Garden bench damaged and needs repair.,Garden,Low,Open,Ritu Malhotra
CMP58953,Zenith Towers,A-517,Kiran Malhotra,Garden lights not functioning at night.,Garden,Low,In Progress,Kavita Sinha
CMP57251,Silver Springs,B-2042,Ritu Verma,Too many mosquitoes - fogging required.,Pest Control,Medium,Assigned,Ravi Agarwal
CMP88451,Banyan Tree Residences,C-300,Anil Chopra,Water motor making loud noise at night.,Water Supply,Critical,Open,Swati Reddy
CMP99693,Pearl Residency,C-1671,Komal Verma,No separate bin for medical waste.,Waste Management,Low,Resolved,Varun Reddy
CMP76085,Blue Horizons CHS,D-1145,Sandeep Bose,Security guard kuch check hi nahi karta entry pe,Security,Medium,Open,Kavita Sinha
CMP28724,Grandeur Park Residences,A-869,Anita Nair,Water pressure very low in kitchen.,Plumbing,High,In Progress,Ritu Malhotra
CMP10316,Pearl Residency,B-831,Rupali Verma,Main gate boom barrier not functioning.,Security,Critical,Assigned,Varun Kulkarni
CMP11566,Green Meadows CHS Ltd.,C-1798,Varun Sharma,Gate access card not working.,Security,Low,Assigned,Abhishek Sharma
CMP45964,Emerald Bay CHS,A-2440,Manisha Verma,Gym AC insufficient - too hot inside.,Gym,Medium,In Progress,Jyoti Patel
CMP37948,Diamond Plaza,B-1199,Anjali Kulkarni,Bad smell from garbage collection area.,Waste Management,High,In Progress,Amit Desai
CMP20349,The Meadows,A-782,Priya Das,Lift mein bahut awaaz aa rahi hai,Lift,Low,In Progress,Varun Kulkarni
CMP55008,Sapphire Heights Cooperative Housing Society,D-1758,Dinesh Joshi,Bench press bench wobbling - unsafe.,Gym,High,Assigned,Manisha Das
CMP90391,Zenith Towers,C-1678,Sanjay Menon,Cockroaches coming from neighbor's flat.,Pest Control,High,In Progress,Deepika Gupta
CMP99701,Silver Springs,C-1958,Ajay Sinha,Olakhit vyakti basement madhe phirat hoti,Security,Low,In Progress,Abhishek Sharma
CMP91120,Paradise Heights,C-1280,Ajay Sharma,WC seat broken and needs replacement.,Plumbing,Low,In Progress,Abhishek Sharma
CMP77436,Hillview Cooperative Housing Society,C-549,Dinesh Rao,Pool timings not displayed properly.,Swimming Pool,Medium,Open,Shweta Iyer
CMP74539,Shanti Vihar Apartments,C-1247,Priya Iyer,Inverter not charging - keeps beeping.,Electrical,Low,Resolved,Deepika Gupta
CMP64710,The Imperial Towers,D-164,Pallavi Rao,No separate bin for medical waste.,Waste Management,Low,Assigned,Shweta Iyer
CMP87529,Diamond Plaza,C-1580,Ritu Chopra,Spider webs all over balcony.,Pest Control,Medium,Assigned,Kavita Sinha
CMP85952,Lotus Boulevard,D-103,Varun Desai,Common area notice board glass broken.,Common Area,High,In Progress,Ravi Reddy
CMP94664,Emerald Bay CHS,C-1997,Nisha Nair,Water supply timing irregular - unpredictable.,Water Supply,Critical,In Progress,Varun Kulkarni
CMP31755,Emerald Bay CHS,D-1842,Pooja Agarwal,Nameplate board outside flat damaged.,Common Area,High,Open,Jyoti Patel
CMP76280,Platinum Towers,D-2386,Rajesh Patel,Lobby ceiling leakage during rain.,Common Area,High,Open,Kavita Sinha
CMP27429,Sunset Point Apartments,A-1312,Dinesh Kumar,Ants everywhere in kitchen despite cleaning.,Pest Control,Low,In Progress,Varun Kulkarni
CMP88168,Orchid Petals Society,B-1681,Mahesh Das,Very low water pressure on higher floors.,Water Supply,Low,Open,Kavita Sinha
CMP45439,Palm Grove Residences,B-412,Pooja Malhotra,Music practice during afternoon quiet hours.,Noise,Critical,Resolved,Madhuri Kulkarni
CMP41445,Orchid Petals Society,D-728,Komal Das,Common area wall paint peeling off.,Common Area,Low,Resolved,Varun Kulkarni
CMP48009,The Pinnacle CHS,A-2150,Amit Pillai,Gym floor mat torn - slipping hazard.,Gym,Critical,In Progress,Varun Reddy
CMP33086,Emerald Bay CHS,C-930,Meera Rao,Pool water not chlorinated - unhygienic.,Swimming Pool,Medium,Assigned,Shruti Singh
CMP75062,Skyline Residency,B-1518,Priya Singh,Plastic waste burning in society - health hazard.,Waste Management,Medium,Resolved,Rajesh Sinha
CMP41798,The Meadows,D-907,Meera Kapoor,Pigeons nesting on AC outdoor unit.,Pest Control,Medium,Resolved,Abhishek Sharma
CMP81321,Maple Woods Enclave,C-1457,Ritu Joshi,Composting pit emitting foul odor.,Waste Management,Critical,In Progress,Kavita Sinha
CMP46863,Golden Gate Apartments,C-1986,Sandeep Verma,Letter box lock broken - security risk.,Common Area,Low,Resolved,Shweta Iyer
CMP92530,Maple Woods Enclave,C-472,Preeti Chopra,Rat problem in our flat - need urgent pest control.,Pest Control,Medium,Assigned,Kavita Sinha
CMP54507,Serene Waters Society,D-2473,Sachin Kulkarni,Bad smell from garbage collection area.,Waste Management,Critical,Open,Shweta Iyer
CMP81312,Lotus Boulevard,B-2204,Anil Reddy,Bedroom ka socket kaam nahi kar raha,Electrical,High,Assigned,Shweta Iyer
CMP93019,Eco-Village CHS,B-1232,Priya Das,Lift kharab ho gayi hai,Lift,Low,Resolved,Varun Reddy
CMP90396,Hillview Cooperative Housing Society,C-2132,Anjali Kumar,Lift mein bahut awaaz aa rahi hai,Lift,Low,Assigned,Dinesh Kapoor
CMP29438,Ocean View CHS,C-648,Ravi Chopra,Gym AC insufficient - too hot inside.,Gym,Low,Open,Ravi Reddy
CMP86494,Vasant Vihar Apartments,D-1702,Jyoti Patel,Plants dying due to lack of maintenance.,Garden,High,Resolved,Amit Desai
CMP99450,Crystal Heights,C-1056,Swati Kapoor,Staircase railing loose - can cause accident.,Common Area,Low,Assigned,Amit Iyer
CMP75285,Whispering Willows CHS,C-376,Rakesh Sinha,Lift cabin smelling bad - needs cleaning.,Housekeeping,Low,In Progress,Deepika Gupta
CMP84370,Sunrise Enclave,A-1740,Sandeep Desai,Olakhit vyakti basement madhe phirat hoti,Security,Low,Resolved,Varun Kulkarni
CMP78822,Orchid Petals Society,A-1933,Ravi Kulkarni,Bad smell from garbage collection area.,Waste Management,Medium,Resolved,Ravi Patel
CMP92932,Lotus Boulevard,C-1164,Vikram Verma,Spider webs all over balcony.,Pest Control,Low,Assigned,Dinesh Kapoor
CMP86448,Shanti Vihar Apartments,A-1088,Rohit Shah,Kitchen madhe sink khali pani ghalat ahe,Plumbing,Low,In Progress,Mahesh Singh
CMP51777,Diamond Plaza,D-2344,Ramesh Patel,Pool filtration system not working.,Swimming Pool,Medium,Resolved,Ritu Nair
CMP14867,Vasant Vihar Apartments,A-594,Saurabh Nair,Party in neighboring flat - very loud till 2 AM.,Noise,Low,Open,Kiran Menon
CMP32906,Eco-Village CHS,B-1215,Nitin Pillai,CCTV camera kaam nahi kar raha,Security,Low,Open,Abhishek Sharma
CMP64129,Shanti Vihar Apartments,A-483,Rohit Nair,Bathroom exhaust fan making noise and not working.,Plumbing,Low,Open,Sachin Joshi
CMP52688,Royal Enclave CHS,C-1883,Mahesh Bose,Pool ladder rusted and unsafe.,Swimming Pool,High,In Progress,Ashok Reddy
CMP57427,Sapphire Heights Cooperative Housing Society,D-1048,Deepika Nair,Dog waste not cleaned from garden regularly.,Garden,Medium,In Progress,Madhuri Das
CMP50007,Zenith Towers,B-2101,Vikas Chopra,Pool timings not displayed properly.,Swimming Pool,Medium,Open,Swati Reddy
CMP47775,Orchid Petals Society,B-2166,Kiran Kulkarni,Cockroaches coming from neighbor's flat.,Pest Control,Critical,Resolved,Amit Iyer
CMP89781,Blue Horizons CHS,C-1756,Sandeep Shah,Gym timings board removed.,Gym,Medium,Resolved,Ravi Das
CMP52000,The Pinnacle CHS,A-2292,Rohit Reddy,Table tennis rackets and balls missing.,Clubhouse,High,In Progress,Manisha Das
CMP82553,Crystal Heights,C-882,Vikram Chopra,Garden lights not functioning at night.,Garden,High,In Progress,Rupali Desai
CMP56358,Eco-Village CHS,A-884,Sunita Kulkarni,Bathroom tap is dripping continuously - water wastage.,Plumbing,High,Resolved,Amit Desai
CMP17442,Sapphire Heights Cooperative Housing Society,A-542,Amit Nair,Shower area not functioning.,Swimming Pool,Medium,Assigned,Abhishek Sharma
CMP83815,The Pinnacle CHS,B-2074,Ravi Iyer,Bore well pump not working.,Water Supply,Low,Assigned,Jyoti Patel
CMP23815,Paradise Heights,D-2280,Manisha Patel,Very low water pressure on higher floors.,Water Supply,Low,Assigned,Kavita Sinha
CMP47884,Diamond Plaza,B-820,Madhuri Malhotra,Very low water pressure on higher floors.,Water Supply,Critical,Open,Ritu Nair
CMP23081,Serene Waters Society,C-239,Manoj Bose,Water pressure very low in kitchen.,Plumbing,Low,Open,Madhuri Kulkarni
CMP46327,Silver Springs,B-1611,Kavita Patel,Lobby floor tiles need mopping urgently.,Housekeeping,Critical,Assigned,Shweta Iyer
CMP26261,Shanti Vihar Apartments,A-1031,Madhuri Das,Water pipe burst in basement.,Water Supply,Low,Open,Mahesh Singh
CMP78409,Sunrise Enclave,A-1529,Pooja Patel,Ants everywhere in kitchen despite cleaning.,Pest Control,Critical,Resolved,Amit Desai
CMP47983,Orchid Petals Society,D-2224,Dinesh Joshi,Lift number 2 has stopped working.,Lift,Medium,In Progress,Nisha Kumar
CMP56636,Silver Oaks Apartment Owners Association,A-1261,Kiran Reddy,Emergency alarm button inside lift not working.,Lift,Medium,Resolved,Varun Kulkarni
CMP17176,Hillview Cooperative Housing Society,A-804,Nitin Mehta,Dog waste not cleaned from garden regularly.,Garden,Critical,Assigned,Shruti Singh
CMP97891,Eco-Village CHS,C-1946,Abhishek Singh,Staircase railing loose - can cause accident.,Common Area,Critical,Open,Manisha Das
CMP10986,Victoria Apartments,B-1823,Priya Agarwal,Water pipe burst in basement.,Water Supply,Critical,Resolved,Ravi Reddy
CMP51661,Crystal Heights,C-1119,Suresh Bose,Lift kharab ho gayi hai,Lift,Medium,Resolved,Swati Reddy
CMP46177,Zenith Towers,B-1642,Mahesh Agarwal,Lizards entering flat from outside.,Pest Control,Medium,Open,Nisha Kumar
CMP52786,Lotus Boulevard,A-2034,Sachin Das,Security guard duty pe nahi hai,Security,Low,Open,Varun Kulkarni
CMP52814,Diamond Plaza,C-937,Sachin Sinha,Generator running continuously making too much noise.,Noise,High,Open,Ravi Das
CMP49712,Grandeur Park Residences,C-1336,Deepika Reddy,Mere parking mein koi aur gaadi khadi hai,Parking,Medium,In Progress,Ritu Malhotra
CMP87089,Spring Gardens CHS,C-1081,Anita Joshi,Garden sprinklers not working properly.,Garden,High,Resolved,Sachin Joshi
CMP33828,The Meadows,A-2448,Sandeep Sinha,Letter box lock broken - security risk.,Common Area,Critical,Assigned,Manisha Das
CMP88586,Ruby Residency,A-173,Anjali Chopra,Dumbbell weights missing - incomplete set.,Gym,High,Resolved,Madhuri Das
CMP36142,Ocean View CHS,D-2013,Ravi Menon,Security guard kuch check hi nahi karta entry pe,Security,Medium,In Progress,Shweta Iyer
CMP76758,Paradise Heights,D-183,Saurabh Kapoor,Entrance door closer not working.,Common Area,Medium,Open,Ashok Reddy
CMP12130,Pearl Residency,B-403,Kiran Desai,Security guard duty pe nahi hai,Security,Medium,Assigned,Mahesh Das
CMP13504,Silver Springs,B-1225,Sneha Sharma,Water pipe burst in basement.,Water Supply,Low,In Progress,Rupali Desai
CMP94883,Desert Rose Apartments,D-442,Anil Mehta,Fruit flies in kitchen - very unhygienic.,Pest Control,Low,Resolved,Shruti Singh
CMP64456,Desert Rose Apartments,D-292,Sunita Chopra,Music practice during afternoon quiet hours.,Noise,Low,Assigned,Amit Iyer
CMP74839,Sunrise Enclave,C-1378,Pooja Shah,Overhead tank overflow causing seepage.,Water Supply,Medium,Resolved,Madhuri Kulkarni
CMP96971,Ocean View CHS,D-152,Meera Kapoor,Garbage collection timing too early.,Waste Management,Medium,Open,Madhuri Kulkarni
CMP98575,Orchid Petals Society,D-888,Ritu Patel,Children running and jumping in flat above ours.,Noise,Critical,Assigned,Nisha Kumar
CMP37449,Orchid Petals Society,A-202,Shweta Kulkarni,Composting pit emitting foul odor.,Waste Management,Low,Assigned,Kavita Sinha
CMP30530,The Imperial Towers,A-2291,Sneha Rao,Pool timings not displayed properly.,Swimming Pool,Low,Resolved,Amit Desai
CMP74119,Palm Grove Residences,B-1915,Sandeep Iyer,Water supply timing irregular - unpredictable.,Water Supply,High,Assigned,Amit Iyer
CMP94382,Orchid Petals Society,D-1153,Nitin Sharma,Gym timings board removed.,Gym,Critical,Open,Madhuri Das
CMP57731,Silver Oaks Apartment Owners Association,C-1467,Meera Agarwal,CCTV camera in our floor not working.,Security,Low,Assigned,Sachin Joshi
CMP97336,Ocean View CHS,B-2009,Rajesh Singh,Cobwebs all over corridor ceiling.,Housekeeping,High,Open,Dinesh Kapoor
CMP55414,Green Meadows CHS Ltd.,D-450,Shweta Singh,Gate access card not working.,Security,Critical,Assigned,Shweta Iyer
CMP91251,Diamond Plaza,C-2386,Ritu Verma,Letter box lock broken - security risk.,Common Area,Low,In Progress,Sachin Joshi
CMP23964,The Imperial Towers,A-1098,Vikram Agarwal,Mere parking mein koi aur gaadi khadi hai,Parking,Critical,In Progress,Nisha Kumar
CMP70256,Golden Gate Apartments,A-260,Saurabh Singh,Garbage collection timing too early.,Waste Management,Low,Open,Amit Iyer
CMP12426,Ruby Residency,A-2489,Dinesh Patel,Society water bill very high - possible leakage.,Water Supply,Low,Resolved,Jyoti Patel
CMP83161,Grandeur Park Residences,D-1810,Pankaj Pillai,Construction noise from upstairs flat during quiet hours.,Noise,High,Assigned,Rupali Desai
CMP16397,Harmony Heights,A-1999,Pooja Sinha,Fruit flies in kitchen - very unhygienic.,Pest Control,High,In Progress,Jyoti Patel
CMP90792,Palm Grove Residences,C-2263,Anjali Bose,Swimming pool water very dirty - not cleaned.,Clubhouse,Critical,In Progress,Rupali Desai
CMP91684,Zenith Towers,B-1804,Suresh Verma,Termites eating wooden furniture.,Pest Control,Medium,In Progress,Nisha Kumar
CMP61017,Hillview Cooperative Housing Society,A-872,Sunita Malhotra,Someone has parked in my allotted space.,Parking,Critical,In Progress,Swati Reddy
CMP60835,Silver Springs,C-1819,Jyoti Pillai,Common area notice board glass broken.,Common Area,High,Open,Ravi Patel
CMP42657,Spring Gardens CHS,C-950,Suresh Patel,Gym equipment broken and unsafe to use.,Clubhouse,Low,Open,Kavita Sinha
CMP30133,Orchid Petals Society,B-1371,Nisha Iyer,Lift stuck between floors - very dangerous.,Lift,Medium,Open,Kiran Menon
CMP87189,Orchid Petals Society,C-373,Sunita Bose,Kitchen madhe sink khali pani ghalat ahe,Plumbing,Low,Open,Nisha Kumar
CMP79480,Silver Springs,D-1823,Rakesh Shah,Pool changing room locks broken.,Swimming Pool,Low,Assigned,Nisha Kumar
CMP88339,Hillview Cooperative Housing Society,A-328,Sunita Kapoor,Theft reported - jewellery stolen from flat.,Security,Critical,Resolved,Madhuri Kulkarni
CMP76705,Desert Rose Apartments,C-1614,Manisha Sharma,Clubhouse booking system not functioning.,Clubhouse,Critical,Resolved,Shruti Singh
CMP81135,Lotus Boulevard,A-420,Nitin Reddy,Lobby ceiling leakage during rain.,Common Area,Critical,In Progress,Ravi Agarwal
CMP79872,Pearl Residency,C-958,Kavita Shah,Lawn grass overgrown - needs cutting.,Garden,Medium,In Progress,Swati Reddy
CMP93528,Spring Gardens CHS,B-2390,Ajay Das,Kitchen sink drain clogged completely.,Plumbing,Critical,In Progress,Kiran Menon
CMP68104,Silver Springs,C-1303,Komal Pillai,Pool filtration system not working.,Swimming Pool,Critical,Assigned,Varun Reddy
CMP88473,Skyline Residency,D-2487,Mahesh Kapoor,Very low water pressure on higher floors.,Water Supply,High,Assigned,Manisha Das
CMP14572,Green Meadows CHS Ltd.,D-2167,Abhishek Nair,Lift number 2 has stopped working.,Lift,Medium,Resolved,Jyoti Patel
CMP51781,Cedar Crest Society,A-772,Madhuri Patel,Garbage chute door broken.,Housekeeping,Low,Open,Ravi Patel
CMP82231,Spring Gardens CHS,B-1873,Vikas Sinha,Composting pit emitting foul odor.,Waste Management,High,Open,Jyoti Patel
CMP87568,Banyan Tree Residences,A-1247,Kavita Malhotra,Bench press bench wobbling - unsafe.,Gym,Low,Open,Amit Iyer
CMP83521,Shanti Vihar Apartments,D-362,Pallavi Pillai,Pigeons nesting on AC outdoor unit.,Pest Control,High,Open,Jyoti Patel
CMP58456,Blue Horizons CHS,A-1085,Sneha Iyer,Lift making strange grinding noise.,Lift,Critical,Assigned,Jyoti Desai
CMP65015,Ruby Residency,C-944,Suresh Kulkarni,Lift mein bahut awaaz aa rahi hai,Lift,Low,Open,Rupali Desai
CMP91030,Golden Heights,B-2459,Preeti Iyer,Flush kharab jhala ahe,Plumbing,High,Resolved,Abhishek Sharma
CMP72975,Victoria Apartments,B-738,Sunita Sinha,Lift cabin smelling bad - needs cleaning.,Housekeeping,Critical,Resolved,Varun Kulkarni
CMP37814,Royal Enclave CHS,C-1751,Vikas Kapoor,Security guard sleeping on duty at night.,Security,Critical,In Progress,Ravi Das
CMP20535,The Imperial Towers,C-2036,Nitin Singh,Water coming muddy and dirty.,Water Supply,Critical,Open,Mahesh Singh
CMP82468,Pearl Residency,B-1012,Madhuri Agarwal,Party in neighboring flat - very loud till 2 AM.,Noise,Low,Assigned,Ravi Das
CMP10089,Skyline Residency,C-1608,Sachin Joshi,Yoga room floor mat torn and unhygienic.,Clubhouse,High,In Progress,Ritu Malhotra
CMP33914,Eco-Village CHS,C-641,Seema Chopra,Hot water geyser not functioning.,Plumbing,Critical,Assigned,Mahesh Singh
CMP94175,Eco-Village CHS,D-548,Sachin Chopra,Bore well pump not working.,Water Supply,High,In Progress,Manisha Das
CMP78402,Spring Gardens CHS,A-1609,Sanjay Kumar,Housekeeping staff coming late daily.,Housekeeping,Critical,Open,Ritu Malhotra
CMP80951,Paradise Heights,C-2061,Varun Singh,Yaar light nahi aa rahi room mein,Electrical,Low,Assigned,Shweta Iyer
CMP49265,Golden Heights,B-2386,Sunita Rao,Lizards entering flat from outside.,Pest Control,High,Open,Ravi Das
CMP39029,Vasant Vihar Apartments,D-888,Ajay Bose,Overhead tank overflow causing seepage.,Water Supply,Critical,In Progress,Ravi Agarwal
CMP64369,Emerald Bay CHS,B-395,Shweta Chopra,Lift making strange grinding noise.,Lift,Medium,Open,Ravi Patel
CMP91196,Lotus Boulevard,A-192,Ajay Sharma,Intercom system not connecting to gate.,Security,Critical,Assigned,Deepika Gupta
CMP57980,Cedar Crest Society,C-2259,Vikas Chopra,Residents not segregating wet and dry waste.,Waste Management,Low,Open,Ritu Malhotra
CMP92990,Diamond Plaza,D-1470,Komal Gupta,Drainage pipe blocked - water overflowing in bathroom.,Plumbing,High,Resolved,Kavita Sinha
CMP19305,Maple Woods Enclave,C-1896,Vikas Patel,Gym mirror cracked - dangerous.,Gym,Critical,In Progress,Madhuri Das
CMP88963,Serene Waters Society,C-1623,Swati Rao,Emergency alarm button inside lift not working.,Lift,Critical,Assigned,Rajesh Sinha
CMP27882,Orchid Petals Society,A-2110,Amit Verma,Lift ka darwaza thik se band nahi hota,Lift,High,In Progress,Madhuri Kulkarni
CMP17647,Sunset Point Apartments,C-2372,Meera Rao,Emergency exit door jammed and locked.,Common Area,High,In Progress,Nisha Kumar
CMP79867,Vasant Vihar Apartments,C-2028,Sachin Menon,Lift stuck between floors - very dangerous.,Lift,Low,In Progress,Jyoti Patel
CMP50027,Silver Springs,A-1366,Anil Desai,Residents not segregating wet and dry waste.,Waste Management,Medium,Open,Ritu Malhotra
CMP76068,Palm Grove Residences,A-1704,Manoj Reddy,Garden sprinklers not working properly.,Garden,Low,In Progress,Deepika Gupta
CMP64992,Sunset Point Apartments,A-1395,Ashok Iyer,Inverter not charging - keeps beeping.,Electrical,Critical,Resolved,Kiran Menon
CMP35219,Diamond Plaza,B-2235,Seema Sinha,Very low water pressure on higher floors.,Water Supply,High,Assigned,Ravi Reddy
CMP13864,Emerald Bay CHS,B-1091,Anil Patel,Sweeper not doing job properly.,Housekeeping,Low,Assigned,Shweta Iyer
CMP20749,Shanti Vihar Apartments,A-1847,Madhuri Desai,Nameplate board outside flat damaged.,Common Area,High,In Progress,Ritu Malhotra
CMP41041,Silver Oaks Apartment Owners Association,D-2027,Abhishek Patel,Children's play area swings broken.,Garden,Low,Resolved,Ravi Das
CMP81482,Platinum Towers,C-895,Amit Sharma,Security not checking delivery personnel properly.,Security,Medium,Assigned,Jyoti Patel
CMP83488,Grandeur Park Residences,B-1185,Pooja Kapoor,Parking area madhe paani jamla ahe,Parking,Critical,In Progress,Mahesh Singh
CMP71092,Platinum Towers,D-1624,Nisha Patel,Corridor light not working - very dark.,Common Area,Critical,Assigned,Varun Reddy
CMP15140,Ruby Residency,A-150,Rajesh Bose,No separate bin for medical waste.,Waste Management,Low,Assigned,Manisha Das
CMP76675,Ruby Residency,C-1963,Nisha Kumar,Clubhouse booking system not functioning.,Clubhouse,High,Assigned,Sachin Joshi
CMP38665,Banyan Tree Residences,C-1627,Jyoti Nair,E-waste collection bin overflowing.,Waste Management,High,Resolved,Mahesh Das
CMP23010,Orchid Petals Society,C-2078,Komal Singh,Plants dying due to lack of maintenance.,Garden,Medium,Assigned,Ritu Nair
CMP88765,Blue Horizons CHS,C-1090,Ramesh Sharma,Garbage collection timing too early.,Waste Management,Medium,Open,Ravi Reddy
CMP91983,Pearl Residency,A-1175,Abhishek Malhotra,Composting pit emitting foul odor.,Waste Management,Medium,Resolved,Ravi Reddy
CMP95564,Victoria Apartments,B-471,Suresh Chopra,Common area notice board glass broken.,Common Area,High,Assigned,Kiran Menon
CMP51172,Zenith Towers,B-2169,Rupali Desai,Emergency exit door jammed and locked.,Common Area,Low,Resolved,Ravi Agarwal
CMP66400,Banyan Tree Residences,D-1733,Suresh Menon,Service lift out of order since morning.,Lift,Critical,In Progress,Ravi Agarwal
CMP72171,Sunset Point Apartments,B-1417,Saurabh Nair,Pool timings not displayed properly.,Swimming Pool,Critical,In Progress,Jyoti Patel
CMP91992,Maple Woods Enclave,A-151,Saurabh Das,Garbage not collected from our floor today.,Housekeeping,Low,Open,Jyoti Patel
CMP95110,Lotus Boulevard,B-640,Ritu Shah,E-waste collection bin overflowing.,Waste Management,High,In Progress,Sachin Joshi
CMP43301,Emerald Bay CHS,A-890,Ritu Patel,Swimming pool water very dirty - not cleaned.,Clubhouse,Medium,Assigned,Rajesh Sinha
CMP81962,Victoria Apartments,A-2148,Rupali Shah,Pool filtration system not working.,Swimming Pool,High,Resolved,Shweta Iyer
CMP18701,Golden Gate Apartments,C-1296,Varun Patel,Depth markings not visible.,Swimming Pool,Medium,Assigned,Shruti Singh
CMP32746,Whispering Willows CHS,A-535,Kavita Rao,Light jal nahi rahi,Electrical,Medium,Open,Ravi Reddy
CMP89696,Hillview Cooperative Housing Society,D-418,Anjali Bose,Lift door not closing properly - safety issue.,Lift,Medium,Resolved,Madhuri Kulkarni
CMP82842,Zenith Towers,C-478,Ashok Kumar,Overhead tank overflow causing seepage.,Water Supply,Low,In Progress,Rupali Desai
CMP86343,Whispering Willows CHS,A-1028,Manoj Kulkarni,Dogs barking loudly throughout night.,Noise,Critical,Open,Ravi Agarwal
CMP52439,Vasant Vihar Apartments,C-2459,Kavita Sinha,Corridor light not working - very dark.,Common Area,Low,Resolved,Dinesh Kapoor
CMP25112,Spring Gardens CHS,D-1352,Sandeep Menon,Doorbell not functioning.,Electrical,Low,Open,Mahesh Das
CMP25723,Orchid Petals Society,D-1961,Ritu Sinha,Lawn grass overgrown - needs cutting.,Garden,Critical,Open,Sachin Joshi
CMP54267,The Imperial Towers,C-655,Madhuri Desai,Mere parking mein koi aur gaadi khadi hai,Parking,Critical,Assigned,Amit Desai
CMP37749,Orchid Petals Society,B-1239,Amit Sharma,Gym floor mat torn - slipping hazard.,Gym,Critical,Assigned,Madhuri Das
CMP46000,Blue Horizons CHS,D-1936,Kiran Sinha,Corridor light not working - very dark.,Common Area,Medium,Open,Ravi Agarwal
CMP97556,Maple Woods Enclave,C-2067,Rajesh Menon,Cockroaches coming from neighbor's flat.,Pest Control,Medium,Resolved,Jyoti Desai
CMP89454,Serene Waters Society,D-1977,Vikas Kapoor,Depth markings not visible.,Swimming Pool,Critical,In Progress,Kavita Sinha
CMP93383,Cedar Crest Society,B-2119,Abhishek Agarwal,Vehicle horn being used unnecessarily in society.,Noise,Critical,Assigned,Ashok Reddy
CMP99091,Diamond Plaza,C-1593,Kavita Desai,CCTV toh kaam hi nahi karta,Security,Critical,In Progress,Ravi Patel
CMP13505,Sunrise Enclave,C-1180,Suresh Singh,Cockroaches coming from neighbor's flat.,Pest Control,Medium,In Progress,Rupali Desai
CMP62033,Maple Woods Enclave,C-630,Amit Sharma,Bathroom exhaust fan making noise and not working.,Plumbing,High,Open,Rajesh Sinha
CMP53513,Silver Springs,D-602,Swati Desai,Bore well pump not working.,Water Supply,Medium,In Progress,Abhishek Sharma
CMP40095,Palm Grove Residences,B-1293,Seema Shah,Gym door lock jammed.,Gym,Critical,Open,Shruti Singh
CMP75366,Lotus Boulevard,B-340,Deepika Kumar,Lift cabin smelling bad - needs cleaning.,Housekeeping,Low,Resolved,Ravi Das
CMP19231,Diamond Plaza,D-300,Vikram Kumar,Loud arguments and shouting from neighbor's flat.,Noise,Critical,In Progress,Kiran Menon
CMP93337,Blue Horizons CHS,D-1237,Anjali Chopra,Ants everywhere in kitchen despite cleaning.,Pest Control,Low,Assigned,Mahesh Singh
CMP20262,Maple Woods Enclave,D-670,Mahesh Chopra,Overgrown bushes blocking walkway.,Garden,Critical,In Progress,Abhishek Sharma
CMP25441,Banyan Tree Residences,B-742,Kiran Agarwal,Flush is not working properly - water keeps running.,Plumbing,Critical,In Progress,Madhuri Das
CMP12615,Blue Horizons CHS,D-1359,Kavita Pillai,Cockroaches coming from neighbor's flat.,Pest Control,High,In Progress,Mahesh Das
CMP92717,Emerald Bay CHS,D-2374,Meera Desai,Ceiling fan making noise and wobbling.,Electrical,Medium,Resolved,Madhuri Das
CMP23567,Paradise Heights,D-1489,Ritu Patel,Emergency alarm button inside lift not working.,Lift,Low,Open,Abhishek Sharma
CMP31225,Sunrise Enclave,D-1220,Nisha Malhotra,E-waste collection bin overflowing.,Waste Management,Medium,Assigned,Nisha Kumar
CMP28852,Cedar Crest Society,C-2472,Anita Iyer,Cockroaches coming from neighbor's flat.,Pest Control,Medium,Resolved,Ashok Reddy
CMP15551,Sunrise Enclave,A-1029,Sunita Das,Lobby floor tiles need mopping urgently.,Housekeeping,Critical,In Progress,Amit Iyer
CMP77238,Diamond Plaza,B-158,Rajesh Gupta,Music practice during afternoon quiet hours.,Noise,Low,Resolved,Rupali Desai
CMP88112,Green Meadows CHS Ltd.,D-1268,Vikas Sharma,Clubhouse lights not working in evening.,Clubhouse,Critical,In Progress,Madhuri Das
CMP75939,Diamond Plaza,A-1422,Shruti Reddy,Neighbor playing loud music late at night.,Noise,Low,Open,Sachin Joshi
CMP36598,The Pinnacle CHS,A-916,Sneha Gupta,Kitchen ke sink ke neeche paani leak ho raha hai,Plumbing,Medium,Resolved,Shruti Singh
CMP59229,Serene Waters Society,A-1655,Shruti Das,Dumbbell weights missing - incomplete set.,Gym,High,Open,Jyoti Patel
CMP69438,Grandeur Park Residences,B-1940,Swati Menon,Lift mein bahut awaaz aa rahi hai,Lift,Medium,Open,Ravi Patel
CMP64431,Golden Gate Apartments,C-2263,Saurabh Bose,Theft reported - jewellery stolen from flat.,Security,High,Resolved,Ravi Das
CMP75336,Blue Horizons CHS,D-1132,Kiran Sharma,Shower area not functioning.,Swimming Pool,High,Resolved,Varun Kulkarni
CMP77653,Victoria Apartments,A-945,Mahesh Shah,Lift number 2 has stopped working.,Lift,Critical,In Progress,Ravi Agarwal
CMP89656,Emerald Bay CHS,B-1944,Ritu Kulkarni,Clubhouse AC not working properly.,Clubhouse,High,Open,Jyoti Patel
CMP38301,The Pinnacle CHS,A-1352,Rupali Chopra,Spider webs all over balcony.,Pest Control,Critical,Assigned,Varun Reddy
CMP47539,The Pinnacle CHS,B-1410,Pooja Desai,Lift number 2 has stopped working.,Lift,Critical,Open,Ashok Reddy
CMP62163,Sunset Point Apartments,A-1217,Jyoti Mehta,Theft reported - jewellery stolen from flat.,Security,High,In Progress,Shruti Singh
CMP91378,Cedar Crest Society,A-1606,Jyoti Mehta,Life guard absent during pool hours.,Swimming Pool,Medium,In Progress,Ravi Agarwal
CMP77652,Platinum Towers,C-940,Deepika Kapoor,Overhead tank overflow causing seepage.,Water Supply,Low,Resolved,Ravi Agarwal
CMP81612,Cedar Crest Society,B-1095,Madhuri Chopra,Security guard kuch check hi nahi karta entry pe,Security,Critical,Resolved,Kavita Sinha
CMP37279,Sapphire Heights Cooperative Housing Society,D-975,Neha Pillai,Unauthorized persons using clubhouse facilities.,Clubhouse,Low,In Progress,Ravi Agarwal
CMP71734,Silver Oaks Apartment Owners Association,C-2474,Anita Kapoor,Waste segregation bins not provided on our floor.,Waste Management,High,Resolved,Deepika Gupta
CMP46445,Golden Gate Apartments,B-1639,Pallavi Desai,Gym mirror cracked - dangerous.,Gym,High,Resolved,Kiran Menon
CMP94461,Golden Heights,B-813,Rupali Bose,Garden lights not functioning at night.,Garden,Low,Resolved,Jyoti Patel
CMP70698,Sunrise Enclave,C-955,Ritu Nair,Rat problem in our flat - need urgent pest control.,Pest Control,Critical,Assigned,Sachin Joshi
CMP30298,The Pinnacle CHS,A-109,Dinesh Gupta,Bathroom exhaust fan making noise and not working.,Plumbing,High,Assigned,Varun Kulkarni
CMP65447,Spring Gardens CHS,D-1184,Rohit Patel,Very low water pressure on higher floors.,Water Supply,Critical,Assigned,Kavita Sinha
CMP78546,Whispering Willows CHS,A-846,Jyoti Menon,CCTV toh kaam hi nahi karta,Security,Medium,Open,Dinesh Kapoor
CMP89938,Victoria Apartments,D-490,Ramesh Reddy,Letter box lock broken - security risk.,Common Area,High,Assigned,Kiran Menon
CMP33746,Desert Rose Apartments,A-1334,Rupali Iyer,CCTV camera kaam nahi kar raha,Security,Low,Open,Ravi Patel
CMP85562,Cedar Crest Society,D-180,Vikram Kumar,Children running and jumping in flat above ours.,Noise,Medium,Open,Shruti Singh
CMP19089,Crystal Heights,C-1922,Pallavi Sinha,Sweeper not doing job properly.,Housekeeping,Low,Open,Mahesh Singh
CMP28816,Paradise Heights,C-2457,Sandeep Reddy,Clubhouse lights not working in evening.,Clubhouse,Medium,Assigned,Madhuri Kulkarni
CMP40270,Sapphire Heights Cooperative Housing Society,A-692,Swati Iyer,Garden bench damaged and needs repair.,Garden,Low,In Progress,Rupali Desai
CMP19806,Ruby Residency,D-744,Ashok Malhotra,Termites eating wooden furniture.,Pest Control,Low,Assigned,Ritu Malhotra
CMP84842,Banyan Tree Residences,C-2209,Mahesh Bose,Clubhouse AC not working properly.,Clubhouse,Critical,Open,Ashok Reddy
CMP90074,Ocean View CHS,C-547,Dinesh Kumar,Gym AC insufficient - too hot inside.,Gym,Low,Assigned,Ravi Patel
CMP10915,Palm Grove Residences,A-317,Rajesh Sinha,Dog waste not cleaned from garden regularly.,Garden,Critical,Resolved,Abhishek Sharma
CMP72199,Whispering Willows CHS,B-1419,Meera Joshi,Clubhouse washroom taps not working.,Clubhouse,Critical,Assigned,Varun Reddy
CMP46670,Desert Rose Apartments,C-753,Rupali Kulkarni,Very low water pressure on higher floors.,Water Supply,Low,In Progress,Varun Kulkarni
CMP72149,Victoria Apartments,D-2241,Vikas Shah,Staircase very dirty - not cleaned for days.,Housekeeping,High,In Progress,Dinesh Kapoor
CMP76268,Serene Waters Society,C-2060,Sandeep Verma,Common area washroom very dirty.,Housekeeping,Medium,Resolved,Kiran Menon
CMP19255,Skyline Residency,B-1250,Vikas Rao,Treadmill not working for past week.,Gym,Low,Resolved,Shweta Iyer
CMP14536,Victoria Apartments,B-2229,Neha Das,Music practice during afternoon quiet hours.,Noise,High,Assigned,Varun Kulkarni
CMP47594,Vasant Vihar Apartments,B-744,Pankaj Menon,Lobby floor tiles need mopping urgently.,Housekeeping,Low,Assigned,Mahesh Singh
CMP88908,Spring Gardens CHS,C-1345,Anita Agarwal,Entrance door closer not working.,Common Area,High,Assigned,Amit Desai
CMP42410,Ruby Residency,D-971,Shruti Kumar,Dog waste not cleaned from garden regularly.,Garden,Critical,Open,Rupali Desai
CMP17544,Banyan Tree Residences,B-1357,Sachin Mehta,Swimming pool water very dirty - not cleaned.,Clubhouse,Medium,Resolved,Rajesh Sinha
CMP91084,Crystal Heights,C-841,Pooja Kulkarni,Car scratched by another vehicle in parking.,Parking,Critical,Resolved,Ravi Patel
CMP77016,Desert Rose Apartments,C-374,Sneha Kapoor,Bulk waste dumped in common area.,Waste Management,Critical,In Progress,Ritu Malhotra
CMP63623,Whispering Willows CHS,A-2370,Vikram Shah,There is water leakage below the kitchen sink.,Plumbing,Low,Open,Madhuri Kulkarni
CMP86835,Banyan Tree Residences,C-1616,Suresh Menon,No water supply since morning in our flat.,Water Supply,Critical,Assigned,Deepika Gupta
CMP10203,Vasant Vihar Apartments,B-1190,Pankaj Singh,Bore well pump not working.,Water Supply,Low,Open,Ritu Malhotra
CMP63016,Sunrise Enclave,A-1774,Nitin Verma,Too many mosquitoes due to stagnant water in garden.,Garden,Medium,Resolved,Shweta Iyer
CMP23741,Crystal Heights,A-425,Ramesh Kumar,AC point not providing power.,Electrical,Medium,Open,Deepika Gupta
CMP76431,Zenith Towers,C-1994,Manisha Malhotra,Cobwebs all over corridor ceiling.,Housekeeping,Low,In Progress,Jyoti Patel
CMP15492,Banyan Tree Residences,B-2020,Deepika Reddy,Fruit flies in kitchen - very unhygienic.,Pest Control,Low,Open,Rupali Desai
CMP22747,Sunrise Enclave,A-1641,Nisha Chopra,Bore well pump not working.,Water Supply,High,Resolved,Mahesh Das
CMP21061,Sunrise Enclave,C-233,Anjali Joshi,Geyser chalu nahi ho raha,Plumbing,Low,Resolved,Ashok Reddy
CMP77866,Serene Waters Society,B-551,Sneha Sharma,Bathroom exhaust fan making noise and not working.,Plumbing,Low,Open,Deepika Gupta
CMP23382,Victoria Apartments,B-1653,Ajay Shah,Clubhouse washroom taps not working.,Clubhouse,Low,Open,Jyoti Desai
CMP81345,Orchid Petals Society,A-403,Ajay Agarwal,Water coming muddy and dirty.,Water Supply,High,Open,Mahesh Das
CMP83949,Whispering Willows CHS,C-2017,Rajesh Pillai,Residents not segregating wet and dry waste.,Waste Management,Critical,In Progress,Mahesh Singh
CMP82417,Spring Gardens CHS,D-1104,Dinesh Das,Leakage from ceiling - upstairs neighbor may have issue.,Plumbing,High,Assigned,Dinesh Kapoor
CMP99491,Banyan Tree Residences,D-2075,Pooja Bose,Depth markings not visible.,Swimming Pool,Medium,Assigned,Dinesh Kapoor
CMP75299,Diamond Plaza,D-1296,Preeti Sinha,Bad smell from garbage collection area.,Waste Management,Critical,Open,Amit Iyer
CMP80570,Golden Gate Apartments,B-645,Suresh Agarwal,Overgrown bushes blocking walkway.,Garden,Critical,Open,Manisha Das
CMP68848,Diamond Plaza,A-993,Kavita Shah,Too many mosquitoes due to stagnant water in garden.,Garden,Medium,Assigned,Ashok Reddy
CMP52094,Sunrise Enclave,A-1836,Varun Verma,Shower area not functioning.,Swimming Pool,Low,In Progress,Abhishek Sharma
CMP60340,Platinum Towers,A-390,Madhuri Verma,Clubhouse closed without prior notice.,Clubhouse,High,Assigned,Ritu Malhotra
CMP87348,The Meadows,B-229,Sachin Kapoor,Two-wheeler parked in car parking area.,Parking,Critical,Assigned,Amit Desai
CMP11550,The Pinnacle CHS,C-2230,Sachin Shah,CCTV camera kaam karat nahi,Security,Low,In Progress,Shruti Singh
CMP26002,The Pinnacle CHS,B-1067,Sneha Kapoor,Dogs barking loudly throughout night.,Noise,Medium,Open,Varun Reddy
CMP70618,Sunset Point Apartments,A-1730,Ajay Menon,Plants dying due to lack of maintenance.,Garden,Critical,Assigned,Shweta Iyer
CMP69560,Ocean View CHS,C-1866,Seema Reddy,Staircase light not working for past 3 days.,Electrical,Low,Assigned,Shruti Singh
CMP48801,Sunset Point Apartments,B-523,Sachin Patel,Light jaldi nahi,Electrical,Low,In Progress,Shruti Singh
CMP77692,Emerald Bay CHS,A-2111,Rakesh Kapoor,Gym exhaust fan not working - suffocating.,Gym,Critical,Resolved,Jyoti Patel
CMP75735,Sunset Point Apartments,B-2000,Suresh Mehta,Life guard absent during pool hours.,Swimming Pool,Medium,In Progress,Mahesh Das
CMP10244,Green Meadows CHS Ltd.,A-784,Shruti Sinha,Power socket in bedroom not working.,Electrical,High,Resolved,Shruti Singh
CMP91505,Cedar Crest Society,D-1863,Amit Sinha,Gym equipment broken and unsafe to use.,Clubhouse,High,In Progress,Ashok Reddy
CMP68494,Victoria Apartments,B-2177,Neha Sinha,Anjan aadmi basement mein ghoom raha tha,Security,Medium,Resolved,Ravi Das
CMP11227,Hillview Cooperative Housing Society,D-1150,Ritu Rao,Overgrown bushes blocking walkway.,Garden,Medium,Resolved,Madhuri Das
CMP30775,Cedar Crest Society,D-2222,Anil Menon,Lift stuck between floors - very dangerous.,Lift,Medium,Assigned,Nisha Kumar
CMP27185,Desert Rose Apartments,C-927,Suresh Joshi,Neighbor using my second parking without permission.,Parking,Critical,In Progress,Rupali Desai
CMP92965,Spring Gardens CHS,C-393,Anil Rao,Unknown person loitering in basement parking.,Security,High,Assigned,Madhuri Das
CMP58862,Grandeur Park Residences,B-332,Rajesh Gupta,Composting pit emitting foul odor.,Waste Management,High,Open,Manisha Das
CMP61536,Pearl Residency,D-1595,Rohit Agarwal,Pigeons nesting on AC outdoor unit.,Pest Control,Medium,Open,Shweta Iyer
CMP54649,Green Meadows CHS Ltd.,C-1906,Sanjay Singh,Bathroom ka tap band nahi ho raha,Plumbing,Medium,Assigned,Mahesh Singh
CMP49997,Spring Gardens CHS,D-1522,Manisha Nair,Water coming muddy and dirty.,Water Supply,Critical,In Progress,Amit Iyer
CMP41558,Palm Grove Residences,D-1774,Mahesh Mehta,Composting pit emitting foul odor.,Waste Management,Low,Open,Shruti Singh
CMP59749,Royal Enclave CHS,D-1717,Ramesh Chopra,Common area notice board glass broken.,Common Area,High,Open,Ritu Malhotra
CMP37293,Hillview Cooperative Housing Society,B-1584,Manisha Chopra,CCTV camera in our floor not working.,Security,Medium,In Progress,Deepika Gupta
CMP25613,Pearl Residency,D-501,Madhuri Shah,Main MCB tripping frequently.,Electrical,Low,In Progress,Amit Desai
CMP56481,Crystal Heights,A-521,Amit Verma,Plants dying due to lack of maintenance.,Garden,High,Assigned,Nisha Kumar
CMP59833,Desert Rose Apartments,D-2047,Preeti Sinha,Sweeper not doing job properly.,Housekeeping,Critical,Resolved,Jyoti Patel
CMP88391,Lotus Boulevard,A-301,Dinesh Malhotra,Clubhouse AC not working properly.,Clubhouse,Medium,Open,Ravi Patel
CMP68535,Shanti Vihar Apartments,D-2302,Anjali Verma,Composting pit emitting foul odor.,Waste Management,Critical,Resolved,Kiran Menon
CMP70840,Desert Rose Apartments,D-894,Neha Agarwal,Dustbin overflowing in common area.,Housekeeping,Medium,In Progress,Sachin Joshi
CMP56771,Silver Oaks Apartment Owners Association,A-1732,Mahesh Chopra,Service lift out of order since morning.,Lift,Medium,Assigned,Varun Reddy
CMP20387,Banyan Tree Residences,B-2281,Sneha Desai,Pigeons nesting on AC outdoor unit.,Pest Control,Medium,Open,Abhishek Sharma
CMP65071,Grandeur Park Residences,C-2317,Vikram Mehta,Hot water geyser not functioning.,Plumbing,High,Resolved,Varun Reddy
CMP11570,Orchid Petals Society,D-874,Ravi Singh,Depth markings not visible.,Swimming Pool,Medium,In Progress,Ravi Reddy
CMP70663,Green Meadows CHS Ltd.,C-1015,Ramesh Kapoor,Staircase very dirty - not cleaned for days.,Housekeeping,Medium,Assigned,Amit Iyer
CMP22487,Ruby Residency,A-1483,Abhishek Reddy,Flush is not working properly - water keeps running.,Plumbing,Medium,Open,Abhishek Sharma
CMP48699,Lotus Boulevard,C-1609,Manisha Singh,Hot water geyser not functioning.,Plumbing,High,In Progress,Varun Reddy
CMP52539,Sunset Point Apartments,B-636,Nitin Rao,Garden bench damaged and needs repair.,Garden,Medium,In Progress,Ravi Patel
CMP37771,Desert Rose Apartments,D-688,Pooja Bose,Emergency alarm button inside lift not working.,Lift,High,Assigned,Varun Reddy
CMP83784,Harmony Heights,D-2021,Pankaj Joshi,Bore well pump not working.,Water Supply,Medium,Resolved,Shruti Singh
CMP61705,Silver Oaks Apartment Owners Association,C-2177,Neha Agarwal,Yaar light nahi aa rahi room mein,Electrical,Low,Assigned,Rupali Desai
CMP37984,Skyline Residency,A-1269,Ramesh Desai,Kitchen ka tap drip kar raha hai continuously,Plumbing,Low,In Progress,Swati Reddy
CMP56926,Whispering Willows CHS,B-1892,Seema Rao,Treadmill not working for past week.,Gym,High,Resolved,Shruti Singh
CMP44080,The Pinnacle CHS,A-1364,Kiran Das,Garden sprinklers not working properly.,Garden,Medium,Assigned,Swati Reddy
CMP88054,Grandeur Park Residences,C-1059,Pankaj Joshi,Staircase railing loose - can cause accident.,Common Area,High,Resolved,Mahesh Singh
CMP25377,Shanti Vihar Apartments,D-2407,Saurabh Patel,No separate bin for medical waste.,Waste Management,High,Open,Ashok Reddy
CMP19458,Paradise Heights,A-1184,Anjali Shah,Dumbbell weights missing - incomplete set.,Gym,Low,In Progress,Shruti Singh
CMP54034,Golden Heights,B-1405,Ravi Chopra,Someone has parked in my allotted space.,Parking,Low,In Progress,Amit Desai
CMP41640,Sunset Point Apartments,B-1935,Sanjay Patel,No water supply since morning in our flat.,Water Supply,Critical,Assigned,Ravi Agarwal
CMP31899,Ocean View CHS,B-1103,Vikas Verma,Bed bugs in bedroom - very serious problem.,Pest Control,High,Open,Mahesh Das
CMP32229,Blue Horizons CHS,A-851,Sachin Malhotra,Too many mosquitoes - fogging required.,Pest Control,Low,Open,Deepika Gupta
CMP41837,Diamond Plaza,D-2127,Rakesh Desai,Unauthorized persons using clubhouse facilities.,Clubhouse,Medium,Open,Sachin Joshi
CMP56832,Ocean View CHS,A-335,Mahesh Reddy,Common area notice board glass broken.,Common Area,Medium,In Progress,Ravi Patel
CMP99899,Whispering Willows CHS,C-1076,Dinesh Rao,Pool water not chlorinated - unhygienic.,Swimming Pool,Critical,Assigned,Abhishek Sharma
CMP56754,Platinum Towers,C-258,Sandeep Chopra,Loud arguments and shouting from neighbor's flat.,Noise,Medium,Open,Shweta Iyer
CMP74893,Silver Oaks Apartment Owners Association,B-1129,Anita Kumar,Clubhouse AC not working properly.,Clubhouse,Critical,Resolved,Dinesh Kapoor
CMP23515,Victoria Apartments,D-1350,Rakesh Menon,Cobwebs all over corridor ceiling.,Housekeeping,Low,Assigned,Ashok Reddy
CMP20337,Silver Springs,C-1286,Dinesh Nair,Lift overload alarm malfunctioning.,Lift,High,Open,Jyoti Desai
CMP46116,Whispering Willows CHS,A-1733,Mahesh Iyer,Water motor making loud noise at night.,Water Supply,Low,Open,Swati Reddy
CMP65715,The Meadows,A-316,Madhuri Rao,Lift ki door properly close nahi hoti,Lift,Medium,Resolved,Swati Reddy
CMP80631,Emerald Bay CHS,D-427,Anjali Das,Children running and jumping in flat above ours.,Noise,Medium,Resolved,Kavita Sinha
CMP68469,Vasant Vihar Apartments,C-2232,Vikram Singh,Gym floor mat torn - slipping hazard.,Gym,Medium,In Progress,Ravi Patel
CMP54953,Golden Gate Apartments,A-2393,Mahesh Sharma,Unauthorized persons using clubhouse facilities.,Clubhouse,Low,Open,Abhishek Sharma
CMP10099,Victoria Apartments,A-1628,Sneha Shah,Bhai bathroom ke niche se paani leak ho raha hai,Plumbing,Low,Open,Mahesh Das
CMP33511,Vasant Vihar Apartments,A-1026,Shweta Verma,Garden gate lock broken.,Garden,Medium,Open,Amit Iyer
CMP71860,The Meadows,B-1193,Amit Mehta,Staircase light not working for past 3 days.,Electrical,High,Open,Dinesh Kapoor
CMP96303,Desert Rose Apartments,B-677,Manoj Malhotra,Bathroom tap is dripping continuously - water wastage.,Plumbing,Critical,In Progress,Kavita Sinha
CMP68568,Victoria Apartments,A-491,Preeti Bose,Garden bench damaged and needs repair.,Garden,Low,Open,Dinesh Kapoor
CMP65086,Emerald Bay CHS,A-439,Komal Patel,Water coming muddy and dirty.,Water Supply,High,In Progress,Kiran Menon
CMP45437,Green Meadows CHS Ltd.,B-1619,Mahesh Menon,Lift stuck between floors - very dangerous.,Lift,Critical,Assigned,Manisha Das
CMP25690,Serene Waters Society,A-1967,Varun Reddy,Common area washroom very dirty.,Housekeeping,Critical,Assigned,Mahesh Das
CMP71251,Orchid Petals Society,D-1441,Manoj Menon,CCTV camera in our floor not working.,Security,Critical,Assigned,Kavita Sinha
CMP42076,Diamond Plaza,D-926,Preeti Verma,Car scratched by another vehicle in parking.,Parking,Critical,Open,Swati Reddy
CMP56560,Green Meadows CHS Ltd.,A-725,Suresh Pillai,Kitchen sink drain clogged completely.,Plumbing,High,In Progress,Mahesh Das
CMP24526,The Imperial Towers,B-556,Rajesh Kumar,Light switch broken - needs replacement.,Electrical,Critical,Resolved,Mahesh Das
CMP12558,Skyline Residency,C-371,Shruti Agarwal,Common area wall paint peeling off.,Common Area,Medium,In Progress,Deepika Gupta
CMP99845,Whispering Willows CHS,B-682,Rajesh Kulkarni,Entrance door closer not working.,Common Area,High,In Progress,Swati Reddy
CMP17757,Desert Rose Apartments,B-2411,Ritu Menon,Weight machine cable broken.,Gym,Critical,In Progress,Ravi Agarwal
CMP26470,The Imperial Towers,A-1909,Vikram Reddy,Gate access card not working.,Security,Low,In Progress,Amit Iyer
CMP55245,Ocean View CHS,C-1456,Rakesh Das,Bhai bathroom ke niche se paani leak ho raha hai,Plumbing,Low,Resolved,Kiran Menon
CMP39802,Lotus Boulevard,B-996,Preeti Iyer,Staircase railing loose - can cause accident.,Common Area,High,Assigned,Deepika Gupta
CMP24818,Banyan Tree Residences,D-454,Sandeep Kapoor,Dumbbell weights missing - incomplete set.,Gym,Medium,In Progress,Ravi Agarwal
CMP63040,Silver Springs,A-1300,Pooja Kapoor,Corridor light not working - very dark.,Common Area,Critical,In Progress,Ravi Agarwal
CMP56190,Grandeur Park Residences,D-947,Ramesh Gupta,Visitor entered without proper verification.,Security,Low,Assigned,Abhishek Sharma
CMP70557,Silver Springs,C-483,Ravi Iyer,Security guard kuch check hi nahi karta entry pe,Security,Medium,Resolved,Jyoti Patel
CMP95505,Sunrise Enclave,D-635,Vikram Sharma,Bench press bench wobbling - unsafe.,Gym,Critical,Resolved,Dinesh Kapoor
CMP89111,Shanti Vihar Apartments,A-2048,Sandeep Mehta,Two-wheeler parked in car parking area.,Parking,High,Open,Varun Kulkarni
CMP83733,Green Meadows CHS Ltd.,C-457,Amit Kulkarni,Lift cabin smelling bad - needs cleaning.,Housekeeping,Low,In Progress,Jyoti Patel
CMP97298,The Imperial Towers,A-921,Rupali Sharma,Children's pool empty and dirty.,Swimming Pool,Low,Resolved,Ravi Patel
CMP89476,The Meadows,B-885,Anjali Kumar,Kitchen sink drain clogged completely.,Plumbing,High,Assigned,Kiran Menon
CMP83079,Desert Rose Apartments,B-609,Rajesh Kumar,Pool timings not displayed properly.,Swimming Pool,High,Assigned,Kavita Sinha
CMP46604,Cedar Crest Society,A-1384,Saurabh Gupta,Garden sprinklers not working properly.,Garden,Critical,Open,Ravi Patel
CMP90215,Emerald Bay CHS,A-2217,Sunita Verma,E-waste collection bin overflowing.,Waste Management,Low,In Progress,Kavita Sinha
CMP12559,Spring Gardens CHS,C-138,Ritu Kulkarni,Pigeons nesting on AC outdoor unit.,Pest Control,High,Resolved,Jyoti Desai
CMP85427,Ocean View CHS,B-1825,Seema Gupta,Bulk waste dumped in common area.,Waste Management,Medium,In Progress,Swati Reddy
CMP98430,Banyan Tree Residences,B-403,Shruti Patel,Water motor making loud noise at night.,Water Supply,Critical,Open,Amit Iyer
CMP11793,Ruby Residency,A-958,Amit Nair,Gym exhaust fan not working - suffocating.,Gym,High,Resolved,Kavita Sinha
CMP53011,Spring Gardens CHS,B-919,Neha Agarwal,Gate access card not working.,Security,High,Resolved,Madhuri Kulkarni
CMP35119,Golden Gate Apartments,C-712,Kiran Malhotra,MCB baar baar trip ho raha hai,Electrical,High,Resolved,Nisha Kumar
CMP41102,Silver Oaks Apartment Owners Association,A-448,Jyoti Malhotra,Gym exhaust fan not working - suffocating.,Gym,High,Assigned,Ravi Reddy
CMP90625,Palm Grove Residences,C-2042,Deepika Kumar,Majhya parking madhe dusryachi gaadi ubhi ahe,Parking,Low,Open,Shruti Singh
CMP55015,Green Meadows CHS Ltd.,D-2353,Ajay Gupta,Pool filtration system not working.,Swimming Pool,Low,In Progress,Kavita Sinha
CMP23239,Pearl Residency,D-1747,Sunita Pillai,Dog waste not cleaned from garden regularly.,Garden,Medium,In Progress,Amit Desai
CMP90532,Zenith Towers,A-260,Meera Gupta,Pool ladder rusted and unsafe.,Swimming Pool,High,Resolved,Varun Kulkarni
CMP35140,Victoria Apartments,C-1555,Rakesh Patel,Cobwebs all over corridor ceiling.,Housekeeping,High,Assigned,Sachin Joshi
CMP29778,Ocean View CHS,A-370,Rohit Das,Vehicle horn being used unnecessarily in society.,Noise,Low,Resolved,Nisha Kumar
CMP35654,Golden Heights,C-290,Mahesh Iyer,Entrance door closer not working.,Common Area,Critical,Open,Manisha Das
CMP89298,Sunset Point Apartments,B-831,Nisha Sinha,Lift cabin smelling bad - needs cleaning.,Housekeeping,Low,Resolved,Ravi Das
CMP17047,The Meadows,D-619,Kiran Singh,Someone has parked in my allotted space.,Parking,Critical,In Progress,Ravi Reddy
CMP79376,Vasant Vihar Apartments,B-1095,Swati Das,Depth markings not visible.,Swimming Pool,Critical,Resolved,Manisha Das
CMP54481,Platinum Towers,D-2467,Anita Nair,Waste segregation bins not provided on our floor.,Waste Management,High,Open,Manisha Das
CMP29849,Green Meadows CHS Ltd.,C-1887,Priya Shah,Cobwebs all over corridor ceiling.,Housekeeping,Medium,Open,Ravi Agarwal
CMP36789,Platinum Towers,B-2185,Swati Gupta,CCTV toh kaam hi nahi karta,Security,Critical,Open,Varun Reddy
CMP40007,Royal Enclave CHS,B-373,Swati Menon,Gym door lock jammed.,Gym,High,Assigned,Manisha Das
CMP76042,Maple Woods Enclave,A-1775,Deepika Malhotra,Dumbbell weights missing - incomplete set.,Gym,Critical,Assigned,Varun Kulkarni
CMP89434,The Imperial Towers,D-956,Pankaj Sharma,Dustbin overflowing in common area.,Housekeeping,Critical,Open,Amit Iyer
CMP30500,Royal Enclave CHS,D-2397,Anita Shah,Drainage pipe blocked - water overflowing in bathroom.,Plumbing,High,Resolved,Rajesh Sinha
CMP71207,Emerald Bay CHS,C-223,Suresh Kulkarni,Garden sprinklers not working properly.,Garden,High,Resolved,Shruti Singh
CMP88249,Green Meadows CHS Ltd.,D-1898,Shruti Iyer,Lift ki door properly close nahi hoti,Lift,Low,Open,Madhuri Kulkarni
CMP78600,Victoria Apartments,C-134,Shruti Malhotra,Composting pit emitting foul odor.,Waste Management,High,Assigned,Rajesh Sinha
CMP83401,Sapphire Heights Cooperative Housing Society,C-416,Seema Patel,Music practice during afternoon quiet hours.,Noise,High,Open,Kiran Menon
CMP83530,Crystal Heights,B-789,Suresh Kapoor,Bore well pump not working.,Water Supply,Low,Assigned,Ravi Patel
CMP35708,Ruby Residency,B-2436,Rohit Kumar,Doorbell not functioning.,Electrical,High,In Progress,Ashok Reddy
CMP87637,Green Meadows CHS Ltd.,B-367,Nisha Desai,Geyser chalu nahi ho raha,Plumbing,Critical,Assigned,Ravi Patel
CMP76880,Blue Horizons CHS,D-400,Anil Joshi,Sweeper not doing job properly.,Housekeeping,Critical,Assigned,Swati Reddy
CMP88378,Cedar Crest Society,A-501,Komal Das,Someone has parked in my allotted space.,Parking,Medium,In Progress,Mahesh Das
CMP98414,Paradise Heights,A-248,Saurabh Reddy,Clubhouse closed without prior notice.,Clubhouse,Medium,Resolved,Amit Iyer
CMP63268,Vasant Vihar Apartments,C-1017,Priya Reddy,Bedroom madhil socket kaam karat nahi,Electrical,Low,Resolved,Manisha Das
CMP66526,Shanti Vihar Apartments,B-1450,Madhuri Menon,Party in neighboring flat - very loud till 2 AM.,Noise,Medium,Assigned,Swati Reddy
CMP68485,Sapphire Heights Cooperative Housing Society,C-2013,Shruti Sinha,Garden gate lock broken.,Garden,Medium,Resolved,Ashok Reddy
CMP27550,Royal Enclave CHS,C-2053,Swati Singh,CCTV camera in our floor not working.,Security,Low,Resolved,Mahesh Das
CMP80506,Skyline Residency,A-1665,Vikas Agarwal,Lift cabin light not working - dark inside.,Lift,Low,Open,Varun Kulkarni
CMP30741,Grandeur Park Residences,B-362,Manoj Verma,Plants dying due to lack of maintenance.,Garden,High,Open,Varun Reddy
CMP75752,Paradise Heights,D-2224,Neha Shah,Unauthorized persons using clubhouse facilities.,Clubhouse,High,Assigned,Abhishek Sharma
CMP24672,Golden Heights,D-656,Nitin Desai,Depth markings not visible.,Swimming Pool,High,Open,Varun Kulkarni
CMP86967,Hillview Cooperative Housing Society,B-916,Rohit Pillai,Flush kharab hai,Plumbing,Critical,Resolved,Mahesh Singh
CMP12419,The Meadows,D-839,Jyoti Kulkarni,Residents not segregating wet and dry waste.,Waste Management,Critical,Assigned,Mahesh Singh
CMP45830,The Imperial Towers,B-973,Shruti Kapoor,Bed bugs in bedroom - very serious problem.,Pest Control,Critical,In Progress,Mahesh Singh
CMP44451,Grandeur Park Residences,A-1414,Nisha Kulkarni,Garden bench damaged and needs repair.,Garden,High,Resolved,Amit Iyer
CMP48549,Desert Rose Apartments,A-2365,Pankaj Verma,Flush is not working properly - water keeps running.,Plumbing,High,Open,Manisha Das
CMP58980,Golden Heights,B-525,Rakesh Agarwal,Security guard kuch check hi nahi karta entry pe,Security,Medium,In Progress,Jyoti Desai
CMP66626,Whispering Willows CHS,A-574,Abhishek Chopra,Water supply timing irregular - unpredictable.,Water Supply,High,Resolved,Jyoti Patel
CMP30678,Serene Waters Society,A-549,Anjali Nair,Rat problem in our flat - need urgent pest control.,Pest Control,Low,Assigned,Rajesh Sinha
CMP44143,Diamond Plaza,A-708,Dinesh Kulkarni,Unauthorized persons using clubhouse facilities.,Clubhouse,Critical,Assigned,Nisha Kumar
CMP59299,Sapphire Heights Cooperative Housing Society,C-1213,Neha Shah,Dustbin overflowing in common area.,Housekeeping,High,Open,Manisha Das
CMP55302,Grandeur Park Residences,D-1634,Rajesh Gupta,Residents not segregating wet and dry waste.,Waste Management,Medium,Resolved,Abhishek Sharma
CMP57036,Shanti Vihar Apartments,C-2268,Vikram Desai,Geyser chalu nahi ho raha,Plumbing,Low,Open,Mahesh Singh
CMP24719,Royal Enclave CHS,B-516,Pooja Shah,Kitchen sink drain clogged completely.,Plumbing,High,Assigned,Nisha Kumar
CMP32577,Desert Rose Apartments,B-1380,Pooja Singh,Lobby ceiling leakage during rain.,Common Area,Medium,Resolved,Rajesh Sinha
CMP49824,Spring Gardens CHS,C-453,Dinesh Mehta,Lift cabin smelling bad - needs cleaning.,Housekeeping,Low,Resolved,Kiran Menon
CMP89120,Skyline Residency,D-1737,Rupali Kulkarni,Dumbbell weights missing - incomplete set.,Gym,High,Assigned,Varun Kulkarni
CMP93717,Crystal Heights,B-327,Pooja Mehta,Staircase light not working for past 3 days.,Electrical,Low,Assigned,Madhuri Das
CMP51398,Hillview Cooperative Housing Society,B-1463,Nitin Pillai,Water supply timing irregular - unpredictable.,Water Supply,Low,In Progress,Abhishek Sharma
CMP46252,Crystal Heights,B-1757,Shweta Kapoor,Pool timings not displayed properly.,Swimming Pool,High,Assigned,Nisha Kumar
CMP34036,Silver Oaks Apartment Owners Association,A-961,Seema Malhotra,Fruit flies in kitchen - very unhygienic.,Pest Control,Medium,In Progress,Dinesh Kapoor
CMP62704,Blue Horizons CHS,A-1335,Priya Das,Neighbor playing loud music late at night.,Noise,Critical,Open,Ritu Malhotra
CMP29342,Banyan Tree Residences,D-1135,Anil Reddy,Service lift out of order since morning.,Lift,Low,In Progress,Shweta Iyer
CMP42212,Harmony Heights,D-205,Kiran Gupta,Generator running continuously making too much noise.,Noise,Critical,Open,Jyoti Desai
CMP56379,Lotus Boulevard,B-2019,Rupali Nair,Two-wheeler parked in car parking area.,Parking,Low,Resolved,Ritu Nair
CMP95326,Royal Enclave CHS,C-864,Rupali Iyer,Too many mosquitoes due to stagnant water in garden.,Garden,High,Assigned,Ritu Nair
CMP15753,Cedar Crest Society,D-1013,Nisha Kumar,Lift making strange grinding noise.,Lift,Low,In Progress,Ritu Malhotra
CMP69797,Desert Rose Apartments,A-1593,Madhuri Chopra,Bathroom ka tap band nahi ho raha,Plumbing,Critical,Resolved,Amit Iyer
CMP92791,Maple Woods Enclave,B-1428,Seema Shah,Majhya parking madhe dusryachi gaadi ubhi ahe,Parking,Medium,Open,Dinesh Kapoor
CMP24996,Serene Waters Society,A-1134,Ashok Menon,Overgrown bushes blocking walkway.,Garden,Low,In Progress,Abhishek Sharma
CMP93061,Crystal Heights,B-1651,Shweta Joshi,Lift madhe khup awaaz yetoy,Lift,Medium,Open,Rajesh Sinha
CMP96255,Green Meadows CHS Ltd.,A-1397,Deepika Rao,Heavy furniture being dragged at odd hours.,Noise,High,Open,Kavita Sinha
CMP16858,Hillview Cooperative Housing Society,C-1168,Sanjay Bose,Overgrown bushes blocking walkway.,Garden,Low,Assigned,Rupali Desai
CMP69673,Cedar Crest Society,B-1198,Komal Das,Pigeons nesting on AC outdoor unit.,Pest Control,Medium,Resolved,Rupali Desai
CMP39392,Pearl Residency,B-2196,Jyoti Joshi,Garden bench damaged and needs repair.,Garden,Medium,Assigned,Madhuri Kulkarni
CMP88895,Golden Gate Apartments,C-2119,Rupali Desai,Garbage collection timing too early.,Waste Management,Critical,Resolved,Dinesh Kapoor
CMP74111,Paradise Heights,C-114,Madhuri Verma,Guest parking area always full - no space.,Parking,Medium,Resolved,Shweta Iyer
CMP51053,Grandeur Park Residences,A-869,Dinesh Kapoor,Vehicle horn being used unnecessarily in society.,Noise,Medium,In Progress,Mahesh Singh
CMP31768,Ruby Residency,C-1707,Pankaj Chopra,Lift overload alarm malfunctioning.,Lift,Medium,In Progress,Amit Iyer
CMP44373,Victoria Apartments,D-2117,Jyoti Das,Staircase railing loose - can cause accident.,Common Area,Critical,Open,Rajesh Sinha
CMP26670,The Meadows,A-2171,Amit Kumar,Bathroom exhaust fan making noise and not working.,Plumbing,Critical,Assigned,Amit Desai
CMP58958,Hillview Cooperative Housing Society,B-686,Neha Sinha,Security not checking delivery personnel properly.,Security,Medium,Resolved,Deepika Gupta
CMP77572,The Pinnacle CHS,A-763,Preeti Sharma,Ceiling fan making noise and wobbling.,Electrical,Medium,Open,Amit Iyer
CMP52603,Eco-Village CHS,C-1845,Anil Kulkarni,Very low water pressure on higher floors.,Water Supply,Critical,Assigned,Ravi Agarwal
CMP41829,Skyline Residency,B-446,Suresh Pillai,Clubhouse booking system not functioning.,Clubhouse,Low,Assigned,Ritu Malhotra
CMP66545,Golden Gate Apartments,C-2125,Anjali Sharma,Water motor making loud noise at night.,Water Supply,Low,In Progress,Mahesh Das
CMP60289,Silver Springs,A-906,Ramesh Shah,Neighbor playing loud music late at night.,Noise,Critical,In Progress,Ashok Reddy
CMP52588,Pearl Residency,A-2161,Madhuri Sinha,Water pressure very low in kitchen.,Plumbing,Low,Open,Mahesh Das
CMP76912,Royal Enclave CHS,D-396,Kavita Sharma,Swimming pool water very dirty - not cleaned.,Clubhouse,Critical,Open,Rajesh Sinha
CMP79462,Pearl Residency,C-1568,Shruti Verma,Inverter not charging - keeps beeping.,Electrical,Medium,Resolved,Ritu Nair
CMP49562,Zenith Towers,C-1090,Meera Iyer,Lift overload alarm malfunctioning.,Lift,Low,Resolved,Nisha Kumar
CMP61928,Victoria Apartments,A-857,Sandeep Reddy,Too many mosquitoes due to stagnant water in garden.,Garden,High,Assigned,Jyoti Desai
CMP82315,Ocean View CHS,B-2099,Anita Iyer,Cockroaches coming from neighbor's flat.,Pest Control,Medium,Resolved,Shruti Singh
CMP89114,Cedar Crest Society,D-1326,Madhuri Singh,Lift cabin smelling bad - needs cleaning.,Housekeeping,Low,Assigned,Swati Reddy
CMP73374,The Pinnacle CHS,D-739,Swati Agarwal,Lift stuck between floors - very dangerous.,Lift,Low,In Progress,Deepika Gupta
CMP64246,Blue Horizons CHS,A-639,Shweta Pillai,Gym exhaust fan not working - suffocating.,Gym,Low,Resolved,Mahesh Singh
CMP70604,Paradise Heights,B-1143,Rupali Menon,Children's pool empty and dirty.,Swimming Pool,High,Open,Shweta Iyer
CMP81052,Royal Enclave CHS,D-2342,Abhishek Kumar,Dog waste not cleaned from garden regularly.,Garden,High,In Progress,Ashok Reddy
CMP71179,Diamond Plaza,D-2467,Anjali Shah,Garbage collection timing too early.,Waste Management,Low,In Progress,Amit Desai
CMP57400,Ruby Residency,B-252,Ravi Desai,Lobby ceiling leakage during rain.,Common Area,High,Resolved,Mahesh Singh
CMP38176,Platinum Towers,B-231,Anita Nair,Garbage collection timing too early.,Waste Management,Critical,In Progress,Ravi Agarwal
CMP66667,Silver Oaks Apartment Owners Association,D-938,Ramesh Desai,Society water bill very high - possible leakage.,Water Supply,Critical,Resolved,Varun Reddy
CMP45012,The Imperial Towers,A-1144,Sneha Chopra,Cockroaches coming from neighbor's flat.,Pest Control,Low,In Progress,Ravi Reddy
CMP62069,Silver Oaks Apartment Owners Association,A-542,Ashok Rao,Garbage collection timing too early.,Waste Management,Critical,Assigned,Amit Iyer
CMP58312,Lotus Boulevard,B-1821,Neha Shah,No water supply since morning in our flat.,Water Supply,Medium,Resolved,Shruti Singh
CMP83668,Victoria Apartments,D-1829,Anjali Patel,Cockroaches coming from neighbor's flat.,Pest Control,Critical,Assigned,Shruti Singh
CMP24392,Whispering Willows CHS,C-1487,Manisha Bose,Power socket in bedroom not working.,Electrical,Medium,In Progress,Madhuri Kulkarni
CMP69146,Palm Grove Residences,B-1386,Saurabh Desai,Bed bugs in bedroom - very serious problem.,Pest Control,Critical,Assigned,Mahesh Singh
CMP63561,Silver Springs,D-1780,Abhishek Rao,Depth markings not visible.,Swimming Pool,High,Resolved,Manisha Das
CMP78316,The Pinnacle CHS,C-430,Seema Sinha,Housekeeping staff coming late daily.,Housekeeping,High,Resolved,Nisha Kumar
CMP53710,Green Meadows CHS Ltd.,B-650,Pallavi Rao,Bad smell from garbage collection area.,Waste Management,Medium,Open,Sachin Joshi
CMP12229,Golden Gate Apartments,D-1169,Meera Chopra,Kitchen ka tap drip kar raha hai continuously,Plumbing,Medium,Open,Varun Kulkarni
CMP97450,Ocean View CHS,C-1664,Neha Patel,Drainage pipe blocked - water overflowing in bathroom.,Plumbing,Low,In Progress,Varun Reddy
CMP42129,The Meadows,C-2065,Ritu Nair,Composting pit emitting foul odor.,Waste Management,High,Open,Mahesh Das
CMP86521,Orchid Petals Society,D-213,Kiran Pillai,Garbage not collected from our floor today.,Housekeeping,Critical,Resolved,Abhishek Sharma
CMP30123,Silver Springs,D-361,Anjali Kapoor,Garbage collection timing too early.,Waste Management,Critical,Assigned,Varun Reddy
CMP39926,Emerald Bay CHS,D-385,Abhishek Reddy,Electric meter showing wrong reading.,Electrical,High,In Progress,Sachin Joshi
CMP28582,The Imperial Towers,C-757,Vikas Das,Car scratched by another vehicle in parking.,Parking,Critical,Open,Mahesh Singh
CMP95270,Paradise Heights,B-2003,Neha Malhotra,Common area washroom very dirty.,Housekeeping,Medium,Resolved,Sachin Joshi
CMP67148,Lotus Boulevard,B-2360,Suresh Kumar,Gym floor mat torn - slipping hazard.,Gym,Critical,In Progress,Abhishek Sharma
CMP40721,Golden Heights,B-1509,Manisha Patel,Ceiling fan making noise and wobbling.,Electrical,Medium,Open,Jyoti Desai
CMP52188,Desert Rose Apartments,A-605,Jyoti Joshi,Bed bugs in bedroom - very serious problem.,Pest Control,Low,In Progress,Rajesh Sinha
CMP99352,Banyan Tree Residences,D-2137,Ashok Menon,Unauthorized vehicle parked in society.,Security,Low,Assigned,Jyoti Desai
CMP12288,Palm Grove Residences,C-1058,Madhuri Joshi,Water supply timing irregular - unpredictable.,Water Supply,High,Resolved,Varun Reddy
CMP98493,Blue Horizons CHS,D-1513,Deepika Kumar,Lift indicator showing wrong floor numbers.,Lift,High,In Progress,Manisha Das
CMP73408,Pearl Residency,D-739,Shweta Malhotra,Lift making strange grinding noise.,Lift,Low,In Progress,Dinesh Kapoor
CMP83434,Green Meadows CHS Ltd.,A-1318,Manoj Rao,Gym door lock jammed.,Gym,High,Resolved,Amit Desai
CMP30608,Blue Horizons CHS,B-520,Nitin Verma,Kitchen sink drain clogged completely.,Plumbing,High,Assigned,Ravi Reddy
CMP47827,The Meadows,D-948,Priya Menon,Lift ki door properly close nahi hoti,Lift,High,Assigned,Amit Desai
CMP87241,Maple Woods Enclave,A-2261,Seema Sharma,Lift stuck between floors - very dangerous.,Lift,Medium,Assigned,Ashok Reddy
CMP58923,Maple Woods Enclave,D-762,Priya Desai,Leakage from ceiling - upstairs neighbor may have issue.,Plumbing,High,Resolved,Ravi Das
CMP59920,Grandeur Park Residences,C-281,Pallavi Iyer,Light jal nahi rahi,Electrical,High,In Progress,Madhuri Das
CMP58407,Cedar Crest Society,C-1586,Anil Sharma,Pool timings not displayed properly.,Swimming Pool,Low,Resolved,Amit Desai
CMP68026,The Pinnacle CHS,B-502,Sunita Kapoor,Lift cabin light not working - dark inside.,Lift,High,Open,Kiran Menon
CMP76681,Royal Enclave CHS,D-1803,Varun Sharma,Gym mirror cracked - dangerous.,Gym,High,In Progress,Ravi Agarwal
CMP66082,Shanti Vihar Apartments,D-1527,Deepika Mehta,Bedroom madhil socket kaam karat nahi,Electrical,Low,Assigned,Mahesh Singh
CMP26612,Pearl Residency,D-1538,Pallavi Chopra,Spider webs all over balcony.,Pest Control,High,Resolved,Varun Reddy
CMP55149,Sunrise Enclave,D-1107,Kavita Kumar,Sweeper not doing job properly.,Housekeeping,Medium,Assigned,Kavita Sinha
CMP28589,Golden Gate Apartments,C-2231,Kavita Iyer,Water pressure very low in kitchen.,Plumbing,Critical,Resolved,Dinesh Kapoor
CMP23216,Grandeur Park Residences,A-381,Rohit Sinha,Weight machine cable broken.,Gym,High,In Progress,Sachin Joshi
CMP29001,Orchid Petals Society,A-422,Amit Kumar,Water pipe burst in basement.,Water Supply,Medium,In Progress,Amit Iyer
CMP21412,Sunrise Enclave,D-1723,Anita Singh,Ceiling fan making noise and wobbling.,Electrical,High,Assigned,Ravi Das
CMP12733,Serene Waters Society,B-2062,Sandeep Iyer,Common area wall paint peeling off.,Common Area,Low,Open,Jyoti Patel
CMP41340,Zenith Towers,B-940,Rajesh Sinha,Fire extinguisher expired - needs refilling.,Common Area,Critical,Assigned,Jyoti Desai
CMP23384,Serene Waters Society,B-932,Dinesh Patel,Table tennis rackets and balls missing.,Clubhouse,High,Assigned,Abhishek Sharma
CMP79135,Platinum Towers,C-605,Pallavi Shah,Pigeons nesting on AC outdoor unit.,Pest Control,Critical,Assigned,Sachin Joshi
CMP90960,Whispering Willows CHS,B-2330,Meera Nair,Unauthorized persons using clubhouse facilities.,Clubhouse,Medium,In Progress,Kiran Menon
CMP64432,Sapphire Heights Cooperative Housing Society,C-668,Madhuri Kapoor,Mere parking mein koi aur gaadi khadi hai,Parking,High,Assigned,Mahesh Singh
CMP51318,Green Meadows CHS Ltd.,C-2134,Preeti Reddy,Unknown person loitering in basement parking.,Security,Low,Open,Ravi Patel
CMP15581,Blue Horizons CHS,A-1184,Sanjay Menon,Party in neighboring flat - very loud till 2 AM.,Noise,High,Assigned,Madhuri Das
CMP50254,Blue Horizons CHS,C-723,Saurabh Agarwal,Fruit flies in kitchen - very unhygienic.,Pest Control,Medium,Assigned,Varun Kulkarni
CMP80341,Zenith Towers,D-1045,Preeti Agarwal,Emergency alarm button inside lift not working.,Lift,Medium,Resolved,Kavita Sinha
CMP95435,Green Meadows CHS Ltd.,C-1785,Pankaj Agarwal,Cockroaches coming from neighbor's flat.,Pest Control,Medium,Open,Dinesh Kapoor
CMP96574,Maple Woods Enclave,B-773,Sandeep Pillai,Letter box lock broken - security risk.,Common Area,High,Resolved,Ravi Patel
CMP45967,Maple Woods Enclave,A-1245,Shruti Sinha,Clubhouse AC not working properly.,Clubhouse,High,In Progress,Shruti Singh
CMP78511,Harmony Heights,B-470,Sachin Sharma,Underground tank needs urgent cleaning.,Water Supply,Low,Open,Kiran Menon
CMP32372,The Pinnacle CHS,D-1216,Anil Chopra,Weight machine cable broken.,Gym,High,Assigned,Madhuri Das
CMP22858,Emerald Bay CHS,C-1050,Madhuri Kapoor,Gym door lock jammed.,Gym,Critical,In Progress,Jyoti Desai
CMP33586,Victoria Apartments,A-1299,Manisha Sinha,Lift full kharab hai bhai,Lift,Critical,Open,Rajesh Sinha
CMP88005,Silver Oaks Apartment Owners Association,B-186,Dinesh Singh,Too many mosquitoes - fogging required.,Pest Control,Medium,Open,Rupali Desai
CMP36311,Sunrise Enclave,B-863,Priya Das,Staircase very dirty - not cleaned for days.,Housekeeping,Medium,In Progress,Ravi Das
CMP89062,Maple Woods Enclave,A-2200,Mahesh Reddy,Security not checking delivery personnel properly.,Security,Low,Open,Ravi Das
CMP12482,Cedar Crest Society,D-2193,Rajesh Kapoor,Weight machine cable broken.,Gym,Critical,Resolved,Nisha Kumar
CMP66567,Crystal Heights,A-1417,Ajay Sharma,Lift cabin smelling bad - needs cleaning.,Housekeeping,High,Open,Ravi Agarwal
CMP17437,Blue Horizons CHS,A-1891,Preeti Iyer,Dog waste not cleaned from garden regularly.,Garden,High,Assigned,Amit Iyer
CMP47038,Harmony Heights,C-2457,Abhishek Mehta,Lizards entering flat from outside.,Pest Control,Medium,Assigned,Ravi Reddy
CMP14596,Golden Gate Apartments,A-993,Nisha Agarwal,Olakhit vyakti basement madhe phirat hoti,Security,Low,Open,Jyoti Desai
CMP17629,Shanti Vihar Apartments,D-149,Nisha Bose,Garden sprinklers not working properly.,Garden,Low,Open,Kiran Menon
CMP69838,Whispering Willows CHS,C-2196,Ashok Nair,Garden bench damaged and needs repair.,Garden,High,Assigned,Ritu Nair
CMP42837,Sunset Point Apartments,B-2447,Manisha Singh,Bathroom cha tap band hot nahi,Plumbing,High,Assigned,Ritu Malhotra
CMP84264,Platinum Towers,C-312,Seema Sharma,CCTV camera in our floor not working.,Security,Critical,Assigned,Kavita Sinha
CMP72218,The Imperial Towers,B-1780,Meera Bose,Emergency alarm button inside lift not working.,Lift,High,Resolved,Dinesh Kapoor
CMP20449,Vasant Vihar Apartments,A-781,Nitin Joshi,Pool filtration system not working.,Swimming Pool,Critical,Resolved,Jyoti Patel
CMP14791,Golden Gate Apartments,D-249,Rupali Shah,Parking full waterlogged hai,Parking,Critical,In Progress,Ravi Reddy
CMP63217,Eco-Village CHS,A-1740,Swati Kulkarni,Lift cabin smelling bad - needs cleaning.,Housekeeping,Critical,Resolved,Madhuri Kulkarni
CMP74158,Sapphire Heights Cooperative Housing Society,A-302,Anil Mehta,Dumbbell weights missing - incomplete set.,Gym,Low,Open,Ritu Malhotra
CMP48589,Diamond Plaza,C-2393,Jyoti Nair,Common area washroom very dirty.,Housekeeping,Low,Resolved,Shweta Iyer
CMP79236,Grandeur Park Residences,C-362,Sunita Iyer,CCTV camera in our floor not working.,Security,Low,Open,Ravi Patel
CMP98749,The Imperial Towers,D-1197,Priya Gupta,Pool changing room locks broken.,Swimming Pool,Low,Assigned,Sachin Joshi
CMP88974,Crystal Heights,A-2210,Anil Iyer,Garden sprinklers not working properly.,Garden,Critical,Assigned,Ritu Malhotra
CMP70755,Grandeur Park Residences,B-1814,Neha Joshi,Pool filtration system not working.,Swimming Pool,Medium,In Progress,Rajesh Sinha
CMP25200,Vasant Vihar Apartments,A-820,Kavita Bose,Gym equipment broken and unsafe to use.,Clubhouse,Low,Open,Jyoti Patel
CMP83544,Palm Grove Residences,C-2389,Preeti Malhotra,There is water leakage below the kitchen sink.,Plumbing,Critical,In Progress,Shruti Singh
CMP86299,The Meadows,C-1908,Vikram Singh,Gym door lock jammed.,Gym,Low,Resolved,Ravi Patel
CMP33201,Emerald Bay CHS,A-1897,Mahesh Joshi,Construction noise from upstairs flat during quiet hours.,Noise,High,Resolved,Ravi Patel
CMP22821,Cedar Crest Society,B-2106,Jyoti Sinha,Clubhouse washroom taps not working.,Clubhouse,Low,Open,Jyoti Patel
CMP51811,Palm Grove Residences,B-740,Ashok Menon,Security guard sleeping on duty at night.,Security,Medium,Open,Ravi Patel
CMP55841,Emerald Bay CHS,B-1841,Seema Mehta,Service lift out of order since morning.,Lift,Medium,Resolved,Mahesh Singh
CMP54554,Harmony Heights,D-1238,Rakesh Chopra,Gym door lock jammed.,Gym,Medium,Open,Mahesh Das
CMP56379,Golden Gate Apartments,A-614,Komal Sharma,Staircase railing loose - can cause accident.,Common Area,Low,Open,Nisha Kumar
CMP92896,Spring Gardens CHS,B-1772,Anil Desai,Fruit flies in kitchen - very unhygienic.,Pest Control,High,In Progress,Ravi Agarwal
CMP53576,Victoria Apartments,B-2185,Manoj Joshi,Dumbbell weights missing - incomplete set.,Gym,Low,Open,Ravi Reddy
CMP98533,Silver Springs,A-383,Kiran Sharma,Cobwebs all over corridor ceiling.,Housekeeping,Critical,Open,Mahesh Singh
CMP95793,Shanti Vihar Apartments,A-190,Kiran Pillai,Shower area not functioning.,Swimming Pool,Low,In Progress,Swati Reddy
CMP94110,Golden Gate Apartments,D-793,Suresh Joshi,Treadmill not working for past week.,Gym,Critical,Assigned,Amit Iyer
CMP17822,The Imperial Towers,D-2436,Swati Desai,Yoga room floor mat torn and unhygienic.,Clubhouse,High,Assigned,Kavita Sinha
CMP47831,Pearl Residency,C-547,Mahesh Sharma,MCB baar baar trip ho raha hai,Electrical,Critical,In Progress,Dinesh Kapoor
CMP31430,Royal Enclave CHS,C-208,Ramesh Desai,Intercom system not connecting to gate.,Security,Low,Resolved,Varun Reddy
CMP42247,Platinum Towers,D-1532,Meera Sharma,Underground tank needs urgent cleaning.,Water Supply,High,Assigned,Amit Iyer
CMP97401,Maple Woods Enclave,D-1793,Meera Mehta,Garbage not collected from our floor today.,Housekeeping,Medium,Resolved,Jyoti Desai
CMP13857,Victoria Apartments,D-1871,Preeti Shah,Nameplate board outside flat damaged.,Common Area,Critical,Assigned,Kavita Sinha
CMP69273,Diamond Plaza,C-1261,Pallavi Sharma,No water supply since morning in our flat.,Water Supply,Medium,In Progress,Amit Iyer
CMP85543,Cedar Crest Society,A-1321,Varun Pillai,Guest parking area always full - no space.,Parking,High,Assigned,Ravi Reddy
CMP68016,Silver Springs,B-444,Pankaj Verma,Clubhouse AC not working properly.,Clubhouse,High,Open,Kavita Sinha
CMP85957,Royal Enclave CHS,B-1699,Anil Sinha,Neighbor playing loud music late at night.,Noise,High,Open,Mahesh Das
CMP78347,Emerald Bay CHS,A-1548,Sanjay Agarwal,Water pressure very low in kitchen.,Plumbing,Low,Open,Amit Desai
CMP80511,Sunrise Enclave,B-1402,Rajesh Reddy,Pigeons nesting on AC outdoor unit.,Pest Control,Critical,Assigned,Mahesh Singh
CMP91726,Serene Waters Society,A-2099,Rohit Gupta,Cobwebs all over corridor ceiling.,Housekeeping,Medium,Resolved,Nisha Kumar
CMP75212,The Imperial Towers,A-324,Anjali Joshi,Treadmill not working for past week.,Gym,Medium,Open,Ashok Reddy
CMP11740,Golden Heights,D-1418,Preeti Patel,Children running and jumping in flat above ours.,Noise,High,Open,Rajesh Sinha
CMP57963,The Pinnacle CHS,D-1899,Ajay Nair,Bulk waste dumped in common area.,Waste Management,Medium,Assigned,Jyoti Patel
CMP86755,Diamond Plaza,D-956,Mahesh Verma,Gym exhaust fan not working - suffocating.,Gym,High,Assigned,Deepika Gupta
CMP38367,Ocean View CHS,B-1840,Ravi Nair,Common area wall paint peeling off.,Common Area,Critical,Open,Ritu Nair
CMP45602,Skyline Residency,D-2438,Anjali Sinha,Car scratched by another vehicle in parking.,Parking,High,Assigned,Manisha Das
CMP97255,Eco-Village CHS,D-2049,Rakesh Nair,E-waste collection bin overflowing.,Waste Management,Low,Resolved,Amit Desai
CMP40746,Whispering Willows CHS,B-246,Manoj Das,Common area notice board glass broken.,Common Area,High,Resolved,Mahesh Das
CMP87201,Pearl Residency,A-393,Abhishek Reddy,Gym door lock jammed.,Gym,High,Resolved,Abhishek Sharma
CMP78148,Sunrise Enclave,A-325,Pankaj Rao,Too many mosquitoes due to stagnant water in garden.,Garden,Low,In Progress,Ravi Patel
CMP31188,Shanti Vihar Apartments,D-1998,Komal Joshi,Pigeons nesting on AC outdoor unit.,Pest Control,Low,In Progress,Deepika Gupta
CMP58310,The Pinnacle CHS,A-442,Shruti Malhotra,Neighbor playing loud music late at night.,Noise,High,Open,Amit Desai
CMP21121,Crystal Heights,A-639,Ajay Nair,Garden lights not functioning at night.,Garden,High,Open,Ritu Nair
CMP15785,The Pinnacle CHS,A-115,Suresh Rao,Water supply timing irregular - unpredictable.,Water Supply,Critical,Resolved,Abhishek Sharma
CMP87108,The Imperial Towers,B-1444,Ramesh Iyer,Neighbor using my second parking without permission.,Parking,Medium,Resolved,Kiran Menon
CMP16975,Zenith Towers,C-2025,Dinesh Chopra,Gym mirror cracked - dangerous.,Gym,Low,Resolved,Varun Reddy
CMP24875,Blue Horizons CHS,D-2036,Komal Menon,Unauthorized persons using clubhouse facilities.,Clubhouse,Medium,Resolved,Madhuri Kulkarni
CMP66709,Lotus Boulevard,A-105,Rupali Nair,Parking full waterlogged hai,Parking,Low,Resolved,Ravi Patel
CMP24973,Sunrise Enclave,B-1551,Deepika Malhotra,Staircase very dirty - not cleaned for days.,Housekeeping,Critical,Assigned,Varun Kulkarni
CMP67753,Silver Springs,B-2254,Kiran Das,Lobby ceiling leakage during rain.,Common Area,Low,In Progress,Sachin Joshi
CMP69173,Serene Waters Society,A-236,Shweta Singh,Pool tiles broken - can cause injury.,Swimming Pool,Low,Open,Madhuri Kulkarni
CMP71402,Ruby Residency,D-1668,Sneha Verma,Lift cabin light not working - dark inside.,Lift,High,Assigned,Deepika Gupta
CMP40778,Vasant Vihar Apartments,B-1066,Sandeep Iyer,Security guard sleeping on duty at night.,Security,Critical,Resolved,Ravi Das
CMP79716,Royal Enclave CHS,A-2376,Rakesh Patel,Pool tiles broken - can cause injury.,Swimming Pool,Low,Assigned,Kavita Sinha
CMP49762,Golden Heights,A-1502,Madhuri Nair,Dog waste not cleaned from garden regularly.,Garden,Low,Resolved,Manisha Das
CMP62904,Hillview Cooperative Housing Society,B-354,Manisha Kumar,Weight machine cable broken.,Gym,High,Assigned,Rupali Desai
CMP95052,Silver Springs,D-900,Shruti Agarwal,Clubhouse washroom taps not working.,Clubhouse,Critical,Open,Varun Kulkarni
CMP15609,Grandeur Park Residences,D-252,Vikram Pillai,Bhai bathroom ke niche se paani leak ho raha hai,Plumbing,Critical,Assigned,Dinesh Kapoor
CMP54783,Sunrise Enclave,A-105,Vikas Joshi,Security guard kuch check hi nahi karta entry pe,Security,Low,Resolved,Ashok Reddy
CMP91523,The Meadows,A-183,Rakesh Mehta,Table tennis rackets and balls missing.,Clubhouse,Low,Resolved,Kiran Menon
CMP44885,Silver Springs,D-1470,Swati Menon,Plants dying due to lack of maintenance.,Garden,Medium,Resolved,Mahesh Singh
CMP15674,Grandeur Park Residences,C-196,Ajay Agarwal,Plastic waste burning in society - health hazard.,Waste Management,High,Resolved,Abhishek Sharma
CMP44527,Silver Oaks Apartment Owners Association,D-1828,Vikram Patel,Mere slot mein kisi ne gaadi park kar di hai yaar,Parking,Critical,Open,Sachin Joshi
CMP28958,Victoria Apartments,D-887,Pooja Singh,Gym door lock jammed.,Gym,Medium,Resolved,Dinesh Kapoor
CMP87566,Ocean View CHS,C-802,Sanjay Pillai,No water supply since morning in our flat.,Water Supply,Critical,Open,Shweta Iyer
CMP88047,Paradise Heights,A-1343,Deepika Kulkarni,Garbage bags torn by stray dogs.,Waste Management,Low,Resolved,Varun Reddy
CMP33321,Sunrise Enclave,A-1231,Ritu Das,Boom barrier hitting car roof - too low.,Parking,Low,In Progress,Amit Desai
CMP18200,Harmony Heights,D-887,Pankaj Sharma,Staircase very dirty - not cleaned for days.,Housekeeping,Low,Open,Swati Reddy
CMP11633,The Imperial Towers,A-1412,Preeti Sharma,Lobby floor tiles need mopping urgently.,Housekeeping,Medium,Assigned,Mahesh Das
CMP38904,Golden Gate Apartments,B-2419,Vikas Menon,Entrance door closer not working.,Common Area,Low,Resolved,Jyoti Patel
CMP86827,Royal Enclave CHS,D-1621,Rupali Reddy,Very low water pressure on higher floors.,Water Supply,Medium,Resolved,Ashok Reddy
CMP82706,Grandeur Park Residences,A-359,Pankaj Agarwal,Waste segregation bins not provided on our floor.,Waste Management,Critical,Open,Ravi Das
CMP60131,Sunset Point Apartments,D-761,Deepika Bose,Society water bill very high - possible leakage.,Water Supply,Low,In Progress,Ravi Das
CMP14086,Royal Enclave CHS,B-2398,Ravi Reddy,Lawn grass overgrown - needs cutting.,Garden,Low,Assigned,Madhuri Kulkarni
CMP98449,Lotus Boulevard,A-860,Kavita Sharma,Pool water not chlorinated - unhygienic.,Swimming Pool,Low,Open,Kiran Menon
CMP44990,Royal Enclave CHS,A-1395,Ritu Iyer,Cockroaches coming from neighbor's flat.,Pest Control,Low,Resolved,Manisha Das
CMP59728,Emerald Bay CHS,A-1756,Rohit Rao,Flush is not working properly - water keeps running.,Plumbing,High,In Progress,Ritu Malhotra
CMP72025,Pearl Residency,C-1779,Ravi Kumar,Clubhouse closed without prior notice.,Clubhouse,High,Resolved,Deepika Gupta
CMP44404,Victoria Apartments,A-2006,Meera Menon,Lift door not closing properly - safety issue.,Lift,Medium,Open,Shweta Iyer
CMP95910,Paradise Heights,B-697,Kiran Patel,Letter box lock broken - security risk.,Common Area,High,Resolved,Mahesh Singh
CMP37057,Ocean View CHS,C-1336,Kiran Reddy,Water motor making loud noise at night.,Water Supply,High,In Progress,Madhuri Das
CMP76133,Palm Grove Residences,C-1443,Rohit Kapoor,Fruit flies in kitchen - very unhygienic.,Pest Control,Medium,Assigned,Amit Desai
CMP54571,Zenith Towers,B-782,Ashok Desai,Overhead tank overflow causing seepage.,Water Supply,High,Resolved,Amit Iyer
CMP48972,Silver Oaks Apartment Owners Association,D-136,Nisha Singh,Garbage bags torn by stray dogs.,Waste Management,High,Assigned,Nisha Kumar
CMP69527,The Pinnacle CHS,A-421,Meera Sharma,Fire extinguisher expired - needs refilling.,Common Area,High,In Progress,Nisha Kumar
CMP42697,Silver Springs,B-1940,Ravi Patel,Staircase railing loose - can cause accident.,Common Area,High,Assigned,Amit Iyer
CMP91971,Green Meadows CHS Ltd.,C-948,Sunita Patel,Water supply timing irregular - unpredictable.,Water Supply,Critical,In Progress,Dinesh Kapoor
CMP44872,Silver Oaks Apartment Owners Association,C-1101,Mahesh Nair,Garden bench damaged and needs repair.,Garden,Low,Open,Mahesh Das
CMP14014,Whispering Willows CHS,D-2232,Kavita Iyer,Kitchen ka tap drip kar raha hai continuously,Plumbing,High,Assigned,Jyoti Patel
CMP54453,Crystal Heights,D-276,Ravi Iyer,Life guard absent during pool hours.,Swimming Pool,Medium,Open,Varun Kulkarni
CMP82688,Shanti Vihar Apartments,D-478,Seema Shah,Pool filtration system not working.,Swimming Pool,Low,Resolved,Madhuri Kulkarni
CMP22943,The Meadows,D-446,Priya Joshi,AC point not providing power.,Electrical,Low,Assigned,Varun Reddy
CMP32362,Platinum Towers,C-2218,Manoj Verma,Bed bugs in bedroom - very serious problem.,Pest Control,Critical,Open,Ravi Reddy
CMP43856,Sunset Point Apartments,D-1702,Shruti Verma,Generator running continuously making too much noise.,Noise,High,Open,Amit Desai
CMP42685,Silver Oaks Apartment Owners Association,D-1925,Sandeep Sharma,Treadmill not working for past week.,Gym,Medium,Assigned,Varun Kulkarni
CMP71532,The Meadows,C-766,Ramesh Iyer,Kitchen ke sink ke neeche paani leak ho raha hai,Plumbing,Critical,Assigned,Madhuri Kulkarni
CMP51216,Blue Horizons CHS,A-397,Shruti Mehta,Pool tiles broken - can cause injury.,Swimming Pool,Low,Open,Ravi Patel
CMP62486,Blue Horizons CHS,D-1436,Shruti Desai,Spider webs all over balcony.,Pest Control,Medium,Assigned,Rajesh Sinha
CMP34731,Crystal Heights,D-2373,Shweta Nair,Nameplate board outside flat damaged.,Common Area,Low,In Progress,Ravi Patel
CMP64383,Eco-Village CHS,A-364,Anita Gupta,Flush is not working properly - water keeps running.,Plumbing,Low,Resolved,Mahesh Das
CMP21531,Serene Waters Society,B-684,Sunita Joshi,Depth markings not visible.,Swimming Pool,Critical,Resolved,Ravi Das
CMP67669,Cedar Crest Society,D-213,Ajay Singh,Pool tiles broken - can cause injury.,Swimming Pool,Medium,In Progress,Ritu Malhotra
CMP54764,Sapphire Heights Cooperative Housing Society,D-2113,Manisha Agarwal,Bench press bench wobbling - unsafe.,Gym,Medium,In Progress,Rupali Desai
CMP26078,Silver Springs,B-908,Preeti Kapoor,Letter box lock broken - security risk.,Common Area,Low,In Progress,Ritu Malhotra
CMP23620,Green Meadows CHS Ltd.,D-608,Seema Singh,Parking full waterlogged hai,Parking,High,Open,Amit Desai
CMP82033,Silver Springs,A-266,Nisha Joshi,Gym mirror cracked - dangerous.,Gym,High,In Progress,Mahesh Singh
CMP53547,Maple Woods Enclave,C-1243,Nitin Menon,Clubhouse washroom taps not working.,Clubhouse,Medium,Open,Nisha Kumar
CMP64553,Royal Enclave CHS,A-2200,Abhishek Patel,Clubhouse lights not working in evening.,Clubhouse,Low,Resolved,Amit Iyer
CMP21587,Platinum Towers,C-1478,Sunita Mehta,Two-wheeler parked in car parking area.,Parking,Medium,Assigned,Ravi Das
CMP73718,Harmony Heights,B-2372,Pankaj Nair,Lizards entering flat from outside.,Pest Control,Medium,In Progress,Madhuri Kulkarni
CMP99469,Zenith Towers,B-472,Meera Malhotra,Very low water pressure on higher floors.,Water Supply,High,Open,Kiran Menon
CMP20572,Shanti Vihar Apartments,D-2327,Jyoti Malhotra,Security not checking delivery personnel properly.,Security,Medium,Resolved,Abhishek Sharma
CMP47780,Blue Horizons CHS,B-1056,Meera Sharma,Lizards entering flat from outside.,Pest Control,High,Resolved,Amit Iyer
CMP79795,Ruby Residency,D-1152,Saurabh Kulkarni,Housekeeping staff coming late daily.,Housekeeping,Medium,In Progress,Ravi Patel
CMP29143,The Pinnacle CHS,D-2481,Ajay Gupta,Lobby floor tiles need mopping urgently.,Housekeeping,Low,In Progress,Ravi Patel
CMP65826,Emerald Bay CHS,C-375,Swati Menon,Composting pit emitting foul odor.,Waste Management,Medium,Open,Ravi Agarwal
CMP79021,Whispering Willows CHS,B-2300,Abhishek Singh,Garbage bags torn by stray dogs.,Waste Management,Medium,Assigned,Ravi Agarwal
CMP34918,Shanti Vihar Apartments,C-819,Sneha Rao,Parking full waterlogged hai,Parking,Medium,Resolved,Madhuri Das
CMP51217,Harmony Heights,C-1875,Saurabh Agarwal,Garden gate lock broken.,Garden,Critical,In Progress,Mahesh Das
CMP80365,Golden Heights,A-1349,Manisha Sinha,Pool filtration system not working.,Swimming Pool,High,Assigned,Amit Desai
CMP20651,Ruby Residency,D-1854,Meera Kumar,Common area wall paint peeling off.,Common Area,High,In Progress,Sachin Joshi
CMP12700,Shanti Vihar Apartments,D-2488,Rakesh Menon,Someone has parked in my allotted space.,Parking,Medium,In Progress,Ravi Patel
CMP50440,Spring Gardens CHS,C-1189,Swati Malhotra,Composting pit emitting foul odor.,Waste Management,Low,Resolved,Varun Kulkarni
CMP55157,Golden Gate Apartments,C-1497,Shweta Chopra,Anjan aadmi basement mein ghoom raha tha,Security,Critical,Assigned,Sachin Joshi
CMP87905,Cedar Crest Society,C-1517,Shruti Kulkarni,Water coming muddy and dirty.,Water Supply,Low,Resolved,Ashok Reddy
CMP98215,The Pinnacle CHS,A-1451,Shruti Gupta,Letter box lock broken - security risk.,Common Area,Medium,In Progress,Madhuri Das
CMP29289,Ocean View CHS,C-1882,Mahesh Das,Hot water geyser not functioning.,Plumbing,Medium,Assigned,Ravi Das
CMP29215,Victoria Apartments,D-2339,Ritu Iyer,Common area wall paint peeling off.,Common Area,Low,Open,Rupali Desai
CMP77834,Banyan Tree Residences,B-1510,Vikas Rao,Lift ki door properly close nahi hoti,Lift,Medium,Assigned,Varun Kulkarni
CMP73156,Eco-Village CHS,D-152,Ritu Kapoor,Music practice during afternoon quiet hours.,Noise,Medium,Resolved,Jyoti Patel
CMP36556,Banyan Tree Residences,A-887,Pooja Sinha,Staircase very dirty - not cleaned for days.,Housekeeping,Critical,Assigned,Varun Reddy
CMP53342,Palm Grove Residences,B-1151,Suresh Chopra,Light switch broken - needs replacement.,Electrical,Critical,Assigned,Dinesh Kapoor
CMP64358,Royal Enclave CHS,A-128,Kiran Verma,Pool ladder rusted and unsafe.,Swimming Pool,High,Assigned,Varun Reddy
CMP72163,Maple Woods Enclave,A-537,Pallavi Sharma,Letter box lock broken - security risk.,Common Area,Critical,Open,Mahesh Das
CMP35650,Blue Horizons CHS,C-789,Pooja Shah,Children running and jumping in flat above ours.,Noise,Critical,Resolved,Ritu Malhotra
CMP45296,Spring Gardens CHS,D-477,Shweta Mehta,Security not checking delivery personnel properly.,Security,Medium,In Progress,Madhuri Kulkarni
CMP18095,Sapphire Heights Cooperative Housing Society,C-2374,Sneha Singh,Nameplate board outside flat damaged.,Common Area,Medium,Open,Ritu Nair
CMP74444,Emerald Bay CHS,B-2209,Priya Rao,Cobwebs all over corridor ceiling.,Housekeeping,Medium,Open,Kavita Sinha
CMP22610,The Meadows,D-2448,Abhishek Mehta,Leakage from ceiling - upstairs neighbor may have issue.,Plumbing,Medium,Open,Mahesh Singh
CMP64809,Platinum Towers,A-1175,Vikram Joshi,Socket kaam nahi kar raha hai boss,Electrical,Critical,In Progress,Rajesh Sinha
CMP44811,Hillview Cooperative Housing Society,D-1851,Saurabh Chopra,Olakhit vyakti basement madhe phirat hoti,Security,High,Open,Jyoti Patel
CMP79764,Desert Rose Apartments,C-454,Ajay Iyer,Garden lights not functioning at night.,Garden,Medium,Assigned,Amit Iyer
CMP16216,Orchid Petals Society,D-424,Sanjay Singh,AC point not providing power.,Electrical,High,Open,Kiran Menon
CMP20183,Victoria Apartments,B-1158,Shweta Verma,Clubhouse booking system not functioning.,Clubhouse,High,Resolved,Mahesh Singh
CMP45760,Green Meadows CHS Ltd.,B-1828,Rakesh Nair,Plastic waste burning in society - health hazard.,Waste Management,Critical,Assigned,Abhishek Sharma
CMP63574,Grandeur Park Residences,C-779,Jyoti Shah,Parking area waterlogged after rain.,Parking,High,Resolved,Ravi Patel
CMP65859,Sunset Point Apartments,C-1828,Anjali Kapoor,Mere parking mein koi aur gaadi khadi hai,Parking,High,Open,Madhuri Kulkarni
CMP84533,The Meadows,A-1328,Anita Gupta,Garden sprinklers not working properly.,Garden,High,Assigned,Kavita Sinha
CMP16592,Orchid Petals Society,C-1511,Pallavi Pillai,Yoga room floor mat torn and unhygienic.,Clubhouse,Medium,Resolved,Madhuri Das
CMP94111,Harmony Heights,A-1698,Saurabh Das,Boom barrier hitting car roof - too low.,Parking,Critical,Resolved,Varun Reddy
CMP56093,Palm Grove Residences,B-1504,Ashok Mehta,Heavy furniture being dragged at odd hours.,Noise,High,In Progress,Ritu Malhotra
CMP58597,Pearl Residency,C-1846,Vikas Kapoor,Lift ki door properly close nahi hoti,Lift,Critical,Resolved,Rajesh Sinha
CMP28662,Zenith Towers,A-2299,Nisha Bose,Lift door sensor faulty - closes too fast.,Lift,High,In Progress,Ravi Reddy
CMP33196,Diamond Plaza,A-2422,Saurabh Sharma,Staircase light not working for past 3 days.,Electrical,High,Open,Ritu Nair
CMP20681,Ocean View CHS,B-2046,Neha Kumar,Pool tiles broken - can cause injury.,Swimming Pool,Low,In Progress,Ritu Nair
CMP28467,Banyan Tree Residences,A-866,Rohit Sinha,Lift indicator showing wrong floor numbers.,Lift,Critical,Resolved,Ashok Reddy
CMP56028,The Meadows,B-1947,Shweta Joshi,E-waste collection bin overflowing.,Waste Management,High,Assigned,Jyoti Patel
CMP62682,Emerald Bay CHS,B-667,Rupali Shah,Lobby floor tiles need mopping urgently.,Housekeeping,Critical,In Progress,Ravi Reddy
CMP12654,Ocean View CHS,D-1185,Sachin Patel,Main MCB tripping frequently.,Electrical,Critical,In Progress,Kiran Menon
CMP96137,Emerald Bay CHS,A-1713,Jyoti Patel,Garden bench damaged and needs repair.,Garden,Low,In Progress,Mahesh Singh
CMP15205,Orchid Petals Society,A-1252,Suresh Kumar,Water coming muddy and dirty.,Water Supply,Critical,Resolved,Jyoti Patel
CMP50450,Skyline Residency,C-410,Nitin Sharma,Ceiling fan making noise and wobbling.,Electrical,Low,In Progress,Rupali Desai
CMP47711,Vasant Vihar Apartments,D-525,Anjali Singh,Clubhouse booking system not functioning.,Clubhouse,Low,Open,Kavita Sinha
CMP20035,Cedar Crest Society,D-2440,Sandeep Chopra,Letter box lock broken - security risk.,Common Area,Medium,Resolved,Deepika Gupta
CMP87766,Pearl Residency,D-1636,Saurabh Patel,Staircase railing loose - can cause accident.,Common Area,Medium,In Progress,Shruti Singh
CMP94357,Harmony Heights,B-2399,Dinesh Pillai,Two-wheeler parked in car parking area.,Parking,Low,Open,Abhishek Sharma
CMP35216,The Imperial Towers,C-536,Sandeep Singh,Children's play area swings broken.,Garden,High,Assigned,Varun Kulkarni
CMP95090,Platinum Towers,B-684,Vikram Sharma,Letter box lock broken - security risk.,Common Area,Medium,In Progress,Ashok Reddy
CMP44638,Golden Gate Apartments,D-1361,Ajay Desai,Rat problem in our flat - need urgent pest control.,Pest Control,Medium,Assigned,Shweta Iyer
CMP68959,Harmony Heights,D-1544,Manisha Reddy,Entrance door closer not working.,Common Area,Medium,In Progress,Manisha Das
CMP32988,Maple Woods Enclave,D-550,Pooja Pillai,Lift mein bahut awaaz aa rahi hai,Lift,Low,Open,Deepika Gupta
CMP97533,Hillview Cooperative Housing Society,B-2000,Anita Desai,Bed bugs in bedroom - very serious problem.,Pest Control,Low,Open,Kiran Menon
CMP43826,Orchid Petals Society,D-839,Jyoti Das,Yoga room floor mat torn and unhygienic.,Clubhouse,High,Open,Mahesh Das
CMP33592,Sunset Point Apartments,B-442,Pankaj Iyer,CCTV camera kaam nahi kar raha,Security,Medium,Open,Manisha Das
CMP96233,Silver Oaks Apartment Owners Association,B-1438,Rohit Joshi,Underground tank needs urgent cleaning.,Water Supply,Low,Assigned,Abhishek Sharma
CMP97959,Palm Grove Residences,D-145,Sachin Bose,Gym equipment broken and unsafe to use.,Clubhouse,Low,Resolved,Jyoti Patel
CMP15320,Vasant Vihar Apartments,D-1700,Rupali Singh,WC seat broken and needs replacement.,Plumbing,High,In Progress,Deepika Gupta
CMP87688,The Pinnacle CHS,A-379,Ritu Iyer,Lift number 2 has stopped working.,Lift,Medium,Open,Varun Reddy
CMP58854,Ocean View CHS,C-399,Kavita Agarwal,Lift cabin smelling bad - needs cleaning.,Housekeeping,High,In Progress,Madhuri Das
CMP30419,Grandeur Park Residences,B-1019,Meera Sharma,Party in neighboring flat - very loud till 2 AM.,Noise,High,Resolved,Kavita Sinha
CMP49332,The Pinnacle CHS,B-2340,Jyoti Mehta,Yoga room floor mat torn and unhygienic.,Clubhouse,Low,Open,Dinesh Kapoor
CMP76893,The Imperial Towers,B-1815,Saurabh Iyer,Service lift out of order since morning.,Lift,Medium,Assigned,Nisha Kumar
CMP47357,Sapphire Heights Cooperative Housing Society,C-2219,Anil Gupta,Emergency alarm button inside lift not working.,Lift,Critical,Resolved,Ravi Reddy
CMP71699,Eco-Village CHS,D-398,Pallavi Rao,Water supply timing irregular - unpredictable.,Water Supply,Critical,Resolved,Rajesh Sinha
CMP25226,Crystal Heights,A-160,Priya Menon,Heavy furniture being dragged at odd hours.,Noise,Critical,Assigned,Ritu Nair
CMP55925,Eco-Village CHS,A-1107,Ravi Das,Plastic waste burning in society - health hazard.,Waste Management,High,In Progress,Ravi Agarwal
CMP83850,Diamond Plaza,C-243,Manisha Iyer,Lizards entering flat from outside.,Pest Control,Medium,Resolved,Jyoti Desai
CMP57852,Sunset Point Apartments,C-2047,Shweta Verma,Electric meter showing wrong reading.,Electrical,High,Open,Rupali Desai
CMP72802,Serene Waters Society,C-1180,Ravi Gupta,Staircase railing loose - can cause accident.,Common Area,High,In Progress,Mahesh Singh
CMP33930,Sunset Point Apartments,D-671,Nisha Menon,Clubhouse washroom taps not working.,Clubhouse,Low,In Progress,Varun Reddy
CMP25020,Hillview Cooperative Housing Society,B-1536,Vikas Reddy,Lobby ceiling leakage during rain.,Common Area,Low,Open,Kiran Menon
CMP18563,Eco-Village CHS,D-1153,Preeti Joshi,Bore well pump not working.,Water Supply,Low,Open,Sachin Joshi
CMP27954,Hillview Cooperative Housing Society,D-771,Mahesh Desai,Service lift out of order since morning.,Lift,Medium,In Progress,Rajesh Sinha
CMP46966,The Meadows,C-1054,Seema Chopra,Unauthorized vehicle parked in society.,Security,High,In Progress,Jyoti Desai
CMP27800,Shanti Vihar Apartments,A-735,Deepika Verma,Pool water not chlorinated - unhygienic.,Swimming Pool,Low,In Progress,Abhishek Sharma
CMP53388,Serene Waters Society,C-2465,Sneha Sinha,Olakhit vyakti basement madhe phirat hoti,Security,Critical,Assigned,Ravi Patel
CMP95651,Blue Horizons CHS,A-1235,Pallavi Agarwal,Bhai bathroom ke niche se paani leak ho raha hai,Plumbing,Medium,Assigned,Sachin Joshi
CMP19171,Palm Grove Residences,C-1311,Anjali Joshi,Fruit flies in kitchen - very unhygienic.,Pest Control,Low,Resolved,Mahesh Das
CMP35036,Vasant Vihar Apartments,D-814,Mahesh Pillai,Weight machine cable broken.,Gym,Medium,Open,Kiran Menon
CMP62777,Vasant Vihar Apartments,B-2486,Ritu Malhotra,Common area washroom very dirty.,Housekeeping,Critical,In Progress,Deepika Gupta
CMP73574,Harmony Heights,B-265,Pankaj Kumar,Staircase very dirty - not cleaned for days.,Housekeeping,Low,Open,Swati Reddy
CMP14937,Eco-Village CHS,C-2027,Ravi Agarwal,Bench press bench wobbling - unsafe.,Gym,Medium,Resolved,Madhuri Kulkarni
CMP95083,The Pinnacle CHS,D-1077,Mahesh Sinha,Main MCB tripping frequently.,Electrical,Medium,In Progress,Dinesh Kapoor
CMP63047,Vasant Vihar Apartments,D-602,Madhuri Mehta,No water supply since morning in our flat.,Water Supply,High,Open,Swati Reddy
CMP93794,Ruby Residency,A-2323,Anita Gupta,Gym exhaust fan not working - suffocating.,Gym,Critical,Assigned,Ritu Nair
CMP77571,Golden Gate Apartments,C-210,Neha Sinha,Light switch broken - needs replacement.,Electrical,Medium,Open,Manisha Das
CMP49070,Emerald Bay CHS,D-1685,Sanjay Malhotra,Fire extinguisher expired - needs refilling.,Common Area,Critical,Resolved,Kavita Sinha
CMP24812,Maple Woods Enclave,D-1429,Varun Patel,Gym equipment broken and unsafe to use.,Clubhouse,Critical,In Progress,Amit Desai
CMP88277,The Meadows,C-994,Kavita Pillai,Housekeeping staff coming late daily.,Housekeeping,Critical,In Progress,Rajesh Sinha
CMP99579,Golden Gate Apartments,A-1425,Kavita Agarwal,Unauthorized persons using clubhouse facilities.,Clubhouse,Low,Open,Ravi Das
CMP69584,Sunrise Enclave,D-1144,Deepika Mehta,Bhai bathroom ke niche se paani leak ho raha hai,Plumbing,Low,Assigned,Varun Reddy
CMP68829,Eco-Village CHS,C-1348,Abhishek Reddy,Waste segregation bins not provided on our floor.,Waste Management,High,Open,Mahesh Singh
CMP64840,Golden Gate Apartments,A-1351,Sneha Patel,Lift indicator showing wrong floor numbers.,Lift,Critical,In Progress,Madhuri Das
CMP71821,Pearl Residency,D-549,Vikas Shah,Very low water pressure on higher floors.,Water Supply,Medium,Resolved,Ritu Malhotra
CMP24309,Emerald Bay CHS,D-764,Sunita Kapoor,Gym floor mat torn - slipping hazard.,Gym,Medium,Assigned,Jyoti Desai
CMP90564,Vasant Vihar Apartments,A-555,Vikas Das,Water supply timing irregular - unpredictable.,Water Supply,High,Assigned,Madhuri Kulkarni
CMP65892,Skyline Residency,C-1424,Sachin Chopra,Heavy furniture being dragged at odd hours.,Noise,Medium,Resolved,Rupali Desai
CMP86719,Palm Grove Residences,B-448,Ritu Chopra,Dumbbell weights missing - incomplete set.,Gym,High,In Progress,Swati Reddy
CMP90197,Emerald Bay CHS,D-239,Amit Menon,No separate bin for medical waste.,Waste Management,Medium,In Progress,Abhishek Sharma
CMP56797,Sunset Point Apartments,A-197,Shruti Rao,Dogs barking loudly throughout night.,Noise,Medium,Resolved,Ravi Das
CMP96636,Banyan Tree Residences,B-692,Nisha Menon,Loud arguments and shouting from neighbor's flat.,Noise,Critical,Assigned,Varun Kulkarni
CMP19749,Vasant Vihar Apartments,D-618,Mahesh Pillai,Gym exhaust fan not working - suffocating.,Gym,Medium,Resolved,Ravi Agarwal
CMP70286,The Pinnacle CHS,C-826,Manisha Nair,Clubhouse lights not working in evening.,Clubhouse,Critical,In Progress,Kiran Menon
CMP11047,Skyline Residency,C-1206,Amit Chopra,Children's play area swings broken.,Garden,Medium,Resolved,Ravi Reddy
CMP51442,The Meadows,A-403,Amit Reddy,Bathroom exhaust fan making noise and not working.,Plumbing,Low,In Progress,Amit Desai
CMP59858,Palm Grove Residences,D-891,Anjali Singh,Unauthorized persons using clubhouse facilities.,Clubhouse,High,Assigned,Kiran Menon
CMP95546,Blue Horizons CHS,A-686,Ramesh Verma,Gym AC insufficient - too hot inside.,Gym,Low,Assigned,Nisha Kumar
CMP43300,Green Meadows CHS Ltd.,B-1995,Preeti Sharma,Unknown person loitering in basement parking.,Security,Low,Resolved,Kavita Sinha
CMP30501,Royal Enclave CHS,D-304,Neha Kumar,Bed bugs in bedroom - very serious problem.,Pest Control,High,Open,Varun Kulkarni
CMP11453,Diamond Plaza,D-595,Priya Kapoor,Anjan aadmi basement mein ghoom raha tha,Security,Critical,Open,Mahesh Das
CMP51056,Vasant Vihar Apartments,C-346,Vikas Reddy,Weight machine cable broken.,Gym,Low,In Progress,Varun Reddy
CMP23095,Silver Oaks Apartment Owners Association,A-639,Ramesh Verma,Garden bench damaged and needs repair.,Garden,High,Open,Varun Kulkarni
CMP43425,Vasant Vihar Apartments,A-2204,Mahesh Sharma,CCTV camera kaam karat nahi,Security,Medium,Resolved,Varun Kulkarni
CMP19605,Golden Gate Apartments,C-1166,Shweta Pillai,Flush is not working properly - water keeps running.,Plumbing,High,Assigned,Kiran Menon
CMP31426,Palm Grove Residences,A-2438,Swati Menon,Fruit flies in kitchen - very unhygienic.,Pest Control,Low,Open,Sachin Joshi
CMP49597,The Imperial Towers,D-1892,Nitin Chopra,Security guard kuch check hi nahi karta entry pe,Security,Low,In Progress,Varun Reddy
CMP52853,Grandeur Park Residences,C-329,Rajesh Kulkarni,Ants everywhere in kitchen despite cleaning.,Pest Control,High,In Progress,Ashok Reddy
CMP68659,Maple Woods Enclave,B-1438,Rohit Reddy,Underground tank needs urgent cleaning.,Water Supply,High,In Progress,Abhishek Sharma
CMP31199,Golden Gate Apartments,B-2009,Sachin Reddy,Bathroom exhaust fan making noise and not working.,Plumbing,Low,Assigned,Rupali Desai
CMP71086,Golden Gate Apartments,C-1553,Abhishek Desai,Pool water not chlorinated - unhygienic.,Swimming Pool,High,Assigned,Mahesh Das
CMP46131,Platinum Towers,B-2167,Amit Patel,Bedroom ka socket kaam nahi kar raha,Electrical,High,Assigned,Shruti Singh
CMP22663,Pearl Residency,D-303,Ashok Verma,Mere parking mein koi aur gaadi khadi hai,Parking,Low,Assigned,Manisha Das
CMP23315,Pearl Residency,C-1731,Sneha Verma,Construction noise from upstairs flat during quiet hours.,Noise,Medium,Resolved,Shweta Iyer
CMP41305,Golden Gate Apartments,C-1862,Abhishek Singh,Gate access card not working.,Security,High,In Progress,Amit Desai
CMP75460,Ocean View CHS,B-1791,Manisha Iyer,Clubhouse AC not working properly.,Clubhouse,Critical,Open,Kavita Sinha
CMP28062,Whispering Willows CHS,C-510,Nisha Kulkarni,Pool tiles broken - can cause injury.,Swimming Pool,Medium,Resolved,Mahesh Das
CMP99113,Silver Oaks Apartment Owners Association,A-1097,Sanjay Kapoor,Boom barrier hitting car roof - too low.,Parking,Medium,In Progress,Sachin Joshi
CMP20861,Orchid Petals Society,D-1485,Swati Nair,CCTV camera kaam karat nahi,Security,High,Resolved,Ashok Reddy
CMP65408,Paradise Heights,C-877,Anil Kapoor,Mere parking mein koi aur gaadi khadi hai,Parking,High,Resolved,Ravi Das
CMP20673,Serene Waters Society,C-2316,Anita Pillai,Lobby ceiling leakage during rain.,Common Area,Critical,Resolved,Ravi Agarwal
CMP18890,Spring Gardens CHS,B-332,Jyoti Rao,Loud arguments and shouting from neighbor's flat.,Noise,High,Open,Nisha Kumar
CMP50029,Royal Enclave CHS,B-2158,Pooja Shah,Lift stuck between floors - very dangerous.,Lift,Critical,Open,Varun Kulkarni
CMP73642,Green Meadows CHS Ltd.,C-847,Sneha Mehta,Socket kaam nahi kar raha hai boss,Electrical,High,Resolved,Shruti Singh
CMP41620,Royal Enclave CHS,B-1543,Suresh Desai,Underground tank needs urgent cleaning.,Water Supply,Low,Open,Kavita Sinha
CMP39058,Green Meadows CHS Ltd.,D-1944,Priya Verma,A vehicle is blocking my parking slot.,Parking,High,In Progress,Rupali Desai
CMP50340,Zenith Towers,D-1339,Ashok Shah,Garbage collection timing too early.,Waste Management,High,Assigned,Varun Reddy
CMP59854,The Pinnacle CHS,C-1124,Suresh Shah,Bathroom tap is dripping continuously - water wastage.,Plumbing,Critical,In Progress,Swati Reddy
CMP14186,Paradise Heights,D-695,Sandeep Sinha,Entrance door closer not working.,Common Area,Critical,In Progress,Mahesh Singh
CMP95319,The Meadows,C-799,Rupali Das,Someone has parked in my allotted space.,Parking,Low,In Progress,Sachin Joshi
CMP73665,Silver Oaks Apartment Owners Association,A-1363,Nisha Agarwal,Gym timings board removed.,Gym,Critical,In Progress,Swati Reddy
CMP38515,Orchid Petals Society,B-2180,Ramesh Agarwal,Leakage from ceiling - upstairs neighbor may have issue.,Plumbing,Low,Resolved,Jyoti Patel
CMP58332,Pearl Residency,A-634,Dinesh Gupta,Society water bill very high - possible leakage.,Water Supply,Critical,In Progress,Swati Reddy
CMP83950,Desert Rose Apartments,D-723,Rupali Kumar,Gym mirror cracked - dangerous.,Gym,Critical,Open,Kavita Sinha
CMP12937,Cedar Crest Society,B-553,Meera Menon,Socket kaam nahi kar raha hai boss,Electrical,Medium,Resolved,Jyoti Desai
CMP22443,Silver Oaks Apartment Owners Association,D-1961,Swati Patel,Too many mosquitoes due to stagnant water in garden.,Garden,Medium,Assigned,Kiran Menon
CMP69723,Desert Rose Apartments,C-778,Seema Agarwal,Lawn grass overgrown - needs cutting.,Garden,Medium,In Progress,Shruti Singh
CMP84552,Golden Heights,A-2483,Nisha Desai,Common area washroom very dirty.,Housekeeping,Medium,Open,Varun Kulkarni
CMP42345,Whispering Willows CHS,D-199,Varun Verma,Generator running continuously making too much noise.,Noise,Critical,Open,Amit Iyer
CMP13290,The Pinnacle CHS,D-768,Vikas Desai,Pool tiles broken - can cause injury.,Swimming Pool,Critical,In Progress,Dinesh Kapoor
CMP51580,Harmony Heights,A-2347,Ajay Menon,Children's play area swings broken.,Garden,High,Open,Ravi Das
CMP48813,Diamond Plaza,A-1141,Vikas Shah,Water pipe burst in basement.,Water Supply,Low,Resolved,Kiran Menon
CMP84991,Diamond Plaza,C-2096,Manisha Malhotra,Geyser chalu nahi ho raha,Plumbing,Critical,Assigned,Jyoti Desai
CMP24439,Harmony Heights,A-1913,Pallavi Iyer,Lizards entering flat from outside.,Pest Control,Medium,Assigned,Ritu Malhotra
CMP80743,Harmony Heights,A-744,Preeti Joshi,Pigeons nesting on AC outdoor unit.,Pest Control,Low,Assigned,Rupali Desai
CMP89827,Desert Rose Apartments,A-124,Anil Mehta,E-waste collection bin overflowing.,Waste Management,Low,Resolved,Jyoti Desai
CMP65427,Paradise Heights,B-917,Anita Gupta,No water supply since morning in our flat.,Water Supply,Critical,In Progress,Ravi Das
CMP76688,Sunset Point Apartments,C-1708,Ramesh Chopra,Lift full kharab hai bhai,Lift,Medium,Resolved,Kiran Menon
CMP33272,Spring Gardens CHS,D-225,Priya Gupta,Residents not segregating wet and dry waste.,Waste Management,High,In Progress,Jyoti Patel
CMP49866,Pearl Residency,B-952,Neha Kumar,Pool filtration system not working.,Swimming Pool,Critical,Resolved,Sachin Joshi
CMP77756,Sunset Point Apartments,C-1318,Manisha Kapoor,Unauthorized persons using clubhouse facilities.,Clubhouse,Low,Assigned,Amit Desai
CMP77604,Silver Oaks Apartment Owners Association,D-170,Ramesh Pillai,Bhai bathroom ke niche se paani leak ho raha hai,Plumbing,Critical,Open,Abhishek Sharma
CMP42551,Whispering Willows CHS,D-1263,Seema Kumar,Weight machine cable broken.,Gym,Medium,Open,Amit Desai
CMP90440,Victoria Apartments,B-1410,Ramesh Nair,Water coming muddy and dirty.,Water Supply,High,Assigned,Amit Iyer
CMP28686,Whispering Willows CHS,B-624,Meera Kumar,Neighbor playing loud music late at night.,Noise,High,Open,Varun Reddy
CMP90737,Banyan Tree Residences,B-2266,Rohit Reddy,Children running and jumping in flat above ours.,Noise,Low,Resolved,Jyoti Patel
CMP65756,Orchid Petals Society,A-2188,Sunita Desai,Bhai bathroom ke niche se paani leak ho raha hai,Plumbing,Low,Assigned,Rupali Desai
CMP56706,Blue Horizons CHS,A-1477,Rohit Pillai,Lift cabin smelling bad - needs cleaning.,Housekeeping,Critical,Assigned,Amit Iyer
CMP51184,The Pinnacle CHS,B-317,Varun Agarwal,Shower area not functioning.,Swimming Pool,High,Open,Abhishek Sharma
CMP25830,Spring Gardens CHS,A-2349,Jyoti Agarwal,Lift door not closing properly - safety issue.,Lift,Critical,Open,Ritu Malhotra
CMP84488,Victoria Apartments,B-2115,Neha Malhotra,Ants everywhere in kitchen despite cleaning.,Pest Control,Medium,Assigned,Abhishek Sharma
CMP88736,Palm Grove Residences,C-370,Anil Kulkarni,Fire extinguisher expired - needs refilling.,Common Area,Medium,In Progress,Rupali Desai
CMP24691,Pearl Residency,B-534,Nitin Gupta,Garden gate lock broken.,Garden,Critical,Resolved,Sachin Joshi
CMP78766,Victoria Apartments,D-1518,Anita Malhotra,Yaar light nahi aa rahi room mein,Electrical,Low,Open,Kiran Menon
CMP42660,Orchid Petals Society,A-1766,Neha Shah,Pool filtration system not working.,Swimming Pool,High,Open,Rajesh Sinha
CMP96402,Sapphire Heights Cooperative Housing Society,A-2391,Seema Joshi,Bhai bathroom ke niche se paani leak ho raha hai,Plumbing,High,Resolved,Ravi Das
CMP43979,Platinum Towers,D-620,Pankaj Mehta,Flush is not working properly - water keeps running.,Plumbing,Low,In Progress,Mahesh Das
CMP68957,Cedar Crest Society,A-1263,Anjali Sharma,Bad smell from garbage collection area.,Waste Management,Critical,Open,Varun Kulkarni
CMP75616,Shanti Vihar Apartments,D-368,Varun Gupta,Garbage collection timing too early.,Waste Management,High,Open,Ashok Reddy
CMP63242,Skyline Residency,B-168,Seema Joshi,CCTV toh kaam hi nahi karta,Security,Medium,Open,Ashok Reddy
CMP94786,Golden Heights,A-1536,Dinesh Iyer,Garden bench damaged and needs repair.,Garden,High,In Progress,Rupali Desai
CMP25092,Serene Waters Society,C-1232,Ritu Reddy,Dog waste not cleaned from garden regularly.,Garden,Low,In Progress,Jyoti Desai
CMP16758,Zenith Towers,B-360,Nitin Sharma,Staircase railing loose - can cause accident.,Common Area,High,Open,Shruti Singh
CMP22299,Golden Heights,B-502,Shweta Patel,Clubhouse washroom taps not working.,Clubhouse,Medium,Resolved,Dinesh Kapoor
CMP24587,Silver Springs,B-1935,Varun Reddy,Water supply timing irregular - unpredictable.,Water Supply,Critical,In Progress,Nisha Kumar
CMP99200,Serene Waters Society,A-874,Shweta Kumar,No separate bin for medical waste.,Waste Management,High,Open,Ravi Das
CMP29325,Harmony Heights,B-403,Amit Reddy,Gym equipment broken and unsafe to use.,Clubhouse,Low,Assigned,Ravi Agarwal
CMP13251,Sunrise Enclave,B-510,Shweta Malhotra,Heavy furniture being dragged at odd hours.,Noise,Critical,Open,Madhuri Kulkarni
CMP39846,Emerald Bay CHS,D-2185,Ravi Iyer,Gym floor mat torn - slipping hazard.,Gym,High,Assigned,Ravi Patel
CMP33012,Spring Gardens CHS,C-506,Seema Verma,Garbage chute door broken.,Housekeeping,High,In Progress,Shruti Singh
CMP54860,Ocean View CHS,C-487,Pallavi Desai,Society water bill very high - possible leakage.,Water Supply,Critical,Open,Nisha Kumar
CMP82372,Blue Horizons CHS,A-480,Mahesh Das,Party in neighboring flat - very loud till 2 AM.,Noise,Low,In Progress,Ravi Das
CMP70123,Green Meadows CHS Ltd.,A-1082,Varun Bose,Lift cabin light not working - dark inside.,Lift,Low,Assigned,Shweta Iyer
CMP14656,Grandeur Park Residences,C-1342,Anil Iyer,Pankha awaaz karto,Electrical,Medium,Open,Manisha Das
CMP66596,Cedar Crest Society,C-413,Nisha Joshi,Bathroom ka tap band nahi ho raha,Plumbing,Low,Open,Jyoti Desai
CMP64282,Victoria Apartments,B-662,Anita Patel,Generator running continuously making too much noise.,Noise,Critical,Resolved,Varun Reddy
CMP44869,Sunset Point Apartments,C-1145,Suresh Chopra,Lawn grass overgrown - needs cutting.,Garden,High,In Progress,Ritu Malhotra
CMP79691,Golden Heights,B-1304,Neha Nair,Bore well pump not working.,Water Supply,Medium,Open,Dinesh Kapoor
CMP97048,Victoria Apartments,A-1741,Varun Patel,Too many mosquitoes - fogging required.,Pest Control,Critical,In Progress,Ashok Reddy
CMP52140,The Pinnacle CHS,D-2095,Kiran Das,Common area notice board glass broken.,Common Area,Critical,In Progress,Amit Desai
CMP19880,Green Meadows CHS Ltd.,B-1006,Kavita Sinha,CCTV camera in our floor not working.,Security,Medium,Assigned,Dinesh Kapoor
CMP12816,Vasant Vihar Apartments,C-408,Sanjay Kapoor,Lobby ceiling leakage during rain.,Common Area,Medium,Resolved,Ravi Das
CMP26992,Crystal Heights,B-876,Manoj Kumar,Garbage bags torn by stray dogs.,Waste Management,Medium,Assigned,Jyoti Desai
CMP27256,Paradise Heights,A-2498,Shruti Kapoor,Power socket in bedroom not working.,Electrical,High,Open,Ravi Agarwal
CMP17324,Victoria Apartments,A-165,Ajay Singh,Car scratched by another vehicle in parking.,Parking,Low,Resolved,Sachin Joshi
CMP99520,Desert Rose Apartments,C-2036,Amit Sharma,Pool filtration system not working.,Swimming Pool,Medium,Assigned,Deepika Gupta
CMP11702,Palm Grove Residences,B-1481,Manisha Kapoor,No separate bin for medical waste.,Waste Management,Medium,Open,Jyoti Desai
CMP17524,Silver Oaks Apartment Owners Association,C-308,Ramesh Mehta,Vehicle horn being used unnecessarily in society.,Noise,Low,In Progress,Nisha Kumar
CMP10702,Orchid Petals Society,C-1422,Ritu Das,Rat problem in our flat - need urgent pest control.,Pest Control,Critical,Resolved,Jyoti Patel
CMP86352,Sunrise Enclave,B-1372,Vikas Menon,Socket kaam nahi kar raha hai boss,Electrical,Critical,In Progress,Rajesh Sinha
CMP49197,The Meadows,C-1971,Sanjay Agarwal,Heavy furniture being dragged at odd hours.,Noise,Low,In Progress,Swati Reddy
CMP35074,Crystal Heights,A-1583,Sanjay Bose,Water motor making loud noise at night.,Water Supply,High,Assigned,Rupali Desai
CMP41646,Shanti Vihar Apartments,D-2092,Anjali Desai,Lawn grass overgrown - needs cutting.,Garden,High,Assigned,Amit Desai
CMP33722,The Imperial Towers,C-1854,Sneha Bose,Garden gate lock broken.,Garden,Medium,Open,Kavita Sinha
CMP14960,Green Meadows CHS Ltd.,A-1053,Sunita Kumar,Unauthorized persons using clubhouse facilities.,Clubhouse,Medium,Assigned,Ritu Nair
CMP57092,Whispering Willows CHS,A-1979,Rakesh Pillai,CCTV camera kaam nahi kar raha,Security,High,Open,Ritu Nair
CMP99088,Maple Woods Enclave,A-2111,Anil Kulkarni,Waste segregation bins not provided on our floor.,Waste Management,Medium,Open,Varun Kulkarni
CMP89578,Victoria Apartments,A-330,Seema Rao,Termites eating wooden furniture.,Pest Control,Medium,Resolved,Rajesh Sinha
CMP88209,Eco-Village CHS,A-2141,Pooja Kapoor,Clubhouse closed without prior notice.,Clubhouse,Low,Resolved,Mahesh Das
CMP59548,Ocean View CHS,A-1628,Manisha Agarwal,Doorbell not functioning.,Electrical,Critical,Open,Manisha Das
CMP92689,Harmony Heights,A-1836,Swati Joshi,Garbage not collected from our floor today.,Housekeeping,Low,Resolved,Madhuri Das
CMP75189,Cedar Crest Society,D-1416,Deepika Desai,Olakhit vyakti basement madhe phirat hoti,Security,Low,In Progress,Varun Kulkarni
CMP35342,Platinum Towers,B-1390,Kiran Desai,Overgrown bushes blocking walkway.,Garden,Medium,Resolved,Amit Iyer
CMP68646,Grandeur Park Residences,B-1431,Deepika Chopra,Garden bench damaged and needs repair.,Garden,Medium,Open,Ravi Reddy
CMP43344,Skyline Residency,A-699,Suresh Chopra,Cockroaches coming from neighbor's flat.,Pest Control,Low,Resolved,Ravi Das
CMP12473,Vasant Vihar Apartments,C-1786,Anita Kulkarni,Shower area not functioning.,Swimming Pool,Medium,Assigned,Jyoti Patel
CMP77600,The Meadows,D-552,Abhishek Malhotra,Weight machine cable broken.,Gym,Critical,Assigned,Jyoti Patel
CMP57015,Orchid Petals Society,B-1231,Madhuri Agarwal,Pool tiles broken - can cause injury.,Swimming Pool,Critical,In Progress,Swati Reddy
CMP81776,The Meadows,D-1808,Vikram Patel,Sweeper not doing job properly.,Housekeeping,Medium,Assigned,Madhuri Das
CMP74697,Banyan Tree Residences,D-464,Ramesh Chopra,Light switch broken - needs replacement.,Electrical,Low,Assigned,Amit Desai
CMP82050,Ocean View CHS,C-1080,Manisha Kapoor,Inverter not charging - keeps beeping.,Electrical,Low,Assigned,Mahesh Das
CMP66690,Victoria Apartments,A-1566,Anita Verma,Clubhouse washroom taps not working.,Clubhouse,High,Open,Rupali Desai
CMP24732,Vasant Vihar Apartments,B-625,Meera Gupta,Termites eating wooden furniture.,Pest Control,Low,In Progress,Rajesh Sinha
CMP38237,Vasant Vihar Apartments,B-1987,Komal Chopra,Loud arguments and shouting from neighbor's flat.,Noise,Medium,In Progress,Varun Kulkarni
CMP54410,Golden Gate Apartments,D-573,Ashok Nair,Pool changing room locks broken.,Swimming Pool,Critical,Assigned,Mahesh Singh
CMP26072,Serene Waters Society,B-1480,Sandeep Singh,Waste segregation bins not provided on our floor.,Waste Management,High,Assigned,Kiran Menon
CMP94959,Cedar Crest Society,C-195,Manisha Verma,Plastic waste burning in society - health hazard.,Waste Management,Medium,Resolved,Shweta Iyer
CMP59095,Orchid Petals Society,A-805,Manoj Chopra,Kitchen sink drain clogged completely.,Plumbing,Low,Open,Jyoti Patel
CMP32165,Maple Woods Enclave,B-1038,Rajesh Kulkarni,Common area notice board glass broken.,Common Area,Critical,Open,Ritu Nair
CMP38282,Eco-Village CHS,C-322,Dinesh Pillai,Plastic waste burning in society - health hazard.,Waste Management,Low,Assigned,Varun Kulkarni
CMP89871,Paradise Heights,D-618,Neha Patel,Gym exhaust fan not working - suffocating.,Gym,Low,In Progress,Jyoti Patel
CMP10790,Diamond Plaza,A-482,Nisha Gupta,Pigeons nesting on AC outdoor unit.,Pest Control,Low,In Progress,Swati Reddy
CMP75728,The Pinnacle CHS,B-1533,Vikram Malhotra,Car scratched by another vehicle in parking.,Parking,High,Open,Varun Kulkarni
CMP24741,Cedar Crest Society,A-1358,Varun Shah,Pool ladder rusted and unsafe.,Swimming Pool,Low,Open,Amit Desai
CMP89947,Sunset Point Apartments,D-688,Rohit Desai,Two-wheeler parked in car parking area.,Parking,High,Assigned,Varun Reddy
CMP13845,Palm Grove Residences,C-1568,Rakesh Reddy,CCTV camera in our floor not working.,Security,Critical,Resolved,Ravi Patel
CMP92900,Golden Gate Apartments,C-436,Anil Iyer,Unauthorized persons using clubhouse facilities.,Clubhouse,Low,Resolved,Mahesh Das
CMP60222,Sunrise Enclave,A-146,Kiran Patel,Water pressure very low in kitchen.,Plumbing,Low,Open,Madhuri Kulkarni
CMP73498,Palm Grove Residences,B-763,Sunita Mehta,Party in neighboring flat - very loud till 2 AM.,Noise,Low,Assigned,Jyoti Desai
CMP49339,Hillview Cooperative Housing Society,A-1362,Suresh Nair,Common area washroom very dirty.,Housekeeping,High,Assigned,Ravi Das
CMP61499,Maple Woods Enclave,B-2411,Jyoti Joshi,Clubhouse AC not working properly.,Clubhouse,Medium,Open,Rupali Desai
CMP39758,Golden Gate Apartments,D-1178,Kavita Malhotra,Plants dying due to lack of maintenance.,Garden,Critical,Assigned,Madhuri Das
CMP79164,Whispering Willows CHS,C-1618,Komal Kulkarni,Yaar light nahi aa rahi room mein,Electrical,High,Assigned,Ravi Das
CMP98357,Crystal Heights,A-1811,Ravi Iyer,Very low water pressure on higher floors.,Water Supply,Low,Assigned,Amit Desai
CMP23549,Golden Heights,C-228,Rohit Shah,Children's play area swings broken.,Garden,Critical,Assigned,Rajesh Sinha
CMP21090,Maple Woods Enclave,D-1011,Manisha Das,Dustbin overflowing in common area.,Housekeeping,High,In Progress,Amit Desai
CMP18430,Green Meadows CHS Ltd.,B-2354,Anita Singh,Electric meter showing wrong reading.,Electrical,Critical,Resolved,Varun Reddy
CMP37118,Paradise Heights,C-454,Deepika Malhotra,Bathroom tap is dripping continuously - water wastage.,Plumbing,Critical,In Progress,Varun Reddy
CMP35844,Zenith Towers,B-1177,Meera Joshi,Dumbbell weights missing - incomplete set.,Gym,Low,Assigned,Madhuri Kulkarni
CMP85340,Crystal Heights,B-2435,Mahesh Kapoor,Sweeper not doing job properly.,Housekeeping,Low,Assigned,Deepika Gupta
CMP93042,Whispering Willows CHS,C-953,Rupali Verma,Weight machine cable broken.,Gym,High,In Progress,Swati Reddy
CMP46537,Golden Gate Apartments,B-295,Sachin Sinha,Gym exhaust fan not working - suffocating.,Gym,Low,Assigned,Mahesh Das
CMP20127,Spring Gardens CHS,A-1963,Preeti Iyer,Common area notice board glass broken.,Common Area,Critical,Open,Rajesh Sinha
CMP97445,Hillview Cooperative Housing Society,B-1239,Saurabh Singh,Gym floor mat torn - slipping hazard.,Gym,Low,Open,Deepika Gupta
CMP19175,Royal Enclave CHS,C-2481,Sachin Shah,Bathroom ka tap band nahi ho raha,Plumbing,Critical,Assigned,Ritu Malhotra
CMP32758,Green Meadows CHS Ltd.,D-1838,Nitin Verma,Emergency exit door jammed and locked.,Common Area,Critical,Assigned,Kiran Menon
CMP16451,Shanti Vihar Apartments,D-1946,Komal Iyer,Weight machine cable broken.,Gym,Critical,Open,Mahesh Das
CMP47425,Victoria Apartments,A-1479,Ritu Rao,Common area washroom very dirty.,Housekeeping,Critical,Open,Swati Reddy
CMP50681,Zenith Towers,B-519,Vikram Bose,Dog waste not cleaned from garden regularly.,Garden,Medium,Resolved,Varun Kulkarni
CMP22879,Royal Enclave CHS,D-532,Suresh Bose,Construction noise from upstairs flat during quiet hours.,Noise,Medium,Resolved,Jyoti Patel
CMP15920,Lotus Boulevard,B-1391,Sandeep Bose,Boom barrier hitting car roof - too low.,Parking,Critical,Resolved,Shweta Iyer
CMP80592,Ocean View CHS,C-2210,Manoj Sharma,Pool changing room locks broken.,Swimming Pool,High,Assigned,Swati Reddy
CMP62561,Vasant Vihar Apartments,A-1005,Swati Patel,Too many mosquitoes due to stagnant water in garden.,Garden,High,Resolved,Ritu Malhotra
CMP32787,Ruby Residency,B-1042,Vikram Das,Light switch broken - needs replacement.,Electrical,Medium,Resolved,Ashok Reddy
CMP56500,Shanti Vihar Apartments,C-1469,Suresh Patel,Common area wall paint peeling off.,Common Area,Critical,Resolved,Kavita Sinha
CMP98404,Orchid Petals Society,B-167,Ashok Chopra,Letter box lock broken - security risk.,Common Area,High,Open,Jyoti Desai
CMP88181,Silver Oaks Apartment Owners Association,D-1141,Rupali Nair,Pool tiles broken - can cause injury.,Swimming Pool,Critical,Resolved,Rupali Desai
CMP11705,Grandeur Park Residences,B-237,Sunita Menon,Lift mein bahut awaaz aa rahi hai,Lift,Low,In Progress,Amit Desai
CMP21463,The Meadows,C-1670,Ravi Reddy,Pool tiles broken - can cause injury.,Swimming Pool,Critical,Open,Kiran Menon
CMP91735,Diamond Plaza,B-947,Rakesh Kulkarni,Gym floor mat torn - slipping hazard.,Gym,Critical,Open,Manisha Das
CMP19164,Emerald Bay CHS,A-952,Dinesh Rao,Cockroaches coming from neighbor's flat.,Pest Control,High,Open,Jyoti Desai
CMP41937,Silver Oaks Apartment Owners Association,C-1643,Anjali Das,No water supply since morning in our flat.,Water Supply,Critical,In Progress,Ravi Patel
CMP42465,Grandeur Park Residences,D-1073,Anjali Iyer,Cobwebs all over corridor ceiling.,Housekeeping,High,Open,Rupali Desai
CMP50742,Sunrise Enclave,D-938,Ashok Malhotra,Bathroom exhaust fan making noise and not working.,Plumbing,High,In Progress,Sachin Joshi
CMP74737,Blue Horizons CHS,D-2156,Ramesh Pillai,Bathroom tap is dripping continuously - water wastage.,Plumbing,Low,Open,Amit Desai
CMP87965,Banyan Tree Residences,A-1413,Rupali Das,Garbage chute door broken.,Housekeeping,Medium,Resolved,Mahesh Das
CMP76134,Cedar Crest Society,D-572,Saurabh Shah,Anjan aadmi basement mein ghoom raha tha,Security,High,In Progress,Swati Reddy
CMP49819,Harmony Heights,B-434,Abhishek Iyer,Unauthorized persons using clubhouse facilities.,Clubhouse,Medium,Resolved,Manisha Das
CMP33957,The Meadows,D-1809,Neha Reddy,E-waste collection bin overflowing.,Waste Management,Low,In Progress,Mahesh Singh
CMP11070,Paradise Heights,B-990,Sachin Sharma,Water supply timing irregular - unpredictable.,Water Supply,Low,In Progress,Kiran Menon
CMP78546,The Imperial Towers,B-2335,Kavita Malhotra,Clubhouse closed without prior notice.,Clubhouse,High,Open,Swati Reddy
CMP52054,Sapphire Heights Cooperative Housing Society,B-1114,Rohit Malhotra,Emergency exit door jammed and locked.,Common Area,Medium,Resolved,Varun Kulkarni
CMP88981,Eco-Village CHS,B-1098,Swati Malhotra,Pool ladder rusted and unsafe.,Swimming Pool,Low,Resolved,Mahesh Singh
CMP17637,Eco-Village CHS,C-959,Rohit Pillai,Intercom system not connecting to gate.,Security,Critical,Assigned,Ravi Reddy
CMP53950,Ruby Residency,D-1046,Amit Joshi,Dog waste not cleaned from garden regularly.,Garden,Low,Open,Ravi Das
CMP79328,Serene Waters Society,A-2060,Manisha Rao,Treadmill not working for past week.,Gym,Low,Resolved,Dinesh Kapoor
CMP13754,Desert Rose Apartments,D-2231,Anita Pillai,Pool filtration system not working.,Swimming Pool,High,Resolved,Ritu Nair
CMP29411,Shanti Vihar Apartments,C-1537,Anil Verma,Ceiling fan making noise and wobbling.,Electrical,Critical,Open,Mahesh Das
CMP73024,Golden Gate Apartments,C-2167,Nisha Gupta,Weight machine cable broken.,Gym,Low,Open,Manisha Das
CMP85631,Hillview Cooperative Housing Society,A-1805,Ritu Das,Pool water not chlorinated - unhygienic.,Swimming Pool,Low,Assigned,Ravi Agarwal
CMP97726,Grandeur Park Residences,C-1144,Anjali Chopra,Gym floor mat torn - slipping hazard.,Gym,Low,Assigned,Ravi Das
CMP14788,Hillview Cooperative Housing Society,C-1541,Priya Pillai,Nameplate board outside flat damaged.,Common Area,Critical,Assigned,Jyoti Desai
CMP79686,Sunrise Enclave,C-2125,Sanjay Gupta,Bore well pump not working.,Water Supply,Medium,Resolved,Ritu Nair
CMP70823,Vasant Vihar Apartments,D-1359,Rajesh Menon,Lobby floor tiles need mopping urgently.,Housekeeping,Medium,Open,Ravi Agarwal
CMP47433,Ocean View CHS,C-533,Rupali Iyer,Staircase railing loose - can cause accident.,Common Area,Low,Open,Jyoti Desai
CMP86443,Hillview Cooperative Housing Society,B-1129,Kavita Joshi,Yaar light nahi aa rahi room mein,Electrical,Medium,Assigned,Varun Reddy
CMP90554,Shanti Vihar Apartments,B-116,Pallavi Singh,Water motor making loud noise at night.,Water Supply,Low,Assigned,Varun Kulkarni
CMP22782,Paradise Heights,C-1277,Seema Malhotra,Mere parking mein koi aur gaadi khadi hai,Parking,Medium,Resolved,Dinesh Kapoor
CMP11994,Cedar Crest Society,D-274,Kiran Reddy,Weight machine cable broken.,Gym,Medium,Open,Ritu Malhotra
CMP31568,Banyan Tree Residences,D-237,Preeti Bose,Overhead tank overflow causing seepage.,Water Supply,Critical,Assigned,Madhuri Das
CMP27388,Silver Springs,B-2072,Sanjay Mehta,Gym mirror cracked - dangerous.,Gym,High,In Progress,Dinesh Kapoor
CMP64696,Green Meadows CHS Ltd.,A-2214,Sneha Menon,Lobby ceiling leakage during rain.,Common Area,Medium,In Progress,Shweta Iyer
CMP94561,Hillview Cooperative Housing Society,A-1395,Dinesh Agarwal,Kitchen sink drain clogged completely.,Plumbing,Critical,In Progress,Nisha Kumar
CMP67565,Paradise Heights,A-982,Manisha Shah,Swimming pool water very dirty - not cleaned.,Clubhouse,Low,Open,Abhishek Sharma
CMP10029,Serene Waters Society,B-323,Kavita Patel,Fruit flies in kitchen - very unhygienic.,Pest Control,Medium,In Progress,Ravi Das
CMP39044,Shanti Vihar Apartments,C-2007,Rohit Patel,Gym exhaust fan not working - suffocating.,Gym,Medium,Assigned,Kavita Sinha
CMP90223,Royal Enclave CHS,B-710,Rupali Das,Plastic waste burning in society - health hazard.,Waste Management,High,In Progress,Ravi Reddy
CMP64255,The Pinnacle CHS,D-1963,Jyoti Sharma,Lift ki door properly close nahi hoti,Lift,Low,In Progress,Rajesh Sinha
CMP54169,The Pinnacle CHS,A-769,Rupali Das,Waste segregation bins not provided on our floor.,Waste Management,High,In Progress,Jyoti Desai
CMP54782,Hillview Cooperative Housing Society,C-2347,Rohit Malhotra,Construction noise from upstairs flat during quiet hours.,Noise,High,Resolved,Dinesh Kapoor
CMP92037,The Imperial Towers,A-2251,Ravi Shah,E-waste collection bin overflowing.,Waste Management,Low,Resolved,Ritu Nair
CMP26843,Platinum Towers,A-1974,Kavita Rao,Yoga room floor mat torn and unhygienic.,Clubhouse,High,Resolved,Kavita Sinha
CMP95583,Harmony Heights,A-2411,Nitin Chopra,Very low water pressure on higher floors.,Water Supply,Critical,Assigned,Madhuri Das
CMP30545,Blue Horizons CHS,C-268,Ajay Chopra,Dog waste not cleaned from garden regularly.,Garden,Low,Open,Jyoti Patel
CMP85447,Sunrise Enclave,B-1107,Rakesh Malhotra,Flush is not working properly - water keeps running.,Plumbing,Low,Resolved,Ritu Malhotra
CMP73547,Orchid Petals Society,D-1317,Swati Agarwal,Inverter not charging - keeps beeping.,Electrical,High,Assigned,Jyoti Desai
CMP34030,Paradise Heights,D-661,Ravi Kapoor,Common area washroom very dirty.,Housekeeping,Critical,In Progress,Madhuri Kulkarni
CMP25808,The Pinnacle CHS,C-121,Amit Iyer,MCB baar baar trip ho raha hai,Electrical,Critical,Open,Shweta Iyer
CMP41954,Skyline Residency,B-2033,Ashok Gupta,Anjan aadmi basement mein ghoom raha tha,Security,Low,Resolved,Madhuri Kulkarni
CMP27640,Golden Heights,D-1398,Abhishek Desai,Residents not segregating wet and dry waste.,Waste Management,Low,Assigned,Abhishek Sharma
CMP26306,Harmony Heights,C-660,Rupali Kapoor,Generator running continuously making too much noise.,Noise,Medium,Open,Mahesh Das
CMP85892,Vasant Vihar Apartments,C-1659,Suresh Menon,Drainage pipe blocked - water overflowing in bathroom.,Plumbing,High,In Progress,Shruti Singh
CMP40616,Sunrise Enclave,D-1725,Nitin Kulkarni,Rat problem in our flat - need urgent pest control.,Pest Control,Low,Assigned,Ravi Patel
CMP97982,Desert Rose Apartments,B-920,Kavita Chopra,Lift number 2 has stopped working.,Lift,High,Resolved,Swati Reddy
CMP52404,Ruby Residency,A-165,Ramesh Agarwal,Ceiling fan making noise and wobbling.,Electrical,Critical,Resolved,Amit Iyer
CMP44846,Golden Heights,D-1227,Pooja Reddy,Pool water not chlorinated - unhygienic.,Swimming Pool,Low,Resolved,Manisha Das
CMP48848,Eco-Village CHS,C-1710,Pooja Nair,Ants everywhere in kitchen despite cleaning.,Pest Control,Medium,Assigned,Ravi Reddy
CMP15677,Royal Enclave CHS,A-1777,Preeti Patel,Flush kharab hai,Plumbing,Low,In Progress,Jyoti Patel
CMP91476,Ocean View CHS,A-255,Anil Agarwal,Pool timings not displayed properly.,Swimming Pool,Critical,Assigned,Madhuri Kulkarni
CMP99668,Silver Springs,C-1586,Shruti Malhotra,Swimming pool water very dirty - not cleaned.,Clubhouse,Medium,Resolved,Nisha Kumar
CMP56390,Sapphire Heights Cooperative Housing Society,B-1600,Ravi Kumar,Car scratched by another vehicle in parking.,Parking,Low,Open,Manisha Das
CMP53109,Maple Woods Enclave,A-2016,Sneha Verma,Swimming pool water very dirty - not cleaned.,Clubhouse,Low,Assigned,Ravi Das
CMP84431,Royal Enclave CHS,C-1770,Priya Kumar,Pool water not chlorinated - unhygienic.,Swimming Pool,Medium,Open,Rajesh Sinha
CMP61555,Crystal Heights,C-1567,Kiran Mehta,Two-wheeler parked in car parking area.,Parking,Medium,Assigned,Varun Reddy
CMP12542,Maple Woods Enclave,B-199,Ashok Shah,Garbage chute door broken.,Housekeeping,Low,In Progress,Shweta Iyer
CMP84901,Shanti Vihar Apartments,B-1072,Deepika Shah,Garbage not collected from our floor today.,Housekeeping,Medium,Open,Rupali Desai
CMP43817,Banyan Tree Residences,A-179,Ravi Reddy,Yoga room floor mat torn and unhygienic.,Clubhouse,High,Resolved,Nisha Kumar
CMP93110,Whispering Willows CHS,D-1158,Sandeep Kapoor,Ceiling fan making noise and wobbling.,Electrical,Medium,In Progress,Sachin Joshi
CMP21990,Emerald Bay CHS,B-1367,Preeti Reddy,Termites eating wooden furniture.,Pest Control,High,Assigned,Rupali Desai
CMP86442,Maple Woods Enclave,B-328,Manoj Joshi,Lift door sensor faulty - closes too fast.,Lift,Medium,In Progress,Deepika Gupta
CMP60833,Shanti Vihar Apartments,B-1347,Sanjay Kulkarni,Dustbin overflowing in common area.,Housekeeping,Medium,Open,Ravi Das
CMP11242,Silver Oaks Apartment Owners Association,B-1871,Neha Kulkarni,Dogs barking loudly throughout night.,Noise,Critical,In Progress,Shweta Iyer
CMP66774,Victoria Apartments,D-1249,Pankaj Verma,Lift full kharab hai bhai,Lift,Medium,Open,Kiran Menon
CMP67261,Diamond Plaza,C-369,Ravi Patel,Pool ladder rusted and unsafe.,Swimming Pool,Low,Resolved,Madhuri Das
CMP12377,Pearl Residency,D-1668,Swati Menon,Neighbor using my second parking without permission.,Parking,Low,In Progress,Abhishek Sharma
CMP87868,Sunrise Enclave,B-2381,Ramesh Reddy,Visitor entered without proper verification.,Security,Medium,Assigned,Nisha Kumar
CMP44213,The Pinnacle CHS,B-2301,Dinesh Reddy,Fruit flies in kitchen - very unhygienic.,Pest Control,Critical,Assigned,Abhishek Sharma
CMP69289,Maple Woods Enclave,A-994,Sneha Pillai,Neighbor using my second parking without permission.,Parking,High,Open,Ritu Malhotra
CMP66453,Zenith Towers,B-1205,Rakesh Gupta,Main MCB tripping frequently.,Electrical,Medium,Open,Madhuri Kulkarni
CMP71157,Skyline Residency,D-411,Sandeep Agarwal,Bed bugs in bedroom - very serious problem.,Pest Control,Medium,Assigned,Abhishek Sharma
CMP19561,Diamond Plaza,C-653,Abhishek Kapoor,Gate access card not working.,Security,Critical,In Progress,Ravi Agarwal
CMP80098,Maple Woods Enclave,A-2009,Sanjay Sinha,Flush is not working properly - water keeps running.,Plumbing,Critical,Assigned,Swati Reddy
CMP64958,Green Meadows CHS Ltd.,A-1465,Nitin Rao,Garden sprinklers not working properly.,Garden,Critical,Open,Kavita Sinha
CMP30834,Emerald Bay CHS,B-958,Vikram Verma,Sweeper not doing job properly.,Housekeeping,Medium,Open,Ritu Malhotra
CMP39348,Diamond Plaza,D-2287,Ajay Joshi,Garbage collection timing too early.,Waste Management,Low,Resolved,Rupali Desai
CMP14978,Palm Grove Residences,C-409,Anil Agarwal,Parking area mein paani bhara hua hai,Parking,High,Resolved,Ravi Agarwal
CMP18833,Hillview Cooperative Housing Society,C-1633,Ramesh Bose,Dog waste not cleaned from garden regularly.,Garden,Critical,Open,Kiran Menon
CMP61892,The Imperial Towers,B-2158,Suresh Menon,Construction noise from upstairs flat during quiet hours.,Noise,High,In Progress,Deepika Gupta
CMP37103,Sunrise Enclave,A-1562,Ajay Patel,Drainage pipe blocked - water overflowing in bathroom.,Plumbing,Critical,Resolved,Ravi Reddy
CMP56121,Paradise Heights,D-2306,Dinesh Rao,Yoga room floor mat torn and unhygienic.,Clubhouse,Low,Resolved,Madhuri Das
CMP75363,The Meadows,A-2401,Nisha Malhotra,Kitchen ke sink ke neeche paani leak ho raha hai,Plumbing,Critical,In Progress,Amit Desai
CMP13834,Silver Oaks Apartment Owners Association,B-1277,Priya Shah,Unauthorized vehicle parked in society.,Security,High,In Progress,Varun Kulkarni
CMP19839,Serene Waters Society,B-2237,Komal Joshi,Lobby ceiling leakage during rain.,Common Area,High,Open,Mahesh Das
CMP24047,Diamond Plaza,B-1829,Kiran Reddy,Garden gate lock broken.,Garden,High,Resolved,Madhuri Das
CMP46624,Skyline Residency,B-293,Ashok Gupta,Entrance door closer not working.,Common Area,Critical,In Progress,Shruti Singh
CMP48633,Hillview Cooperative Housing Society,A-1595,Pallavi Verma,Spider webs all over balcony.,Pest Control,Critical,Resolved,Madhuri Das
CMP38300,Golden Gate Apartments,D-1124,Neha Verma,Lizards entering flat from outside.,Pest Control,High,Resolved,Ravi Das
CMP90113,Zenith Towers,B-197,Sandeep Nair,Garden lights not functioning at night.,Garden,High,In Progress,Amit Desai
CMP90666,Eco-Village CHS,C-992,Nitin Gupta,Underground tank needs urgent cleaning.,Water Supply,High,In Progress,Swati Reddy
CMP57133,The Meadows,B-736,Rajesh Sharma,Security not checking delivery personnel properly.,Security,Critical,In Progress,Sachin Joshi
CMP90047,Sunset Point Apartments,D-2379,Deepika Malhotra,Staircase railing loose - can cause accident.,Common Area,Low,Resolved,Deepika Gupta
CMP30868,The Imperial Towers,A-1368,Ritu Mehta,Pool water not chlorinated - unhygienic.,Swimming Pool,High,In Progress,Madhuri Das
CMP99732,Whispering Willows CHS,D-473,Sneha Kapoor,Pigeons nesting on AC outdoor unit.,Pest Control,High,Open,Ravi Agarwal
CMP37666,Skyline Residency,C-932,Swati Das,Security guard kuch check hi nahi karta entry pe,Security,Medium,Resolved,Amit Desai
CMP99516,Royal Enclave CHS,A-1462,Dinesh Kumar,Flush kharab hai,Plumbing,Low,Assigned,Amit Desai
CMP22659,Pearl Residency,A-2385,Anjali Mehta,Loud arguments and shouting from neighbor's flat.,Noise,Medium,Open,Nisha Kumar
CMP87973,Royal Enclave CHS,D-2147,Shruti Iyer,Theft reported - jewellery stolen from flat.,Security,Critical,Assigned,Abhishek Sharma
CMP68969,Paradise Heights,C-2316,Vikas Das,Light jal nahi rahi,Electrical,Critical,Assigned,Ashok Reddy
CMP55178,Silver Oaks Apartment Owners Association,D-423,Jyoti Agarwal,Bulk waste dumped in common area.,Waste Management,Medium,Assigned,Kiran Menon
CMP85721,Ocean View CHS,A-412,Shweta Agarwal,Mere parking mein koi aur gaadi khadi hai,Parking,Medium,Assigned,Jyoti Patel
CMP90336,Shanti Vihar Apartments,C-2448,Rohit Das,Lizards entering flat from outside.,Pest Control,High,Open,Kiran Menon
CMP61532,Paradise Heights,D-2168,Kavita Pillai,Rat problem in our flat - need urgent pest control.,Pest Control,Low,Open,Ravi Agarwal
CMP83436,Grandeur Park Residences,A-2350,Ravi Joshi,Loud arguments and shouting from neighbor's flat.,Noise,High,Assigned,Mahesh Das
CMP12821,Silver Springs,C-1384,Nitin Gupta,Bathroom exhaust fan making noise and not working.,Plumbing,Medium,Assigned,Abhishek Sharma
CMP62400,The Imperial Towers,B-1227,Swati Gupta,Someone has parked in my allotted space.,Parking,High,In Progress,Manisha Das
CMP28094,The Pinnacle CHS,D-1874,Sanjay Shah,Water motor making loud noise at night.,Water Supply,Medium,Open,Mahesh Das
CMP78613,Banyan Tree Residences,B-1441,Nisha Bose,Common area washroom very dirty.,Housekeeping,High,In Progress,Rajesh Sinha
CMP89821,Grandeur Park Residences,B-1595,Shweta Agarwal,Too many mosquitoes - fogging required.,Pest Control,Critical,Open,Deepika Gupta
CMP86588,Royal Enclave CHS,B-1346,Ravi Rao,Bathroom ka tap band nahi ho raha,Plumbing,Critical,Assigned,Rupali Desai
CMP62257,Golden Heights,B-261,Nitin Kapoor,Dustbin overflowing in common area.,Housekeeping,Medium,Assigned,Rajesh Sinha
CMP74553,Skyline Residency,A-1710,Kiran Patel,Parking slot number faded - need repainting.,Parking,Critical,In Progress,Ravi Patel
CMP41946,Golden Heights,C-113,Sneha Kulkarni,Mere slot mein kisi ne gaadi park kar di hai yaar,Parking,High,In Progress,Sachin Joshi
CMP26222,Sunset Point Apartments,A-1602,Sunita Kulkarni,Lift cabin smelling bad - needs cleaning.,Housekeeping,Critical,Open,Ravi Agarwal
CMP22770,Sunset Point Apartments,C-1039,Ramesh Joshi,Bench press bench wobbling - unsafe.,Gym,High,Resolved,Shruti Singh
CMP59930,Royal Enclave CHS,D-1886,Deepika Verma,Intercom system not connecting to gate.,Security,Critical,Open,Amit Desai
CMP93399,Paradise Heights,C-1459,Seema Sharma,Clubhouse AC not working properly.,Clubhouse,Critical,Open,Sachin Joshi
CMP41537,Diamond Plaza,D-226,Neha Singh,Fire extinguisher expired - needs refilling.,Common Area,Low,In Progress,Rajesh Sinha
CMP83082,Orchid Petals Society,D-603,Rajesh Sharma,Garden bench damaged and needs repair.,Garden,Low,In Progress,Mahesh Das
CMP94455,Palm Grove Residences,B-340,Saurabh Patel,Pool tiles broken - can cause injury.,Swimming Pool,High,Assigned,Jyoti Desai
CMP10236,Silver Oaks Apartment Owners Association,B-2216,Meera Kapoor,Bulk waste dumped in common area.,Waste Management,Critical,Resolved,Ravi Agarwal
CMP99276,Silver Springs,C-1053,Ritu Sharma,Generator running continuously making too much noise.,Noise,High,In Progress,Abhishek Sharma
CMP30246,Golden Gate Apartments,B-2037,Shruti Agarwal,Main MCB tripping frequently.,Electrical,High,Assigned,Swati Reddy
CMP72164,Maple Woods Enclave,B-231,Nitin Bose,Ceiling fan making noise and wobbling.,Electrical,Medium,Resolved,Jyoti Desai
CMP71565,Silver Oaks Apartment Owners Association,B-2202,Ritu Bose,Gym mirror cracked - dangerous.,Gym,Medium,In Progress,Swati Reddy
CMP86253,Whispering Willows CHS,B-1078,Ravi Sinha,Electric meter showing wrong reading.,Electrical,Critical,Assigned,Varun Kulkarni
CMP27740,Silver Springs,B-1720,Nitin Reddy,No separate bin for medical waste.,Waste Management,Medium,Open,Amit Desai
CMP76874,Desert Rose Apartments,B-1347,Priya Patel,WC seat broken and needs replacement.,Plumbing,High,Open,Ravi Patel
CMP16083,The Meadows,A-2375,Dinesh Bose,Tube light flickering continuously.,Electrical,Critical,Resolved,Mahesh Singh
CMP45228,Eco-Village CHS,B-352,Ritu Bose,Overgrown bushes blocking walkway.,Garden,High,Assigned,Mahesh Singh
CMP66975,Sunset Point Apartments,B-1035,Priya Shah,Lobby ceiling leakage during rain.,Common Area,Medium,In Progress,Jyoti Patel
CMP45653,Blue Horizons CHS,D-283,Sneha Mehta,Lawn grass overgrown - needs cutting.,Garden,Critical,Resolved,Nisha Kumar
CMP17897,Eco-Village CHS,B-477,Rajesh Chopra,Pool water not chlorinated - unhygienic.,Swimming Pool,Medium,Open,Kiran Menon
CMP24791,Grandeur Park Residences,A-2498,Anjali Nair,Water pipe burst in basement.,Water Supply,High,Assigned,Swati Reddy
CMP77724,Paradise Heights,D-498,Sanjay Menon,Children's play area swings broken.,Garden,High,Assigned,Ashok Reddy
CMP99764,Victoria Apartments,C-906,Shweta Rao,Garden sprinklers not working properly.,Garden,Low,Assigned,Varun Kulkarni
CMP77067,Platinum Towers,A-320,Mahesh Agarwal,Lift making strange grinding noise.,Lift,Low,Resolved,Varun Reddy
CMP82763,The Meadows,A-966,Rupali Nair,Corridor light not working - very dark.,Common Area,Critical,Resolved,Deepika Gupta
CMP91236,Grandeur Park Residences,C-2059,Meera Patel,Gym door lock jammed.,Gym,Low,In Progress,Ritu Malhotra
CMP13927,Green Meadows CHS Ltd.,C-2318,Ajay Pillai,Party in neighboring flat - very loud till 2 AM.,Noise,Critical,Resolved,Varun Reddy
CMP66530,Hillview Cooperative Housing Society,B-1590,Manoj Shah,Pigeons nesting on AC outdoor unit.,Pest Control,Low,Resolved,Shruti Singh
CMP69035,Cedar Crest Society,D-2048,Mahesh Singh,Staircase railing loose - can cause accident.,Common Area,High,Resolved,Ritu Nair
CMP84565,Banyan Tree Residences,B-1149,Rohit Pillai,A vehicle is blocking my parking slot.,Parking,Low,In Progress,Madhuri Das
CMP97899,The Imperial Towers,B-2055,Varun Mehta,Water coming muddy and dirty.,Water Supply,Low,Resolved,Shweta Iyer
CMP74662,The Pinnacle CHS,B-576,Mahesh Patel,Garden bench damaged and needs repair.,Garden,Low,Assigned,Dinesh Kapoor
CMP88568,Emerald Bay CHS,B-1491,Dinesh Bose,Heavy furniture being dragged at odd hours.,Noise,Critical,Resolved,Manisha Das
CMP31826,Silver Oaks Apartment Owners Association,B-2338,Komal Menon,Gym door lock jammed.,Gym,Critical,Assigned,Ashok Reddy
CMP98537,Cedar Crest Society,D-120,Manisha Agarwal,A vehicle is blocking my parking slot.,Parking,Medium,Assigned,Sachin Joshi
CMP86877,Shanti Vihar Apartments,C-2091,Sneha Patel,Pankha awaaz karto,Electrical,Medium,Resolved,Jyoti Desai
CMP11877,Ruby Residency,C-1285,Mahesh Kumar,Lift full kharab hai bhai,Lift,Critical,Assigned,Amit Desai
CMP65317,Crystal Heights,C-681,Madhuri Nair,Security not checking delivery personnel properly.,Security,Low,Resolved,Ravi Agarwal
CMP82041,Silver Springs,D-873,Priya Singh,Flush kharab hai,Plumbing,Medium,In Progress,Varun Kulkarni
CMP17267,Orchid Petals Society,C-795,Sanjay Iyer,Someone has parked in my allotted space.,Parking,Low,In Progress,Shruti Singh
CMP24722,Royal Enclave CHS,C-1795,Sanjay Rao,Lift cabin smelling bad - needs cleaning.,Housekeeping,High,Resolved,Nisha Kumar
CMP72305,Golden Heights,C-1692,Pallavi Kumar,Clubhouse closed without prior notice.,Clubhouse,Medium,Resolved,Mahesh Das
CMP11570,Green Meadows CHS Ltd.,B-441,Anjali Kumar,Residents not segregating wet and dry waste.,Waste Management,High,Assigned,Dinesh Kapoor
CMP66890,Shanti Vihar Apartments,A-1409,Dinesh Shah,Pool tiles broken - can cause injury.,Swimming Pool,Medium,In Progress,Kiran Menon
CMP40269,Sunset Point Apartments,D-2291,Meera Kumar,Children's pool empty and dirty.,Swimming Pool,Low,Resolved,Amit Desai
CMP73539,Hillview Cooperative Housing Society,C-1433,Amit Kumar,Garbage collection timing too early.,Waste Management,Medium,In Progress,Rupali Desai
CMP11479,Grandeur Park Residences,B-605,Pooja Iyer,CCTV toh kaam hi nahi karta,Security,Low,In Progress,Varun Kulkarni
CMP79004,The Meadows,C-736,Manisha Agarwal,Spider webs all over balcony.,Pest Control,Critical,Resolved,Mahesh Das
CMP40804,Banyan Tree Residences,A-179,Rupali Iyer,Society water bill very high - possible leakage.,Water Supply,Low,Assigned,Dinesh Kapoor
CMP74986,Victoria Apartments,B-2179,Neha Das,Power socket in bedroom not working.,Electrical,Low,Assigned,Ashok Reddy
CMP16336,Paradise Heights,D-579,Manoj Kulkarni,CCTV camera in our floor not working.,Security,Medium,In Progress,Varun Kulkarni
CMP92263,Ruby Residency,C-765,Ajay Kapoor,Staircase very dirty - not cleaned for days.,Housekeeping,Critical,In Progress,Shruti Singh
CMP32367,Grandeur Park Residences,D-2280,Shruti Kapoor,Pool ladder rusted and unsafe.,Swimming Pool,Low,Resolved,Dinesh Kapoor
CMP25031,Zenith Towers,A-2347,Shweta Nair,Lizards entering flat from outside.,Pest Control,Critical,In Progress,Ritu Nair
CMP18788,Victoria Apartments,C-385,Sandeep Reddy,Gym floor mat torn - slipping hazard.,Gym,Low,In Progress,Rajesh Sinha
CMP89138,Maple Woods Enclave,A-919,Madhuri Kulkarni,Water motor making loud noise at night.,Water Supply,Critical,Open,Varun Kulkarni
CMP60067,Ruby Residency,C-916,Manisha Agarwal,Car scratched by another vehicle in parking.,Parking,Low,In Progress,Ravi Agarwal
CMP30085,Palm Grove Residences,C-103,Sneha Kulkarni,Neighbor playing loud music late at night.,Noise,Critical,Open,Shruti Singh
CMP88861,Sunset Point Apartments,A-1736,Sanjay Sharma,Gym floor mat torn - slipping hazard.,Gym,High,In Progress,Varun Reddy
CMP93856,Eco-Village CHS,A-1359,Suresh Iyer,Common area washroom very dirty.,Housekeeping,High,Resolved,Manisha Das
CMP46757,Blue Horizons CHS,D-1259,Mahesh Kumar,Lobby floor tiles need mopping urgently.,Housekeeping,High,In Progress,Jyoti Desai
CMP46416,Palm Grove Residences,C-1657,Meera Nair,Pool filtration system not working.,Swimming Pool,Medium,Resolved,Varun Reddy
CMP32083,Eco-Village CHS,C-1647,Jyoti Bose,Water supply timing irregular - unpredictable.,Water Supply,Medium,Resolved,Dinesh Kapoor
CMP97187,Victoria Apartments,B-1978,Pallavi Kulkarni,Someone has parked in my allotted space.,Parking,Critical,Open,Deepika Gupta
CMP95543,The Imperial Towers,C-701,Swati Bose,MCB baar baar trip ho raha hai,Electrical,High,Assigned,Abhishek Sharma
CMP75118,Sunrise Enclave,A-283,Mahesh Sharma,Garden lights not functioning at night.,Garden,High,In Progress,Amit Iyer
CMP90717,Banyan Tree Residences,B-548,Manoj Pillai,Dog waste not cleaned from garden regularly.,Garden,Low,In Progress,Nisha Kumar
CMP85035,Serene Waters Society,A-565,Sachin Pillai,Fire extinguisher expired - needs refilling.,Common Area,High,Assigned,Mahesh Singh
CMP32722,Ruby Residency,B-2203,Saurabh Menon,Construction noise from upstairs flat during quiet hours.,Noise,Critical,Open,Manisha Das
CMP68560,Desert Rose Apartments,D-1727,Rakesh Bose,Life guard absent during pool hours.,Swimming Pool,Medium,Resolved,Sachin Joshi
CMP85770,Lotus Boulevard,D-837,Ramesh Malhotra,Pool ladder rusted and unsafe.,Swimming Pool,High,Resolved,Varun Reddy
CMP75192,Silver Oaks Apartment Owners Association,B-1871,Sneha Gupta,Pool tiles broken - can cause injury.,Swimming Pool,Critical,Resolved,Ravi Das
CMP97858,Silver Oaks Apartment Owners Association,C-1207,Ramesh Kumar,Gym floor mat torn - slipping hazard.,Gym,Medium,In Progress,Madhuri Das
CMP55999,Sapphire Heights Cooperative Housing Society,D-713,Sneha Kapoor,Garden gate lock broken.,Garden,Medium,Assigned,Amit Desai
CMP62452,The Pinnacle CHS,A-1234,Kiran Pillai,Heavy furniture being dragged at odd hours.,Noise,High,In Progress,Varun Kulkarni
CMP27339,Maple Woods Enclave,C-2236,Saurabh Desai,Mere slot mein kisi ne gaadi park kar di hai yaar,Parking,High,In Progress,Kiran Menon
CMP69106,Paradise Heights,D-1690,Anjali Nair,Nameplate board outside flat damaged.,Common Area,Critical,In Progress,Shruti Singh
CMP81988,Harmony Heights,D-1615,Manoj Joshi,Drainage pipe blocked - water overflowing in bathroom.,Plumbing,Low,In Progress,Ravi Patel
CMP59671,Paradise Heights,B-599,Amit Kulkarni,Pool changing room locks broken.,Swimming Pool,Critical,Resolved,Sachin Joshi
CMP33851,Pearl Residency,B-2182,Manisha Patel,Lift indicator showing wrong floor numbers.,Lift,Critical,Assigned,Swati Reddy
CMP41518,Grandeur Park Residences,C-2168,Madhuri Nair,Bedroom madhil socket kaam karat nahi,Electrical,Medium,Open,Ritu Nair
CMP19240,Sunrise Enclave,A-379,Ajay Kumar,Life guard absent during pool hours.,Swimming Pool,Critical,Assigned,Ravi Agarwal
CMP63582,Sunrise Enclave,C-1909,Varun Verma,Kitchen madhe sink khali pani ghalat ahe,Plumbing,Low,Assigned,Sachin Joshi
CMP44494,Hillview Cooperative Housing Society,A-497,Anita Mehta,Gym floor mat torn - slipping hazard.,Gym,Low,In Progress,Mahesh Singh
CMP90614,Hillview Cooperative Housing Society,B-2484,Anil Das,Society water bill very high - possible leakage.,Water Supply,Critical,In Progress,Abhishek Sharma
CMP12626,Skyline Residency,D-915,Vikas Sharma,Drainage pipe blocked - water overflowing in bathroom.,Plumbing,Critical,Open,Madhuri Kulkarni
CMP83829,Harmony Heights,C-369,Sneha Menon,Sweeper not doing job properly.,Housekeeping,Medium,Assigned,Madhuri Das
CMP88430,Grandeur Park Residences,D-861,Amit Desai,CCTV toh kaam hi nahi karta,Security,Low,Assigned,Madhuri Das
CMP96687,Lotus Boulevard,D-2269,Sachin Verma,Bed bugs in bedroom - very serious problem.,Pest Control,High,Open,Rajesh Sinha
CMP28190,Golden Heights,B-2422,Saurabh Sinha,A vehicle is blocking my parking slot.,Parking,High,In Progress,Kiran Menon
CMP52785,Ocean View CHS,C-981,Shweta Agarwal,Bed bugs in bedroom - very serious problem.,Pest Control,Critical,In Progress,Kavita Sinha
CMP10980,Sunrise Enclave,C-935,Swati Kumar,Pool timings not displayed properly.,Swimming Pool,High,Assigned,Madhuri Das
CMP26065,Royal Enclave CHS,B-1790,Vikas Nair,Table tennis rackets and balls missing.,Clubhouse,Medium,Resolved,Varun Reddy
CMP88347,Ruby Residency,A-1919,Jyoti Kulkarni,CCTV camera in our floor not working.,Security,Low,Resolved,Ravi Agarwal
CMP78629,Palm Grove Residences,D-116,Abhishek Singh,Visitor entered without proper verification.,Security,Low,In Progress,Varun Kulkarni
CMP80389,Pearl Residency,C-1035,Suresh Kumar,Clubhouse closed without prior notice.,Clubhouse,Low,Assigned,Ritu Malhotra
CMP47350,Vasant Vihar Apartments,C-1834,Rajesh Verma,Too many mosquitoes due to stagnant water in garden.,Garden,High,Resolved,Jyoti Patel
CMP51439,Palm Grove Residences,A-2321,Vikram Kapoor,Bedroom ka socket kaam nahi kar raha,Electrical,Low,Resolved,Amit Desai
CMP67246,Spring Gardens CHS,C-937,Rohit Chopra,Lift making strange grinding noise.,Lift,Low,In Progress,Swati Reddy
CMP15535,Lotus Boulevard,B-780,Manisha Gupta,Parking full waterlogged hai,Parking,Critical,Assigned,Amit Iyer
CMP77320,Sunset Point Apartments,D-2488,Rajesh Bose,Common area notice board glass broken.,Common Area,Low,In Progress,Kavita Sinha
CMP81815,Eco-Village CHS,B-2083,Manoj Mehta,Clubhouse booking system not functioning.,Clubhouse,Low,Assigned,Ravi Das
CMP18055,Skyline Residency,D-1929,Pooja Chopra,Mere parking mein koi aur gaadi khadi hai,Parking,Medium,Assigned,Madhuri Kulkarni
CMP98258,Royal Enclave CHS,C-1102,Kavita Agarwal,Kitchen ke sink ke neeche paani leak ho raha hai,Plumbing,Critical,Resolved,Ravi Patel
CMP25858,Eco-Village CHS,D-1192,Jyoti Nair,CCTV camera kaam nahi kar raha,Security,High,Open,Mahesh Singh
CMP60539,Whispering Willows CHS,B-2066,Komal Kapoor,Common area washroom very dirty.,Housekeeping,Critical,Resolved,Ravi Agarwal
CMP77475,Serene Waters Society,B-2177,Anjali Iyer,Gym timings board removed.,Gym,High,Assigned,Abhishek Sharma
CMP61718,Serene Waters Society,C-430,Ramesh Desai,Security guard duty pe nahi hai,Security,High,Open,Ritu Malhotra
CMP66463,Ruby Residency,C-1292,Anil Gupta,No water supply since morning in our flat.,Water Supply,Medium,Assigned,Nisha Kumar
CMP40701,Sapphire Heights Cooperative Housing Society,D-769,Ajay Kulkarni,Bedroom madhil socket kaam karat nahi,Electrical,Medium,Resolved,Kavita Sinha
CMP88884,Ocean View CHS,A-1182,Madhuri Shah,Fire extinguisher expired - needs refilling.,Common Area,Critical,Resolved,Varun Reddy
CMP78964,Orchid Petals Society,C-1557,Vikram Agarwal,Society water bill very high - possible leakage.,Water Supply,High,In Progress,Varun Reddy
CMP64508,The Pinnacle CHS,A-2493,Mahesh Desai,Gym floor mat torn - slipping hazard.,Gym,High,Resolved,Amit Desai
CMP41231,Emerald Bay CHS,A-797,Anjali Menon,Neighbor using my second parking without permission.,Parking,High,Assigned,Kiran Menon
CMP27739,Harmony Heights,A-2123,Sunita Chopra,Mere parking mein koi aur gaadi khadi hai,Parking,High,Assigned,Nisha Kumar
CMP19698,Lotus Boulevard,B-763,Deepika Iyer,Children running and jumping in flat above ours.,Noise,Medium,In Progress,Kavita Sinha
CMP78140,Sunrise Enclave,B-1342,Ritu Mehta,Yoga room floor mat torn and unhygienic.,Clubhouse,Medium,Open,Shruti Singh
CMP63004,Green Meadows CHS Ltd.,D-1766,Anil Shah,Water supply timing irregular - unpredictable.,Water Supply,High,Assigned,Mahesh Das
CMP13969,Serene Waters Society,C-440,Kiran Rao,Leakage from ceiling - upstairs neighbor may have issue.,Plumbing,High,Resolved,Jyoti Desai
CMP98410,Hillview Cooperative Housing Society,D-2203,Pankaj Shah,No separate bin for medical waste.,Waste Management,Low,Resolved,Sachin Joshi
CMP40086,Vasant Vihar Apartments,C-1723,Preeti Bose,CCTV camera in our floor not working.,Security,Critical,In Progress,Nisha Kumar
CMP49632,Desert Rose Apartments,B-245,Jyoti Das,A vehicle is blocking my parking slot.,Parking,Critical,Open,Ravi Agarwal
CMP57719,Spring Gardens CHS,B-483,Madhuri Chopra,Construction noise from upstairs flat during quiet hours.,Noise,Low,Assigned,Amit Iyer
CMP63547,Desert Rose Apartments,D-106,Anjali Mehta,Rat problem in our flat - need urgent pest control.,Pest Control,Low,Resolved,Varun Kulkarni
CMP80366,Skyline Residency,D-570,Manisha Joshi,Pool timings not displayed properly.,Swimming Pool,Critical,Assigned,Amit Desai
CMP30621,Vasant Vihar Apartments,A-1886,Manoj Kumar,AC point not providing power.,Electrical,Medium,Open,Amit Desai
CMP87826,Sapphire Heights Cooperative Housing Society,B-264,Ajay Reddy,Spider webs all over balcony.,Pest Control,Critical,Assigned,Ravi Das
CMP17380,Diamond Plaza,D-651,Manisha Menon,Dustbin overflowing in common area.,Housekeeping,Medium,Assigned,Kavita Sinha
CMP75722,Hillview Cooperative Housing Society,A-1391,Manisha Pillai,Unauthorized vehicle parked in society.,Security,Medium,Open,Mahesh Das
CMP71849,Sunset Point Apartments,B-1099,Ramesh Das,Light switch broken - needs replacement.,Electrical,Medium,Assigned,Rupali Desai
CMP92135,Diamond Plaza,A-1657,Manoj Malhotra,Heavy furniture being dragged at odd hours.,Noise,Medium,Open,Kiran Menon
CMP25138,Shanti Vihar Apartments,C-983,Mahesh Sharma,Clubhouse booking system not functioning.,Clubhouse,Critical,Open,Ashok Reddy
CMP86950,Cedar Crest Society,B-654,Ritu Kapoor,Life guard absent during pool hours.,Swimming Pool,High,Resolved,Ashok Reddy
CMP27140,Sunrise Enclave,C-1362,Pankaj Kumar,Mere parking mein koi aur gaadi khadi hai,Parking,Low,Open,Rupali Desai
CMP62627,Serene Waters Society,D-1884,Vikram Singh,Gym door lock jammed.,Gym,High,Open,Amit Desai
CMP10011,Maple Woods Enclave,C-695,Anita Das,Bench press bench wobbling - unsafe.,Gym,Medium,Resolved,Varun Kulkarni
CMP70464,Orchid Petals Society,C-551,Manisha Menon,Children's pool empty and dirty.,Swimming Pool,High,Assigned,Rupali Desai
CMP25078,Shanti Vihar Apartments,A-2094,Sanjay Joshi,Main MCB tripping frequently.,Electrical,Low,In Progress,Shweta Iyer
CMP80303,Whispering Willows CHS,D-1129,Manisha Sharma,Waste segregation bins not provided on our floor.,Waste Management,Medium,Assigned,Kavita Sinha
CMP98143,Silver Springs,C-1444,Sachin Rao,Lift madhe khup awaaz yetoy,Lift,Medium,Assigned,Ravi Reddy
CMP88536,Hillview Cooperative Housing Society,A-1280,Ashok Pillai,Lift door not closing properly - safety issue.,Lift,High,Open,Manisha Das
CMP34051,Orchid Petals Society,C-1984,Rupali Verma,Housekeeping staff coming late daily.,Housekeeping,Critical,Assigned,Jyoti Patel
CMP44617,Ruby Residency,A-1844,Abhishek Rao,Lift door sensor faulty - closes too fast.,Lift,High,Assigned,Ritu Malhotra
CMP91749,Platinum Towers,D-1758,Deepika Singh,Main gate boom barrier not functioning.,Security,High,Open,Deepika Gupta
CMP28499,Platinum Towers,C-1412,Saurabh Reddy,Drainage pipe blocked - water overflowing in bathroom.,Plumbing,Critical,Resolved,Rupali Desai
CMP50473,Emerald Bay CHS,B-1341,Neha Agarwal,Cobwebs all over corridor ceiling.,Housekeeping,High,In Progress,Manisha Das
CMP21167,Paradise Heights,D-994,Rupali Joshi,Overhead tank overflow causing seepage.,Water Supply,Low,Resolved,Ravi Reddy
CMP87527,Zenith Towers,C-680,Amit Das,Staircase railing loose - can cause accident.,Common Area,High,Assigned,Kiran Menon
CMP73868,Pearl Residency,B-1079,Anita Desai,Lift full kharab hai bhai,Lift,Critical,In Progress,Mahesh Singh
CMP32506,Golden Gate Apartments,C-1321,Varun Verma,Fire extinguisher expired - needs refilling.,Common Area,Low,Open,Rupali Desai
CMP89557,Serene Waters Society,A-1387,Anjali Reddy,Lift full kharab hai bhai,Lift,Critical,In Progress,Amit Desai
CMP53397,Grandeur Park Residences,D-540,Saurabh Pillai,Doorbell not functioning.,Electrical,High,Assigned,Kavita Sinha
CMP68450,The Pinnacle CHS,C-1666,Anita Iyer,Common area washroom very dirty.,Housekeeping,Medium,Assigned,Varun Kulkarni
CMP59978,Banyan Tree Residences,D-1780,Abhishek Patel,Ants everywhere in kitchen despite cleaning.,Pest Control,Critical,Resolved,Ravi Patel
CMP75246,Whispering Willows CHS,A-2413,Shweta Malhotra,Clubhouse AC not working properly.,Clubhouse,Medium,In Progress,Madhuri Das
CMP87517,Orchid Petals Society,D-188,Ravi Patel,AC point not providing power.,Electrical,Medium,Resolved,Shweta Iyer
CMP42279,Royal Enclave CHS,D-818,Anita Sinha,Cobwebs all over corridor ceiling.,Housekeeping,Medium,Open,Jyoti Desai
CMP68381,Silver Springs,A-2122,Jyoti Reddy,Gym mirror cracked - dangerous.,Gym,Low,In Progress,Varun Kulkarni
CMP94060,Hillview Cooperative Housing Society,D-1720,Jyoti Patel,Waste segregation bins not provided on our floor.,Waste Management,Medium,Resolved,Deepika Gupta
CMP11613,Silver Springs,D-630,Shweta Menon,Cockroaches coming from neighbor's flat.,Pest Control,Critical,Assigned,Rajesh Sinha
CMP87932,Crystal Heights,B-2471,Sandeep Malhotra,Olakhit vyakti basement madhe phirat hoti,Security,Medium,Assigned,Dinesh Kapoor
CMP24694,Ocean View CHS,C-2154,Amit Bose,A vehicle is blocking my parking slot.,Parking,Critical,In Progress,Swati Reddy
CMP60212,Palm Grove Residences,D-158,Seema Kumar,Ants everywhere in kitchen despite cleaning.,Pest Control,Low,In Progress,Shweta Iyer
CMP61614,Sapphire Heights Cooperative Housing Society,D-1436,Saurabh Iyer,Lobby floor tiles need mopping urgently.,Housekeeping,Critical,Assigned,Rajesh Sinha
CMP33604,Golden Heights,C-2240,Suresh Patel,Unauthorized persons using clubhouse facilities.,Clubhouse,Critical,In Progress,Varun Reddy
CMP77849,Royal Enclave CHS,A-1021,Rohit Nair,Garden gate lock broken.,Garden,Medium,In Progress,Jyoti Desai
CMP78487,Orchid Petals Society,B-740,Sachin Iyer,Service lift out of order since morning.,Lift,Medium,Resolved,Swati Reddy
CMP33776,Royal Enclave CHS,B-1836,Sandeep Bose,Parking area mein paani bhara hua hai,Parking,High,In Progress,Nisha Kumar
CMP28846,Maple Woods Enclave,B-1304,Jyoti Shah,Corridor light not working - very dark.,Common Area,Medium,Assigned,Ravi Reddy
CMP46153,Ocean View CHS,D-2447,Anjali Kulkarni,Lizards entering flat from outside.,Pest Control,Critical,In Progress,Ravi Reddy
CMP80968,Hillview Cooperative Housing Society,B-427,Rajesh Chopra,Emergency exit door jammed and locked.,Common Area,Medium,Assigned,Shweta Iyer
CMP89990,The Imperial Towers,D-352,Rohit Pillai,Dustbin overflowing in common area.,Housekeeping,Critical,Assigned,Rupali Desai
CMP85419,Desert Rose Apartments,B-1348,Ashok Reddy,Overhead tank overflow causing seepage.,Water Supply,High,Assigned,Jyoti Desai
CMP51102,Hillview Cooperative Housing Society,D-1888,Vikram Bose,Garbage not collected from our floor today.,Housekeeping,High,Open,Rupali Desai
CMP70029,Royal Enclave CHS,D-2295,Anita Menon,Very low water pressure on higher floors.,Water Supply,High,Resolved,Amit Desai
CMP58774,Ocean View CHS,B-1471,Nitin Pillai,Bathroom tap is dripping continuously - water wastage.,Plumbing,Medium,Open,Rajesh Sinha
CMP93333,Silver Springs,C-2122,Manisha Pillai,Table tennis rackets and balls missing.,Clubhouse,High,Assigned,Shruti Singh
CMP53743,Green Meadows CHS Ltd.,A-341,Suresh Das,Gym timings board removed.,Gym,Low,Resolved,Mahesh Singh
CMP58733,Crystal Heights,D-2216,Sandeep Shah,Clubhouse closed without prior notice.,Clubhouse,Medium,Resolved,Rajesh Sinha
CMP27392,Sunrise Enclave,B-104,Abhishek Patel,Common area notice board glass broken.,Common Area,Medium,Resolved,Rupali Desai
CMP74136,Crystal Heights,D-775,Kiran Gupta,Unauthorized persons using clubhouse facilities.,Clubhouse,Medium,Assigned,Ravi Patel
CMP51868,The Imperial Towers,D-2207,Vikas Kumar,Vehicle horn being used unnecessarily in society.,Noise,Medium,Resolved,Ritu Nair
CMP75282,Pearl Residency,A-246,Pooja Shah,Dumbbell weights missing - incomplete set.,Gym,Medium,In Progress,Ashok Reddy
CMP85385,Victoria Apartments,A-2226,Kavita Das,Heavy furniture being dragged at odd hours.,Noise,High,Resolved,Amit Desai
CMP26135,Zenith Towers,C-1547,Shruti Malhotra,Unauthorized persons using clubhouse facilities.,Clubhouse,Medium,Open,Ravi Das
CMP58378,Sunrise Enclave,C-129,Varun Sinha,Leakage from ceiling - upstairs neighbor may have issue.,Plumbing,Critical,Assigned,Madhuri Kulkarni
CMP45436,Harmony Heights,C-379,Vikram Verma,Lift stuck between floors - very dangerous.,Lift,Medium,In Progress,Nisha Kumar
CMP97308,Skyline Residency,C-490,Anil Shah,Clubhouse AC not working properly.,Clubhouse,Critical,In Progress,Swati Reddy
CMP53605,Paradise Heights,C-2447,Ashok Iyer,Car scratched by another vehicle in parking.,Parking,Critical,Assigned,Mahesh Singh
CMP68285,Royal Enclave CHS,D-2477,Sneha Desai,Parking area waterlogged after rain.,Parking,Low,Resolved,Sachin Joshi
CMP17778,Skyline Residency,C-972,Dinesh Reddy,There is water leakage below the kitchen sink.,Plumbing,Medium,Resolved,Shweta Iyer
CMP91004,Serene Waters Society,B-1281,Sneha Gupta,Garbage chute door broken.,Housekeeping,Low,Resolved,Rupali Desai
CMP98171,The Pinnacle CHS,D-350,Pooja Das,Common area wall paint peeling off.,Common Area,Medium,Assigned,Mahesh Singh
CMP48081,The Imperial Towers,A-921,Ravi Rao,Clubhouse washroom taps not working.,Clubhouse,Low,Resolved,Madhuri Das
CMP72332,Green Meadows CHS Ltd.,B-108,Sachin Desai,Dog waste not cleaned from garden regularly.,Garden,Low,Assigned,Jyoti Desai
CMP56340,Grandeur Park Residences,B-1337,Ajay Mehta,Lift door sensor faulty - closes too fast.,Lift,Critical,Open,Jyoti Patel
CMP99543,Paradise Heights,B-499,Suresh Verma,Children's play area swings broken.,Garden,High,Resolved,Amit Iyer
CMP74044,Palm Grove Residences,C-1988,Kiran Gupta,Pool tiles broken - can cause injury.,Swimming Pool,Critical,Assigned,Manisha Das
CMP89912,Hillview Cooperative Housing Society,A-1998,Preeti Patel,Doorbell not functioning.,Electrical,High,Assigned,Ravi Das
CMP96074,Spring Gardens CHS,D-2452,Manisha Malhotra,Service lift out of order since morning.,Lift,High,Assigned,Rupali Desai
CMP27671,Sunrise Enclave,C-876,Vikas Gupta,Garden lights not functioning at night.,Garden,High,Resolved,Ravi Das
CMP48091,Sunrise Enclave,C-464,Swati Agarwal,Pigeons nesting on AC outdoor unit.,Pest Control,Medium,In Progress,Varun Reddy
CMP56751,Zenith Towers,A-1197,Ritu Mehta,Neighbor playing loud music late at night.,Noise,High,Assigned,Rajesh Sinha
CMP18193,Vasant Vihar Apartments,D-1787,Ajay Shah,Pool changing room locks broken.,Swimming Pool,Medium,Assigned,Jyoti Patel
CMP31948,Crystal Heights,D-1539,Manisha Agarwal,Cobwebs all over corridor ceiling.,Housekeeping,Critical,Open,Shruti Singh
CMP20160,Blue Horizons CHS,B-1679,Neha Das,Fire extinguisher expired - needs refilling.,Common Area,Critical,In Progress,Mahesh Das
CMP27557,Vasant Vihar Apartments,A-2164,Anil Menon,Lift making strange grinding noise.,Lift,Critical,Resolved,Madhuri Kulkarni
CMP48729,Lotus Boulevard,A-165,Madhuri Shah,A vehicle is blocking my parking slot.,Parking,Critical,Resolved,Swati Reddy
CMP97067,Orchid Petals Society,A-2477,Shweta Mehta,Underground tank needs urgent cleaning.,Water Supply,High,Resolved,Varun Kulkarni
CMP81717,Royal Enclave CHS,A-653,Rajesh Bose,Life guard absent during pool hours.,Swimming Pool,High,In Progress,Varun Kulkarni
CMP74905,Hillview Cooperative Housing Society,D-609,Sanjay Rao,Staircase railing loose - can cause accident.,Common Area,Low,Assigned,Ravi Das
CMP63996,Spring Gardens CHS,A-1894,Priya Malhotra,Loud arguments and shouting from neighbor's flat.,Noise,Critical,Open,Nisha Kumar
CMP79172,Orchid Petals Society,A-1312,Rohit Iyer,Swimming pool water very dirty - not cleaned.,Clubhouse,Critical,In Progress,Varun Kulkarni
CMP69250,Golden Heights,C-688,Ravi Nair,Lawn grass overgrown - needs cutting.,Garden,Low,In Progress,Kavita Sinha
CMP21355,Palm Grove Residences,B-2110,Ajay Kumar,Society water bill very high - possible leakage.,Water Supply,High,Resolved,Ritu Malhotra
CMP11964,Skyline Residency,B-1115,Nisha Malhotra,Bore well pump not working.,Water Supply,Low,Resolved,Mahesh Das
CMP92090,Desert Rose Apartments,C-1865,Suresh Pillai,Lizards entering flat from outside.,Pest Control,Medium,In Progress,Kiran Menon
CMP37869,Banyan Tree Residences,C-975,Jyoti Kapoor,Overhead tank overflow causing seepage.,Water Supply,High,Assigned,Rupali Desai
CMP67907,Paradise Heights,D-2495,Mahesh Patel,Garden sprinklers not working properly.,Garden,Low,In Progress,Sachin Joshi
CMP90326,Serene Waters Society,A-2050,Ritu Menon,Socket kaam nahi kar raha hai boss,Electrical,High,Assigned,Ritu Malhotra
CMP51538,Paradise Heights,C-1297,Kiran Iyer,Light jal nahi rahi,Electrical,Low,Open,Dinesh Kapoor
CMP48989,Palm Grove Residences,C-224,Swati Kulkarni,Security guard sleeping on duty at night.,Security,Low,Open,Shweta Iyer
CMP13926,Eco-Village CHS,A-1396,Manisha Menon,Pool changing room locks broken.,Swimming Pool,Low,Resolved,Manisha Das
CMP35223,Harmony Heights,B-625,Pallavi Nair,Garden bench damaged and needs repair.,Garden,Medium,Open,Abhishek Sharma
CMP88834,Green Meadows CHS Ltd.,B-1237,Pooja Rao,Pigeons nesting on AC outdoor unit.,Pest Control,Low,In Progress,Jyoti Patel
CMP28378,Eco-Village CHS,C-516,Ritu Menon,WC seat broken and needs replacement.,Plumbing,Critical,Assigned,Mahesh Das
CMP10752,Crystal Heights,A-1687,Ritu Kulkarni,Clubhouse lights not working in evening.,Clubhouse,Critical,Open,Amit Desai
CMP93089,Palm Grove Residences,B-1410,Jyoti Kapoor,Security guard sleeping on duty at night.,Security,Medium,Open,Madhuri Das
CMP16898,Orchid Petals Society,B-1401,Priya Iyer,E-waste collection bin overflowing.,Waste Management,High,Assigned,Ravi Patel
CMP56577,Lotus Boulevard,A-2106,Rajesh Agarwal,Pool tiles broken - can cause injury.,Swimming Pool,Low,Assigned,Deepika Gupta
CMP39122,Diamond Plaza,D-2104,Meera Verma,Water supply timing irregular - unpredictable.,Water Supply,Low,Assigned,Deepika Gupta
CMP79962,Hillview Cooperative Housing Society,C-1975,Anil Malhotra,Residents not segregating wet and dry waste.,Waste Management,High,Resolved,Amit Desai
CMP50574,Crystal Heights,D-511,Vikram Iyer,Pool changing room locks broken.,Swimming Pool,Medium,Resolved,Rupali Desai
CMP33824,Spring Gardens CHS,A-891,Shruti Desai,Common area washroom very dirty.,Housekeeping,Medium,Resolved,Varun Reddy
CMP88876,Ruby Residency,D-1081,Saurabh Joshi,Dustbin overflowing in common area.,Housekeeping,Critical,Resolved,Deepika Gupta
CMP50155,Royal Enclave CHS,B-463,Saurabh Gupta,Visitor entered without proper verification.,Security,High,In Progress,Amit Desai
CMP82751,Silver Oaks Apartment Owners Association,B-1261,Vikas Sharma,Bathroom cha tap band hot nahi,Plumbing,High,Open,Mahesh Singh
CMP26293,Diamond Plaza,B-411,Meera Kumar,Pool timings not displayed properly.,Swimming Pool,Medium,Assigned,Mahesh Singh
CMP50896,Orchid Petals Society,D-448,Komal Das,Tube light flickering continuously.,Electrical,Critical,Resolved,Rajesh Sinha
CMP99592,Grandeur Park Residences,C-1565,Ravi Agarwal,Depth markings not visible.,Swimming Pool,High,Resolved,Nisha Kumar
CMP60237,Spring Gardens CHS,A-839,Deepika Agarwal,Bore well pump not working.,Water Supply,Critical,In Progress,Mahesh Das
CMP50524,Green Meadows CHS Ltd.,B-614,Mahesh Agarwal,Plastic waste burning in society - health hazard.,Waste Management,Medium,In Progress,Rajesh Sinha
CMP70049,Zenith Towers,D-1374,Manisha Gupta,Plastic waste burning in society - health hazard.,Waste Management,Medium,Open,Ravi Agarwal
CMP34583,Zenith Towers,C-303,Jyoti Das,Bore well pump not working.,Water Supply,Low,In Progress,Varun Reddy
CMP44588,Green Meadows CHS Ltd.,D-1203,Sachin Das,Lobby ceiling leakage during rain.,Common Area,Low,Assigned,Ravi Reddy
CMP78076,Royal Enclave CHS,C-1197,Priya Nair,Pool water not chlorinated - unhygienic.,Swimming Pool,High,Assigned,Ashok Reddy
CMP77407,Blue Horizons CHS,D-2374,Pooja Patel,Lobby floor tiles need mopping urgently.,Housekeeping,Medium,Assigned,Swati Reddy
CMP48573,Maple Woods Enclave,B-1327,Abhishek Pillai,Fruit flies in kitchen - very unhygienic.,Pest Control,Medium,Assigned,Jyoti Desai
CMP60996,Hillview Cooperative Housing Society,D-1716,Sachin Gupta,Bed bugs in bedroom - very serious problem.,Pest Control,Low,In Progress,Mahesh Singh
CMP60355,Green Meadows CHS Ltd.,C-187,Preeti Sharma,Dumbbell weights missing - incomplete set.,Gym,Critical,Assigned,Ravi Agarwal
CMP16071,Blue Horizons CHS,A-1498,Madhuri Reddy,Bathroom cha tap band hot nahi,Plumbing,High,In Progress,Mahesh Singh
CMP41637,Banyan Tree Residences,B-648,Rupali Singh,Pool changing room locks broken.,Swimming Pool,Low,Open,Varun Reddy
CMP64269,Whispering Willows CHS,B-2240,Madhuri Shah,Nameplate board outside flat damaged.,Common Area,Medium,In Progress,Ravi Agarwal
CMP60402,Platinum Towers,B-2455,Anil Nair,Pool ladder rusted and unsafe.,Swimming Pool,Low,In Progress,Shweta Iyer
CMP66492,Sapphire Heights Cooperative Housing Society,A-1096,Deepika Sinha,Lift kharab jhali ahe,Lift,Medium,Assigned,Rajesh Sinha
CMP30804,Serene Waters Society,B-1071,Pooja Iyer,Cockroaches coming from neighbor's flat.,Pest Control,Low,Open,Ravi Agarwal
CMP90460,Platinum Towers,C-1343,Varun Rao,Fruit flies in kitchen - very unhygienic.,Pest Control,Critical,Resolved,Dinesh Kapoor
CMP33822,Emerald Bay CHS,C-1764,Ramesh Nair,Treadmill not working for past week.,Gym,High,In Progress,Nisha Kumar
CMP83488,Vasant Vihar Apartments,A-1741,Rajesh Kulkarni,Socket kaam nahi kar raha hai boss,Electrical,Low,Resolved,Madhuri Kulkarni
CMP53296,Blue Horizons CHS,D-2466,Rakesh Kulkarni,Security guard kuch check hi nahi karta entry pe,Security,Critical,Assigned,Ravi Reddy
CMP21242,Skyline Residency,D-468,Sneha Pillai,Clubhouse washroom taps not working.,Clubhouse,Medium,In Progress,Deepika Gupta
CMP37610,Sunrise Enclave,C-542,Priya Kumar,Cockroaches coming from neighbor's flat.,Pest Control,Low,Resolved,Amit Iyer
CMP11105,Orchid Petals Society,C-2296,Mahesh Singh,Light switch broken - needs replacement.,Electrical,Critical,Assigned,Rajesh Sinha
CMP50428,Shanti Vihar Apartments,A-2419,Pallavi Agarwal,Gate access card not working.,Security,High,Resolved,Ashok Reddy
CMP83947,Emerald Bay CHS,C-969,Vikram Das,Main gate boom barrier not functioning.,Security,High,Open,Shweta Iyer
CMP36596,Golden Gate Apartments,B-2265,Sunita Malhotra,Garden lights not functioning at night.,Garden,High,In Progress,Shruti Singh
CMP35361,Crystal Heights,A-910,Varun Shah,WC seat broken and needs replacement.,Plumbing,Medium,Open,Ravi Das
CMP62620,Platinum Towers,D-195,Swati Agarwal,Bathroom tap is dripping continuously - water wastage.,Plumbing,High,Open,Ritu Malhotra
CMP63557,Platinum Towers,C-1612,Rupali Agarwal,Too many mosquitoes due to stagnant water in garden.,Garden,High,Open,Rajesh Sinha
CMP26712,Green Meadows CHS Ltd.,A-1816,Ravi Menon,Lift stuck between floors - very dangerous.,Lift,Critical,In Progress,Manisha Das
CMP62258,Golden Gate Apartments,C-897,Kavita Sinha,Bhai bathroom ke niche se paani leak ho raha hai,Plumbing,High,Assigned,Varun Reddy
CMP16937,Palm Grove Residences,D-2046,Meera Iyer,Pankha awaaz karto,Electrical,Low,Open,Mahesh Das
CMP78435,Victoria Apartments,A-1876,Sandeep Patel,Garden lights not functioning at night.,Garden,Critical,In Progress,Sachin Joshi
CMP74426,Sapphire Heights Cooperative Housing Society,D-1632,Shweta Singh,Unknown person loitering in basement parking.,Security,Low,Open,Dinesh Kapoor
CMP34283,Eco-Village CHS,B-2072,Ajay Shah,Tube light flickering continuously.,Electrical,Medium,In Progress,Nisha Kumar
CMP61626,Silver Springs,B-941,Pooja Kulkarni,Security guard duty pe nahi hai,Security,Low,Resolved,Kiran Menon
CMP73446,Sapphire Heights Cooperative Housing Society,A-1362,Ajay Patel,Corridor light not working - very dark.,Common Area,Medium,In Progress,Varun Kulkarni
CMP26695,Palm Grove Residences,B-2004,Meera Joshi,Shower area not functioning.,Swimming Pool,Critical,In Progress,Ravi Das
CMP97703,Skyline Residency,C-1222,Komal Kapoor,Life guard absent during pool hours.,Swimming Pool,Medium,Assigned,Madhuri Kulkarni
CMP17842,The Imperial Towers,C-1794,Madhuri Kulkarni,Very low water pressure on higher floors.,Water Supply,Critical,In Progress,Ashok Reddy
CMP18251,Silver Oaks Apartment Owners Association,B-1444,Sneha Kumar,Gym floor mat torn - slipping hazard.,Gym,Critical,Assigned,Ritu Nair
CMP59783,Sunset Point Apartments,B-192,Pallavi Reddy,Gym equipment broken and unsafe to use.,Clubhouse,High,Assigned,Shweta Iyer
CMP41887,Pearl Residency,B-1910,Anil Desai,Fan awaaz kar raha hai,Electrical,Low,Assigned,Jyoti Desai
CMP10401,Zenith Towers,A-1408,Ravi Kapoor,A vehicle is blocking my parking slot.,Parking,Medium,Resolved,Ritu Nair
CMP64281,Vasant Vihar Apartments,D-1774,Abhishek Reddy,Bore well pump not working.,Water Supply,High,In Progress,Amit Iyer
CMP20807,Crystal Heights,B-1544,Priya Verma,Termites eating wooden furniture.,Pest Control,Low,Assigned,Sachin Joshi
CMP10421,Shanti Vihar Apartments,A-2436,Anjali Nair,Dumbbell weights missing - incomplete set.,Gym,High,Resolved,Ravi Patel
CMP73261,Sunset Point Apartments,A-399,Manoj Iyer,Bathroom ka tap band nahi ho raha,Plumbing,Medium,Resolved,Ravi Das
CMP82274,Serene Waters Society,D-163,Anita Das,Lift overload alarm malfunctioning.,Lift,Low,Open,Madhuri Das
CMP77873,Paradise Heights,B-686,Abhishek Mehta,Lift making strange grinding noise.,Lift,High,Open,Ravi Agarwal
CMP98070,Crystal Heights,B-494,Amit Menon,Unknown person loitering in basement parking.,Security,High,In Progress,Deepika Gupta
CMP63410,Shanti Vihar Apartments,D-257,Pankaj Agarwal,Housekeeping staff coming late daily.,Housekeeping,Medium,In Progress,Madhuri Kulkarni
CMP62940,Ruby Residency,D-362,Sanjay Reddy,Underground tank needs urgent cleaning.,Water Supply,Medium,Resolved,Ritu Nair
CMP18132,Whispering Willows CHS,B-1799,Rajesh Agarwal,Clubhouse booking system not functioning.,Clubhouse,High,Assigned,Sachin Joshi
CMP75315,Orchid Petals Society,C-216,Rakesh Rao,Unauthorized vehicle parked in society.,Security,Medium,Resolved,Ravi Das
CMP28070,Desert Rose Apartments,D-191,Seema Chopra,Corridor light not working - very dark.,Common Area,High,Assigned,Ashok Reddy
CMP14572,Cedar Crest Society,A-1216,Shweta Chopra,Vehicle without society sticker parked for many days.,Parking,Low,Assigned,Ravi Reddy
CMP99430,Royal Enclave CHS,B-149,Preeti Desai,Neighbor playing loud music late at night.,Noise,Low,Resolved,Sachin Joshi
CMP61718,Whispering Willows CHS,C-1261,Dinesh Nair,Lift mein bahut awaaz aa rahi hai,Lift,Medium,In Progress,Amit Iyer
CMP65746,Eco-Village CHS,D-1741,Mahesh Patel,Letter box lock broken - security risk.,Common Area,Medium,Assigned,Amit Iyer
CMP64875,The Meadows,A-588,Vikas Iyer,Fan awaaz kar raha hai,Electrical,Critical,Resolved,Shruti Singh
CMP14984,Vasant Vihar Apartments,C-2431,Rupali Malhotra,Residents not segregating wet and dry waste.,Waste Management,High,Assigned,Amit Iyer
CMP37552,Green Meadows CHS Ltd.,B-561,Sunita Joshi,Spider webs all over balcony.,Pest Control,Medium,In Progress,Mahesh Singh
CMP94764,Green Meadows CHS Ltd.,C-1815,Pallavi Pillai,Shower area not functioning.,Swimming Pool,Medium,In Progress,Deepika Gupta
CMP94805,Ocean View CHS,C-2404,Anil Singh,Letter box lock broken - security risk.,Common Area,Medium,Assigned,Jyoti Desai
CMP74859,Shanti Vihar Apartments,D-2414,Komal Bose,Drainage pipe blocked - water overflowing in bathroom.,Plumbing,Medium,Assigned,Ashok Reddy
CMP74407,Sunset Point Apartments,D-1628,Komal Iyer,Socket kaam nahi kar raha hai boss,Electrical,High,In Progress,Dinesh Kapoor
CMP72538,The Imperial Towers,C-175,Dinesh Reddy,Too many mosquitoes - fogging required.,Pest Control,Critical,Assigned,Madhuri Das
CMP45737,Diamond Plaza,A-1736,Vikram Malhotra,Lift number 2 has stopped working.,Lift,Medium,Assigned,Kavita Sinha
CMP96565,Sapphire Heights Cooperative Housing Society,C-1186,Manoj Menon,Treadmill not working for past week.,Gym,Critical,Resolved,Ravi Reddy
CMP15583,The Imperial Towers,B-1091,Jyoti Sinha,Staircase very dirty - not cleaned for days.,Housekeeping,Medium,In Progress,Ravi Agarwal
CMP40969,Grandeur Park Residences,A-863,Shweta Shah,Unknown person loitering in basement parking.,Security,Low,Open,Mahesh Das
CMP86307,Lotus Boulevard,C-450,Neha Menon,A vehicle is blocking my parking slot.,Parking,Medium,Assigned,Madhuri Kulkarni
CMP64261,Royal Enclave CHS,C-1713,Kavita Sharma,Weight machine cable broken.,Gym,Medium,Assigned,Manisha Das
CMP94696,Vasant Vihar Apartments,A-2145,Swati Agarwal,Bore well pump not working.,Water Supply,Low,Resolved,Amit Iyer
CMP97261,Ruby Residency,A-381,Rakesh Das,Common area washroom very dirty.,Housekeeping,Critical,Resolved,Jyoti Patel
CMP85659,Maple Woods Enclave,B-2220,Sanjay Agarwal,Entrance door closer not working.,Common Area,Medium,Open,Swati Reddy
CMP88868,Emerald Bay CHS,D-2302,Ajay Desai,Security guard sleeping on duty at night.,Security,Low,Open,Ravi Das
CMP38762,Royal Enclave CHS,C-2101,Sandeep Mehta,CCTV toh kaam hi nahi karta,Security,Low,Resolved,Sachin Joshi
CMP57482,Orchid Petals Society,B-2274,Amit Kulkarni,Flush kharab hai,Plumbing,Low,In Progress,Amit Desai
CMP27010,Sunset Point Apartments,A-2207,Shweta Rao,Gym mirror cracked - dangerous.,Gym,Medium,Resolved,Ravi Patel
CMP51566,Shanti Vihar Apartments,C-331,Rakesh Sharma,Too many mosquitoes due to stagnant water in garden.,Garden,High,In Progress,Madhuri Kulkarni
CMP31934,Crystal Heights,A-1109,Kiran Das,Garden gate lock broken.,Garden,Medium,In Progress,Ritu Malhotra
CMP20928,Shanti Vihar Apartments,B-901,Abhishek Joshi,Socket kaam nahi kar raha hai boss,Electrical,Low,Open,Kavita Sinha
CMP16945,The Imperial Towers,D-1767,Swati Malhotra,Clubhouse closed without prior notice.,Clubhouse,Medium,Assigned,Manisha Das
CMP81039,Whispering Willows CHS,D-1585,Shruti Chopra,Yaar light nahi aa rahi room mein,Electrical,High,In Progress,Jyoti Patel
CMP71286,Blue Horizons CHS,C-1958,Varun Menon,Fire extinguisher expired - needs refilling.,Common Area,Low,Assigned,Abhishek Sharma
CMP37286,Pearl Residency,A-550,Manoj Verma,Composting pit emitting foul odor.,Waste Management,Low,In Progress,Rajesh Sinha
CMP26955,Emerald Bay CHS,B-1755,Anjali Menon,No water supply since morning in our flat.,Water Supply,Low,In Progress,Abhishek Sharma
CMP54255,Palm Grove Residences,D-339,Sandeep Kumar,Light jal nahi rahi,Electrical,Low,Resolved,Dinesh Kapoor
CMP59356,Crystal Heights,B-1568,Komal Das,Dumbbell weights missing - incomplete set.,Gym,Low,Open,Ashok Reddy
CMP85797,Spring Gardens CHS,A-943,Sunita Iyer,Very low water pressure on higher floors.,Water Supply,Medium,Assigned,Sachin Joshi
CMP83910,Green Meadows CHS Ltd.,D-444,Ashok Kapoor,Plastic waste burning in society - health hazard.,Waste Management,High,Open,Deepika Gupta
CMP38120,The Meadows,C-2199,Rupali Patel,There is water leakage below the kitchen sink.,Plumbing,Medium,Open,Varun Reddy
CMP18223,Eco-Village CHS,C-914,Suresh Rao,Gym door lock jammed.,Gym,Low,Resolved,Ravi Reddy
CMP24892,Emerald Bay CHS,D-2306,Pallavi Kumar,Very low water pressure on higher floors.,Water Supply,Medium,Open,Ravi Reddy
CMP46254,Royal Enclave CHS,D-1955,Vikram Sinha,Spider webs all over balcony.,Pest Control,Critical,In Progress,Shweta Iyer
CMP77077,Emerald Bay CHS,C-2375,Varun Verma,Flush kharab jhala ahe,Plumbing,High,In Progress,Kavita Sinha
CMP76466,Sapphire Heights Cooperative Housing Society,C-1982,Kavita Agarwal,CCTV camera in our floor not working.,Security,Medium,Assigned,Jyoti Patel
CMP61435,Diamond Plaza,A-673,Ramesh Singh,Overgrown bushes blocking walkway.,Garden,High,Resolved,Varun Reddy
CMP27566,Grandeur Park Residences,C-1158,Sachin Desai,Society water bill very high - possible leakage.,Water Supply,Critical,Resolved,Varun Reddy
CMP10455,Eco-Village CHS,C-581,Nisha Sharma,Security not checking delivery personnel properly.,Security,Medium,Assigned,Jyoti Patel
CMP59387,Sunrise Enclave,A-1359,Ajay Gupta,Underground tank needs urgent cleaning.,Water Supply,Medium,Resolved,Sachin Joshi
CMP13651,Orchid Petals Society,B-2283,Priya Shah,Housekeeping staff coming late daily.,Housekeeping,Medium,Resolved,Swati Reddy
CMP60971,Sunset Point Apartments,A-1279,Sunita Mehta,Bad smell from garbage collection area.,Waste Management,Medium,In Progress,Amit Iyer
CMP12939,Shanti Vihar Apartments,C-709,Rajesh Joshi,Party in neighboring flat - very loud till 2 AM.,Noise,High,Assigned,Deepika Gupta
CMP24557,The Imperial Towers,B-1167,Rakesh Kapoor,Security guard duty pe nahi hai,Security,Low,In Progress,Ravi Reddy
CMP56302,Silver Springs,A-1101,Sneha Desai,CCTV camera in our floor not working.,Security,Medium,Resolved,Shruti Singh
CMP61664,Palm Grove Residences,D-496,Neha Malhotra,Spider webs all over balcony.,Pest Control,Low,Resolved,Madhuri Das
CMP25446,Harmony Heights,C-362,Madhuri Das,Parking full waterlogged hai,Parking,Low,Open,Kavita Sinha
CMP44701,Sapphire Heights Cooperative Housing Society,D-2452,Nisha Kumar,Lobby ceiling leakage during rain.,Common Area,Medium,Resolved,Amit Desai
CMP20017,Crystal Heights,B-2094,Meera Rao,Weight machine cable broken.,Gym,Critical,Open,Madhuri Kulkarni
CMP60580,Skyline Residency,B-1992,Mahesh Patel,Unauthorized persons using clubhouse facilities.,Clubhouse,Medium,In Progress,Ravi Das
CMP18083,Desert Rose Apartments,C-1573,Vikram Patel,Socket kaam nahi kar raha hai boss,Electrical,High,Open,Madhuri Kulkarni
CMP82838,Maple Woods Enclave,C-174,Komal Sinha,Drainage pipe blocked - water overflowing in bathroom.,Plumbing,Critical,Assigned,Amit Iyer
CMP61412,Golden Gate Apartments,B-820,Sandeep Shah,Lift kharab ho gayi hai,Lift,Low,Open,Ritu Malhotra
CMP24947,Vasant Vihar Apartments,D-471,Ritu Reddy,Gym exhaust fan not working - suffocating.,Gym,High,Resolved,Sachin Joshi
CMP84799,Vasant Vihar Apartments,B-815,Shweta Bose,Gym AC insufficient - too hot inside.,Gym,Medium,Resolved,Mahesh Singh
CMP49489,Desert Rose Apartments,D-572,Anjali Agarwal,Gym door lock jammed.,Gym,Low,Open,Ashok Reddy
CMP62430,The Imperial Towers,A-691,Sandeep Joshi,E-waste collection bin overflowing.,Waste Management,High,In Progress,Jyoti Desai
CMP55053,The Meadows,A-1767,Sanjay Desai,Lizards entering flat from outside.,Pest Control,High,Open,Deepika Gupta
CMP94829,Spring Gardens CHS,B-2311,Rupali Sinha,Music practice during afternoon quiet hours.,Noise,Critical,In Progress,Ritu Malhotra
CMP93535,Blue Horizons CHS,C-1846,Nitin Shah,Gym exhaust fan not working - suffocating.,Gym,Medium,In Progress,Mahesh Singh
CMP97095,Banyan Tree Residences,C-1461,Seema Nair,Two-wheeler parked in car parking area.,Parking,Medium,Open,Mahesh Singh
CMP43672,Harmony Heights,D-2358,Ashok Sharma,Flush is not working properly - water keeps running.,Plumbing,Low,In Progress,Shweta Iyer
CMP66004,Desert Rose Apartments,B-2446,Pallavi Das,Table tennis rackets and balls missing.,Clubhouse,High,In Progress,Dinesh Kapoor
CMP76380,The Pinnacle CHS,D-670,Anil Verma,Pool changing room locks broken.,Swimming Pool,Low,Resolved,Nisha Kumar
CMP61262,Serene Waters Society,A-197,Nitin Pillai,Pool ladder rusted and unsafe.,Swimming Pool,Low,In Progress,Madhuri Kulkarni
CMP42690,Platinum Towers,D-1813,Varun Iyer,Gym floor mat torn - slipping hazard.,Gym,Medium,In Progress,Ashok Reddy
CMP99526,Zenith Towers,B-1695,Anjali Patel,Parking slot number faded - need repainting.,Parking,Medium,Assigned,Kavita Sinha
CMP11854,Blue Horizons CHS,D-219,Ajay Pillai,Cockroaches coming from neighbor's flat.,Pest Control,Medium,Assigned,Abhishek Sharma
CMP99326,Golden Gate Apartments,D-1974,Shweta Chopra,Bathroom tap is dripping continuously - water wastage.,Plumbing,Critical,Open,Ravi Das
CMP36168,Ocean View CHS,D-2170,Sanjay Bose,Lobby ceiling leakage during rain.,Common Area,Low,Open,Ravi Agarwal
CMP98987,Blue Horizons CHS,C-209,Vikas Shah,Loud arguments and shouting from neighbor's flat.,Noise,High,Open,Kiran Menon
CMP83499,Cedar Crest Society,C-214,Rupali Sharma,Parking area mein paani bhara hua hai,Parking,Medium,In Progress,Jyoti Patel
CMP35396,Banyan Tree Residences,A-1052,Rupali Agarwal,Lift ki door properly close nahi hoti,Lift,High,Assigned,Madhuri Kulkarni
CMP13191,Pearl Residency,B-2110,Sunita Chopra,Kitchen ke sink ke neeche paani leak ho raha hai,Plumbing,High,Resolved,Rajesh Sinha
CMP60054,Blue Horizons CHS,D-477,Rupali Kapoor,Loud arguments and shouting from neighbor's flat.,Noise,Low,Resolved,Abhishek Sharma
CMP79674,Spring Gardens CHS,C-1006,Kavita Desai,Dogs barking loudly throughout night.,Noise,High,Assigned,Ritu Nair
CMP55039,Green Meadows CHS Ltd.,A-672,Amit Joshi,Construction noise from upstairs flat during quiet hours.,Noise,Medium,In Progress,Swati Reddy
CMP50347,Silver Springs,A-1029,Rupali Singh,Clubhouse washroom taps not working.,Clubhouse,Critical,Open,Manisha Das
CMP27821,Ruby Residency,C-2239,Sachin Nair,Unauthorized vehicle parked in society.,Security,Critical,Open,Madhuri Das
CMP49369,Paradise Heights,B-1871,Neha Menon,Construction noise from upstairs flat during quiet hours.,Noise,Medium,In Progress,Manisha Das
CMP55156,Victoria Apartments,D-1004,Sandeep Sinha,Bad smell from garbage collection area.,Waste Management,High,Open,Jyoti Desai
CMP70910,The Pinnacle CHS,C-2285,Suresh Shah,Spider webs all over balcony.,Pest Control,High,Resolved,Abhishek Sharma
CMP71970,Sapphire Heights Cooperative Housing Society,C-1701,Meera Sinha,Lizards entering flat from outside.,Pest Control,Low,Open,Nisha Kumar
CMP26808,Golden Gate Apartments,D-240,Jyoti Joshi,Garden lights not functioning at night.,Garden,Critical,In Progress,Kiran Menon
CMP71385,Silver Oaks Apartment Owners Association,A-1625,Ravi Malhotra,Unauthorized persons using clubhouse facilities.,Clubhouse,Low,Assigned,Deepika Gupta
CMP95992,The Meadows,B-637,Vikas Sharma,Society water bill very high - possible leakage.,Water Supply,Low,Open,Dinesh Kapoor
CMP99090,Platinum Towers,B-1217,Ashok Mehta,Plastic waste burning in society - health hazard.,Waste Management,High,In Progress,Varun Kulkarni
CMP19462,Victoria Apartments,C-137,Ritu Agarwal,Water supply timing irregular - unpredictable.,Water Supply,Medium,Open,Abhishek Sharma
CMP48090,Banyan Tree Residences,A-380,Shweta Das,Construction noise from upstairs flat during quiet hours.,Noise,High,Resolved,Kiran Menon
CMP74182,Hillview Cooperative Housing Society,B-1463,Shweta Patel,Staircase very dirty - not cleaned for days.,Housekeeping,Low,Open,Mahesh Singh
CMP62654,Spring Gardens CHS,B-722,Swati Kapoor,Music practice during afternoon quiet hours.,Noise,Critical,Resolved,Madhuri Das
CMP62761,Orchid Petals Society,D-1918,Neha Agarwal,Yoga room floor mat torn and unhygienic.,Clubhouse,Medium,Resolved,Deepika Gupta
CMP98184,Orchid Petals Society,A-1698,Swati Singh,Parking area mein paani bhara hua hai,Parking,Medium,In Progress,Ravi Agarwal
CMP76350,Shanti Vihar Apartments,D-325,Nisha Chopra,Lawn grass overgrown - needs cutting.,Garden,High,In Progress,Swati Reddy
CMP93451,Pearl Residency,B-313,Ramesh Reddy,Lift cabin light not working - dark inside.,Lift,Low,Resolved,Ravi Patel
CMP74509,Ocean View CHS,B-356,Seema Kapoor,Parking full waterlogged hai,Parking,Low,Resolved,Amit Iyer
CMP59937,Paradise Heights,C-1109,Meera Gupta,Spider webs all over balcony.,Pest Control,Medium,Resolved,Varun Reddy
CMP77677,Zenith Towers,D-988,Komal Verma,Gate access card not working.,Security,Medium,Resolved,Deepika Gupta
CMP64403,The Pinnacle CHS,D-1639,Ramesh Singh,Garden gate lock broken.,Garden,Critical,In Progress,Amit Desai
CMP52565,Harmony Heights,B-1455,Ajay Sharma,Security guard duty pe nahi hai,Security,Critical,In Progress,Jyoti Patel
CMP58226,Silver Oaks Apartment Owners Association,A-962,Nisha Sinha,Yoga room floor mat torn and unhygienic.,Clubhouse,Critical,Open,Ritu Malhotra
CMP13946,Shanti Vihar Apartments,C-2383,Pallavi Das,Yoga room floor mat torn and unhygienic.,Clubhouse,High,Resolved,Jyoti Desai
CMP76474,Hillview Cooperative Housing Society,A-1358,Ashok Agarwal,Treadmill not working for past week.,Gym,Critical,Resolved,Kavita Sinha
CMP15930,Royal Enclave CHS,D-1069,Suresh Kulkarni,No water supply since morning in our flat.,Water Supply,Low,Assigned,Mahesh Singh
CMP14781,Lotus Boulevard,B-2204,Ashok Bose,Flush kharab hai,Plumbing,Critical,Resolved,Dinesh Kapoor
CMP36271,Serene Waters Society,C-930,Sanjay Agarwal,Staircase light not working for past 3 days.,Electrical,Medium,Resolved,Ashok Reddy
CMP30924,Spring Gardens CHS,D-973,Anil Pillai,Pool tiles broken - can cause injury.,Swimming Pool,High,Open,Varun Reddy
CMP28720,Banyan Tree Residences,C-1474,Nitin Sinha,Common area notice board glass broken.,Common Area,Low,Open,Jyoti Patel
CMP29443,Sunset Point Apartments,A-595,Vikram Kapoor,Kitchen ke sink ke neeche paani leak ho raha hai,Plumbing,Critical,In Progress,Jyoti Desai
CMP15847,Maple Woods Enclave,B-1456,Sandeep Gupta,Clubhouse booking system not functioning.,Clubhouse,Critical,In Progress,Kavita Sinha
CMP93898,Green Meadows CHS Ltd.,D-2394,Manisha Sinha,Dog waste not cleaned from garden regularly.,Garden,Critical,Open,Mahesh Singh
CMP84329,Ocean View CHS,A-608,Rohit Desai,MCB baar baar trip ho raha hai,Electrical,Low,In Progress,Ashok Reddy
CMP62486,Desert Rose Apartments,D-919,Vikram Malhotra,Lift cabin smelling bad - needs cleaning.,Housekeeping,Critical,Assigned,Ravi Patel
CMP74792,Sunset Point Apartments,C-1414,Sneha Sharma,Mere slot mein kisi ne gaadi park kar di hai yaar,Parking,Low,Assigned,Rupali Desai
CMP93719,The Meadows,B-1725,Pankaj Kapoor,Emergency exit door jammed and locked.,Common Area,Low,In Progress,Swati Reddy
CMP54382,Spring Gardens CHS,B-602,Madhuri Sharma,Cobwebs all over corridor ceiling.,Housekeeping,Low,Assigned,Amit Desai
CMP34307,Blue Horizons CHS,A-1765,Sneha Desai,Overhead tank overflow causing seepage.,Water Supply,Medium,Open,Mahesh Das
CMP80927,Green Meadows CHS Ltd.,A-656,Rupali Kumar,Lift indicator showing wrong floor numbers.,Lift,Low,In Progress,Swati Reddy
CMP21682,Whispering Willows CHS,C-1582,Neha Mehta,Party in neighboring flat - very loud till 2 AM.,Noise,High,Assigned,Nisha Kumar
CMP37104,The Imperial Towers,B-2248,Mahesh Verma,Parking area mein paani bhara hua hai,Parking,Medium,Resolved,Jyoti Desai
CMP23532,Whispering Willows CHS,B-1922,Kavita Kapoor,Lift overload alarm malfunctioning.,Lift,Medium,In Progress,Mahesh Das
CMP96638,Silver Springs,D-2183,Ravi Kumar,Clubhouse closed without prior notice.,Clubhouse,Low,In Progress,Shweta Iyer
CMP95364,Palm Grove Residences,C-1726,Ravi Patel,Clubhouse AC not working properly.,Clubhouse,Medium,Open,Ritu Nair
CMP58228,Lotus Boulevard,B-215,Sanjay Menon,Lobby floor tiles need mopping urgently.,Housekeeping,Critical,In Progress,Ritu Nair
CMP69061,The Meadows,C-1064,Deepika Pillai,Neighbor playing loud music late at night.,Noise,High,Open,Nisha Kumar
CMP11487,Orchid Petals Society,C-2039,Shruti Shah,AC point not providing power.,Electrical,High,In Progress,Varun Reddy
CMP80415,Whispering Willows CHS,A-970,Dinesh Sinha,Life guard absent during pool hours.,Swimming Pool,Medium,In Progress,Ashok Reddy
CMP38184,Ocean View CHS,A-921,Amit Kulkarni,Very low water pressure on higher floors.,Water Supply,Medium,In Progress,Kiran Menon
CMP59701,Shanti Vihar Apartments,D-113,Amit Chopra,Spider webs all over balcony.,Pest Control,High,In Progress,Abhishek Sharma
CMP54327,Harmony Heights,A-665,Rohit Menon,Clubhouse closed without prior notice.,Clubhouse,Low,Open,Kiran Menon
CMP36876,Serene Waters Society,C-2423,Rohit Iyer,Guest parking area always full - no space.,Parking,Critical,Open,Abhishek Sharma
CMP95740,The Imperial Towers,A-599,Sunita Shah,Lift ki door properly close nahi hoti,Lift,Critical,Resolved,Sachin Joshi
CMP42132,Banyan Tree Residences,D-691,Rohit Desai,Bad smell from garbage collection area.,Waste Management,High,Resolved,Dinesh Kapoor
CMP18809,The Imperial Towers,C-410,Sachin Shah,CCTV camera kaam karat nahi,Security,Medium,Open,Mahesh Das
CMP14715,Hillview Cooperative Housing Society,C-2353,Pankaj Rao,CCTV camera kaam karat nahi,Security,High,Resolved,Shruti Singh
CMP72753,Blue Horizons CHS,D-1928,Sunita Gupta,Too many mosquitoes - fogging required.,Pest Control,Critical,Resolved,Sachin Joshi
CMP78148,Lotus Boulevard,C-356,Anil Menon,Pool ladder rusted and unsafe.,Swimming Pool,High,Assigned,Mahesh Das
CMP30468,Zenith Towers,D-1421,Meera Singh,Garbage collection timing too early.,Waste Management,High,Assigned,Madhuri Kulkarni
CMP98943,Pearl Residency,B-1739,Preeti Kapoor,No separate bin for medical waste.,Waste Management,Medium,Open,Mahesh Das
CMP25817,Emerald Bay CHS,D-1103,Ritu Kumar,Socket kaam nahi kar raha hai boss,Electrical,Critical,In Progress,Swati Reddy
CMP99013,Shanti Vihar Apartments,B-2493,Vikram Bose,Housekeeping staff coming late daily.,Housekeeping,High,Resolved,Ritu Malhotra
CMP84068,Banyan Tree Residences,A-1489,Rohit Chopra,Gym door lock jammed.,Gym,Critical,Open,Shweta Iyer
CMP41000,Orchid Petals Society,B-691,Ashok Malhotra,Clubhouse closed without prior notice.,Clubhouse,High,Resolved,Swati Reddy
CMP99081,Cedar Crest Society,D-2009,Anita Kulkarni,Gym mirror cracked - dangerous.,Gym,Critical,Open,Dinesh Kapoor
CMP22752,Spring Gardens CHS,D-2172,Rupali Shah,Clubhouse AC not working properly.,Clubhouse,Medium,Assigned,Nisha Kumar
CMP26394,Platinum Towers,A-556,Pooja Desai,Spider webs all over balcony.,Pest Control,High,In Progress,Madhuri Das
CMP28570,Pearl Residency,B-1731,Rupali Gupta,Society water bill very high - possible leakage.,Water Supply,Low,Open,Madhuri Kulkarni
CMP41277,Paradise Heights,A-108,Pallavi Das,Security guard duty pe nahi hai,Security,Medium,Resolved,Jyoti Desai
CMP25268,Crystal Heights,C-345,Mahesh Mehta,Pool water not chlorinated - unhygienic.,Swimming Pool,Medium,Open,Ritu Nair
CMP99756,The Pinnacle CHS,B-796,Manoj Das,Composting pit emitting foul odor.,Waste Management,High,Assigned,Kiran Menon
CMP44029,Diamond Plaza,A-2440,Manoj Desai,Residents not segregating wet and dry waste.,Waste Management,High,In Progress,Amit Desai
CMP56645,Pearl Residency,B-2088,Pooja Joshi,Rat problem in our flat - need urgent pest control.,Pest Control,Low,Assigned,Ravi Agarwal
CMP76040,Ruby Residency,D-688,Mahesh Nair,Staircase very dirty - not cleaned for days.,Housekeeping,Low,Resolved,Dinesh Kapoor
CMP24244,Victoria Apartments,D-2284,Meera Singh,Loud arguments and shouting from neighbor's flat.,Noise,Medium,Open,Rajesh Sinha
CMP92605,Ruby Residency,A-1745,Preeti Desai,Bulk waste dumped in common area.,Waste Management,Medium,Open,Shweta Iyer
CMP37130,Shanti Vihar Apartments,D-104,Pankaj Desai,Fruit flies in kitchen - very unhygienic.,Pest Control,Medium,Open,Kiran Menon
CMP35108,Ocean View CHS,D-438,Sanjay Joshi,Vehicle horn being used unnecessarily in society.,Noise,Critical,Open,Manisha Das
CMP61033,Zenith Towers,B-1823,Neha Joshi,Sweeper not doing job properly.,Housekeeping,High,Assigned,Madhuri Das
CMP49349,Whispering Willows CHS,D-1807,Varun Mehta,Bad smell from garbage collection area.,Waste Management,High,Open,Rupali Desai
CMP36197,Orchid Petals Society,D-1342,Vikas Kapoor,Lift indicator showing wrong floor numbers.,Lift,Low,Open,Ravi Agarwal
CMP33844,Ruby Residency,A-1409,Mahesh Verma,MCB baar baar trip ho raha hai,Electrical,Low,Open,Madhuri Das
CMP98039,Golden Heights,D-856,Vikas Kumar,Pigeons nesting on AC outdoor unit.,Pest Control,Low,Open,Abhishek Sharma
CMP12695,Shanti Vihar Apartments,C-127,Neha Pillai,Yaar light nahi aa rahi room mein,Electrical,Low,In Progress,Dinesh Kapoor
CMP81008,Sapphire Heights Cooperative Housing Society,B-425,Anita Malhotra,Common area washroom very dirty.,Housekeeping,Low,Resolved,Ravi Reddy
CMP11598,Spring Gardens CHS,D-520,Anita Verma,Weight machine cable broken.,Gym,Critical,Open,Manisha Das
CMP58399,Golden Heights,C-257,Abhishek Joshi,Lift door sensor faulty - closes too fast.,Lift,Low,In Progress,Madhuri Das
CMP37279,Grandeur Park Residences,D-1941,Anjali Sinha,Bad smell from garbage collection area.,Waste Management,High,Assigned,Nisha Kumar
CMP61141,Blue Horizons CHS,D-393,Vikram Agarwal,Lift making strange grinding noise.,Lift,High,Open,Rajesh Sinha
CMP51528,Desert Rose Apartments,D-1906,Sneha Rao,Fire extinguisher expired - needs refilling.,Common Area,Medium,Open,Mahesh Singh
CMP81923,Sapphire Heights Cooperative Housing Society,B-1624,Pankaj Chopra,Music practice during afternoon quiet hours.,Noise,Critical,In Progress,Manisha Das
CMP97449,Vasant Vihar Apartments,A-2054,Rakesh Verma,Bathroom ka tap band nahi ho raha,Plumbing,High,Open,Manisha Das
CMP99165,Orchid Petals Society,A-2020,Shruti Kapoor,Neighbor playing loud music late at night.,Noise,High,In Progress,Abhishek Sharma
CMP97806,Palm Grove Residences,D-2245,Madhuri Menon,Two-wheeler parked in car parking area.,Parking,Medium,Resolved,Rajesh Sinha
CMP16859,Vasant Vihar Apartments,D-2339,Jyoti Menon,Overgrown bushes blocking walkway.,Garden,High,Assigned,Sachin Joshi
CMP27742,The Pinnacle CHS,D-1401,Kavita Agarwal,Gym timings board removed.,Gym,High,In Progress,Shweta Iyer
CMP44254,Skyline Residency,A-2385,Suresh Reddy,Underground tank needs urgent cleaning.,Water Supply,Medium,Assigned,Manisha Das
CMP16048,Desert Rose Apartments,C-402,Rupali Nair,AC point not providing power.,Electrical,Critical,Assigned,Kiran Menon
CMP33351,Spring Gardens CHS,B-2081,Rakesh Shah,Very low water pressure on higher floors.,Water Supply,Medium,Assigned,Ravi Patel
CMP47442,Lotus Boulevard,D-644,Nisha Shah,Garbage chute door broken.,Housekeeping,Low,In Progress,Varun Kulkarni
CMP64621,Blue Horizons CHS,A-2300,Rohit Rao,Dustbin overflowing in common area.,Housekeeping,Low,Assigned,Madhuri Das
CMP51952,Maple Woods Enclave,A-2247,Vikas Verma,Weight machine cable broken.,Gym,Low,In Progress,Mahesh Singh
CMP35795,Zenith Towers,A-1915,Dinesh Mehta,Pool water not chlorinated - unhygienic.,Swimming Pool,Low,Resolved,Nisha Kumar
CMP70979,Harmony Heights,A-2492,Kiran Verma,Security not checking delivery personnel properly.,Security,High,Assigned,Varun Reddy
CMP53264,Vasant Vihar Apartments,C-1929,Rajesh Sharma,Bad smell from garbage collection area.,Waste Management,Critical,Resolved,Sachin Joshi
CMP94300,Ocean View CHS,A-1611,Pooja Desai,Composting pit emitting foul odor.,Waste Management,Low,Assigned,Nisha Kumar
CMP15432,Silver Springs,A-1769,Sneha Menon,Vehicle without society sticker parked for many days.,Parking,Critical,In Progress,Amit Desai
CMP12396,Banyan Tree Residences,C-652,Shruti Sharma,Socket kaam nahi kar raha hai boss,Electrical,Low,Resolved,Ravi Das
CMP75266,Ocean View CHS,B-2321,Shweta Kumar,Neighbor using my second parking without permission.,Parking,Critical,In Progress,Manisha Das
CMP62661,Blue Horizons CHS,D-769,Mahesh Desai,Nameplate board outside flat damaged.,Common Area,Medium,Open,Mahesh Das
CMP30810,Grandeur Park Residences,A-1307,Pooja Gupta,Visitor entered without proper verification.,Security,Medium,Assigned,Jyoti Desai
CMP86641,Royal Enclave CHS,D-2356,Suresh Gupta,Gym exhaust fan not working - suffocating.,Gym,Medium,Open,Varun Kulkarni
CMP99281,Sapphire Heights Cooperative Housing Society,B-624,Anil Gupta,Tube light flickering continuously.,Electrical,High,Open,Rajesh Sinha
CMP61191,The Pinnacle CHS,B-167,Pankaj Joshi,Table tennis rackets and balls missing.,Clubhouse,Low,Resolved,Ritu Nair
CMP25337,Vasant Vihar Apartments,B-2243,Pallavi Sinha,Garden gate lock broken.,Garden,Low,Open,Kiran Menon
CMP82103,Royal Enclave CHS,B-1829,Amit Das,No separate bin for medical waste.,Waste Management,High,Assigned,Jyoti Patel
CMP53914,Palm Grove Residences,D-313,Nitin Kumar,Bulk waste dumped in common area.,Waste Management,High,Resolved,Abhishek Sharma
CMP50290,Lotus Boulevard,D-710,Anjali Joshi,MCB baar baar trip ho raha hai,Electrical,Low,In Progress,Ravi Patel
CMP77009,Golden Gate Apartments,A-2133,Manoj Kumar,No water supply since morning in our flat.,Water Supply,Medium,In Progress,Madhuri Das
CMP64949,Platinum Towers,D-394,Kiran Iyer,Swimming pool water very dirty - not cleaned.,Clubhouse,Critical,In Progress,Shweta Iyer
CMP48040,Ocean View CHS,C-1793,Anil Joshi,Table tennis rackets and balls missing.,Clubhouse,Medium,Assigned,Ritu Malhotra
CMP60163,Eco-Village CHS,A-657,Vikram Gupta,Staircase railing loose - can cause accident.,Common Area,Critical,Resolved,Swati Reddy
CMP81778,Serene Waters Society,C-1226,Neha Bose,Children's pool empty and dirty.,Swimming Pool,Critical,Resolved,Shruti Singh
CMP60933,The Imperial Towers,D-2222,Anjali Chopra,Bathroom ka tap band nahi ho raha,Plumbing,Medium,Open,Nisha Kumar
CMP40833,Skyline Residency,D-608,Anjali Menon,Bathroom tap is dripping continuously - water wastage.,Plumbing,Low,Open,Madhuri Kulkarni
CMP58149,Sunrise Enclave,B-1997,Madhuri Chopra,Ceiling fan making noise and wobbling.,Electrical,Critical,Resolved,Ritu Nair
CMP88839,Desert Rose Apartments,D-466,Mahesh Rao,Bench press bench wobbling - unsafe.,Gym,High,In Progress,Manisha Das
CMP82181,Skyline Residency,C-1080,Swati Mehta,Dumbbell weights missing - incomplete set.,Gym,Critical,Open,Ashok Reddy
CMP65148,Sapphire Heights Cooperative Housing Society,D-311,Swati Das,Termites eating wooden furniture.,Pest Control,Low,Open,Ravi Das
CMP31815,The Meadows,A-560,Komal Desai,Gym equipment broken and unsafe to use.,Clubhouse,Medium,Assigned,Sachin Joshi
CMP87709,Golden Gate Apartments,B-2148,Priya Desai,Staircase very dirty - not cleaned for days.,Housekeeping,Low,In Progress,Jyoti Desai
CMP99712,Pearl Residency,C-368,Swati Pillai,Party in neighboring flat - very loud till 2 AM.,Noise,Low,Resolved,Swati Reddy
CMP35429,Skyline Residency,C-608,Nisha Kapoor,Parking area madhe paani jamla ahe,Parking,Medium,Resolved,Varun Reddy
CMP30139,Platinum Towers,B-520,Sunita Patel,No separate bin for medical waste.,Waste Management,High,In Progress,Varun Reddy
CMP36018,Blue Horizons CHS,C-1711,Kavita Iyer,Overgrown bushes blocking walkway.,Garden,Low,Assigned,Ritu Malhotra
CMP25761,Sunrise Enclave,C-817,Dinesh Kumar,Garbage bags torn by stray dogs.,Waste Management,Low,In Progress,Dinesh Kapoor
CMP85339,Grandeur Park Residences,D-998,Ravi Sharma,Children's play area swings broken.,Garden,Critical,Open,Ravi Agarwal
CMP25989,The Meadows,A-290,Shweta Agarwal,Water coming muddy and dirty.,Water Supply,Critical,In Progress,Varun Reddy
CMP18506,Hillview Cooperative Housing Society,A-584,Priya Mehta,Entrance door closer not working.,Common Area,Critical,Open,Jyoti Patel
CMP56855,Emerald Bay CHS,A-248,Preeti Pillai,Garbage not collected from our floor today.,Housekeeping,High,In Progress,Mahesh Das
CMP20071,Spring Gardens CHS,D-1357,Vikram Iyer,Nameplate board outside flat damaged.,Common Area,Low,In Progress,Amit Iyer
CMP75231,Cedar Crest Society,D-503,Shruti Chopra,Common area wall paint peeling off.,Common Area,Medium,Assigned,Madhuri Kulkarni
CMP24938,Sapphire Heights Cooperative Housing Society,B-1751,Sanjay Verma,Flush kharab hai,Plumbing,Critical,In Progress,Mahesh Singh
CMP14765,Sunrise Enclave,A-228,Rajesh Sinha,Bench press bench wobbling - unsafe.,Gym,Critical,Assigned,Shweta Iyer
CMP83440,Eco-Village CHS,A-1585,Shruti Bose,Gym equipment broken and unsafe to use.,Clubhouse,Medium,Assigned,Madhuri Das
CMP45035,Emerald Bay CHS,B-1971,Saurabh Singh,Lift overload alarm malfunctioning.,Lift,Low,Resolved,Ritu Nair
CMP19718,Sunset Point Apartments,C-839,Neha Reddy,AC point not providing power.,Electrical,Critical,In Progress,Varun Reddy
CMP78548,The Pinnacle CHS,B-1192,Amit Das,Fruit flies in kitchen - very unhygienic.,Pest Control,High,Open,Sachin Joshi
CMP84923,Ruby Residency,A-826,Pallavi Patel,Intercom system not connecting to gate.,Security,Critical,In Progress,Kavita Sinha
CMP95194,The Pinnacle CHS,D-1276,Shruti Das,Lift number 2 has stopped working.,Lift,Critical,In Progress,Ravi Das
CMP81944,Maple Woods Enclave,C-825,Deepika Reddy,Children's play area swings broken.,Garden,Medium,Resolved,Ravi Patel
CMP32431,Platinum Towers,D-402,Komal Joshi,Bathroom ka tap band nahi ho raha,Plumbing,High,In Progress,Ritu Malhotra
CMP30215,Green Meadows CHS Ltd.,B-2191,Manoj Reddy,Bedroom madhil socket kaam karat nahi,Electrical,Critical,In Progress,Madhuri Das
CMP84296,The Meadows,D-1805,Kavita Gupta,Plants dying due to lack of maintenance.,Garden,Medium,Resolved,Kavita Sinha
CMP44998,The Pinnacle CHS,B-1444,Kavita Singh,Bulk waste dumped in common area.,Waste Management,High,Open,Ravi Das
CMP36290,Sunset Point Apartments,D-1347,Manisha Sinha,Composting pit emitting foul odor.,Waste Management,Low,Resolved,Madhuri Kulkarni
CMP71107,Lotus Boulevard,D-352,Vikas Rao,Termites eating wooden furniture.,Pest Control,Critical,Assigned,Kiran Menon
CMP95525,Victoria Apartments,D-1065,Manoj Kumar,Unauthorized persons using clubhouse facilities.,Clubhouse,Medium,Assigned,Varun Kulkarni
CMP89427,Hillview Cooperative Housing Society,B-2434,Rajesh Kapoor,Neighbor playing loud music late at night.,Noise,Medium,Open,Jyoti Patel
CMP66834,Maple Woods Enclave,A-944,Priya Mehta,Society water bill very high - possible leakage.,Water Supply,Medium,In Progress,Ravi Das
CMP33769,Victoria Apartments,A-1320,Meera Joshi,Underground tank needs urgent cleaning.,Water Supply,Medium,Open,Kiran Menon
CMP20023,Skyline Residency,A-169,Rupali Gupta,Lift ki door properly close nahi hoti,Lift,Critical,Resolved,Ritu Malhotra
CMP63938,Sapphire Heights Cooperative Housing Society,D-1248,Dinesh Chopra,Emergency exit door jammed and locked.,Common Area,High,Open,Mahesh Das
CMP79389,Cedar Crest Society,A-1293,Neha Gupta,Weight machine cable broken.,Gym,Medium,Resolved,Shweta Iyer
CMP97835,Whispering Willows CHS,D-997,Anil Rao,Clubhouse AC not working properly.,Clubhouse,Low,Assigned,Ravi Patel
CMP64551,Pearl Residency,D-1192,Dinesh Verma,Life guard absent during pool hours.,Swimming Pool,Critical,In Progress,Jyoti Patel
CMP25894,Sunrise Enclave,C-1874,Sanjay Kapoor,Neighbor using my second parking without permission.,Parking,High,Resolved,Manisha Das
CMP42835,Shanti Vihar Apartments,B-2340,Sandeep Menon,Spider webs all over balcony.,Pest Control,Critical,Assigned,Jyoti Patel
CMP73526,Royal Enclave CHS,C-810,Rupali Iyer,Garden bench damaged and needs repair.,Garden,Low,In Progress,Madhuri Das
CMP23564,Golden Gate Apartments,C-1064,Rakesh Sharma,Water supply timing irregular - unpredictable.,Water Supply,Critical,Assigned,Shweta Iyer
CMP58454,Pearl Residency,B-446,Mahesh Pillai,Lift kharab jhali ahe,Lift,Medium,Resolved,Deepika Gupta
CMP41469,Vasant Vihar Apartments,D-1142,Rakesh Das,Kitchen sink drain clogged completely.,Plumbing,Critical,Resolved,Madhuri Kulkarni
CMP16592,Golden Gate Apartments,B-1379,Preeti Reddy,Two-wheeler parked in car parking area.,Parking,Medium,Open,Kavita Sinha
CMP19837,Silver Springs,B-2196,Preeti Chopra,Plastic waste burning in society - health hazard.,Waste Management,High,Assigned,Rajesh Sinha
CMP52845,Spring Gardens CHS,B-690,Seema Singh,Cockroaches coming from neighbor's flat.,Pest Control,Critical,In Progress,Nisha Kumar
CMP22498,The Imperial Towers,A-564,Anita Shah,Gym exhaust fan not working - suffocating.,Gym,Low,In Progress,Kavita Sinha
CMP83195,Serene Waters Society,C-473,Nitin Bose,Gym exhaust fan not working - suffocating.,Gym,Critical,In Progress,Ashok Reddy
CMP91360,Whispering Willows CHS,D-135,Nitin Pillai,Unauthorized vehicle parked in society.,Security,Medium,In Progress,Ravi Agarwal
CMP78645,Paradise Heights,D-2429,Sachin Sinha,Common area washroom very dirty.,Housekeeping,Low,Resolved,Ashok Reddy
CMP16607,Cedar Crest Society,C-2284,Rajesh Rao,Generator running continuously making too much noise.,Noise,Medium,Resolved,Amit Desai
CMP72682,Silver Oaks Apartment Owners Association,B-1208,Neha Joshi,Cockroaches coming from neighbor's flat.,Pest Control,High,In Progress,Ashok Reddy
CMP40091,The Pinnacle CHS,A-1469,Rajesh Kapoor,Pigeons nesting on AC outdoor unit.,Pest Control,Critical,Assigned,Amit Desai
CMP99520,Serene Waters Society,A-1555,Shweta Malhotra,Loud arguments and shouting from neighbor's flat.,Noise,Critical,In Progress,Rajesh Sinha
CMP89838,Diamond Plaza,B-1362,Kavita Das,Fire extinguisher expired - needs refilling.,Common Area,Critical,Open,Abhishek Sharma
CMP79928,Victoria Apartments,A-2137,Kiran Verma,Rat problem in our flat - need urgent pest control.,Pest Control,Medium,In Progress,Ritu Nair
CMP39548,Palm Grove Residences,A-661,Sanjay Malhotra,Waste segregation bins not provided on our floor.,Waste Management,High,Assigned,Madhuri Kulkarni
CMP45978,Maple Woods Enclave,D-636,Anita Verma,Clubhouse closed without prior notice.,Clubhouse,Critical,Assigned,Ritu Malhotra
CMP59914,Silver Oaks Apartment Owners Association,D-2452,Ritu Sharma,Clubhouse AC not working properly.,Clubhouse,Medium,Open,Madhuri Kulkarni
CMP91567,The Imperial Towers,B-1098,Swati Desai,Pool timings not displayed properly.,Swimming Pool,High,In Progress,Madhuri Kulkarni
CMP68635,Banyan Tree Residences,C-1980,Pankaj Rao,Underground tank needs urgent cleaning.,Water Supply,Critical,Resolved,Mahesh Das
CMP88290,Platinum Towers,D-1509,Vikram Joshi,Depth markings not visible.,Swimming Pool,High,Assigned,Madhuri Kulkarni
CMP81350,Vasant Vihar Apartments,C-1261,Manisha Patel,Lift cabin smelling bad - needs cleaning.,Housekeeping,Critical,Resolved,Jyoti Patel
CMP46434,Sapphire Heights Cooperative Housing Society,A-2120,Sachin Shah,Common area notice board glass broken.,Common Area,Critical,Assigned,Ravi Reddy
CMP71212,Crystal Heights,D-2194,Anjali Shah,Garbage collection timing too early.,Waste Management,High,Resolved,Jyoti Patel
CMP27428,Royal Enclave CHS,C-1408,Rohit Chopra,Staircase railing loose - can cause accident.,Common Area,Low,Open,Abhishek Sharma
CMP39877,Shanti Vihar Apartments,D-802,Ritu Patel,Lift cabin smelling bad - needs cleaning.,Housekeeping,Critical,Resolved,Ritu Nair
CMP16304,The Meadows,A-1629,Saurabh Kapoor,Yoga room floor mat torn and unhygienic.,Clubhouse,Critical,In Progress,Rupali Desai
CMP93086,Green Meadows CHS Ltd.,C-640,Anjali Malhotra,Dog waste not cleaned from garden regularly.,Garden,Low,Open,Ravi Agarwal
CMP76053,Platinum Towers,C-518,Anjali Kulkarni,Dogs barking loudly throughout night.,Noise,Medium,Assigned,Ritu Malhotra
CMP97235,Silver Oaks Apartment Owners Association,C-1244,Pooja Nair,Gym mirror cracked - dangerous.,Gym,High,Open,Jyoti Patel
CMP83254,Grandeur Park Residences,B-206,Pooja Kulkarni,Clubhouse booking system not functioning.,Clubhouse,Critical,Assigned,Nisha Kumar
CMP44740,Green Meadows CHS Ltd.,D-440,Madhuri Das,CCTV camera kaam nahi kar raha,Security,High,Open,Manisha Das
CMP33233,Silver Springs,D-479,Pallavi Iyer,Staircase railing loose - can cause accident.,Common Area,High,Resolved,Jyoti Patel
CMP56518,Silver Springs,A-2171,Kiran Reddy,Kitchen sink drain clogged completely.,Plumbing,Low,In Progress,Deepika Gupta
CMP86426,The Meadows,C-1145,Rupali Malhotra,Bore well pump not working.,Water Supply,Critical,Resolved,Manisha Das
CMP85838,Royal Enclave CHS,A-693,Pallavi Pillai,No water supply since morning in our flat.,Water Supply,Medium,Open,Mahesh Das
CMP61686,Zenith Towers,C-448,Amit Chopra,Drainage pipe blocked - water overflowing in bathroom.,Plumbing,High,Resolved,Ravi Das
CMP71952,Maple Woods Enclave,A-2297,Pallavi Malhotra,Light switch broken - needs replacement.,Electrical,Critical,Assigned,Rupali Desai
CMP30283,Blue Horizons CHS,A-459,Suresh Patel,Fire extinguisher expired - needs refilling.,Common Area,Critical,Assigned,Ashok Reddy
CMP70989,The Pinnacle CHS,A-581,Rupali Kapoor,Letter box lock broken - security risk.,Common Area,High,Assigned,Madhuri Das
CMP17149,Vasant Vihar Apartments,B-1299,Anjali Joshi,Garden sprinklers not working properly.,Garden,Low,Resolved,Kiran Menon
CMP32464,The Meadows,A-1402,Ritu Reddy,Drainage pipe blocked - water overflowing in bathroom.,Plumbing,Low,Assigned,Ashok Reddy
CMP54217,Sunset Point Apartments,D-1321,Sanjay Shah,Main gate boom barrier not functioning.,Security,High,Assigned,Manisha Das
CMP53590,Royal Enclave CHS,D-1927,Jyoti Rao,CCTV camera in our floor not working.,Security,High,Resolved,Ritu Malhotra
CMP32912,The Pinnacle CHS,C-1365,Sunita Agarwal,Depth markings not visible.,Swimming Pool,Critical,Resolved,Amit Iyer
CMP75669,Ruby Residency,A-1855,Ajay Pillai,Dustbin overflowing in common area.,Housekeeping,Low,Open,Swati Reddy
CMP43158,Spring Gardens CHS,C-140,Mahesh Kumar,Cobwebs all over corridor ceiling.,Housekeeping,Medium,In Progress,Abhishek Sharma
CMP38503,Palm Grove Residences,D-1660,Rajesh Nair,Vehicle horn being used unnecessarily in society.,Noise,Low,Resolved,Jyoti Patel
CMP23539,Silver Oaks Apartment Owners Association,B-104,Ravi Pillai,Staircase railing loose - can cause accident.,Common Area,Medium,In Progress,Varun Kulkarni
CMP58321,Skyline Residency,D-936,Abhishek Menon,Neighbor playing loud music late at night.,Noise,Medium,Resolved,Amit Desai
CMP56356,Grandeur Park Residences,A-1752,Sanjay Joshi,Common area wall paint peeling off.,Common Area,Medium,Open,Ashok Reddy
CMP57087,Grandeur Park Residences,A-2292,Seema Kapoor,Spider webs all over balcony.,Pest Control,High,In Progress,Jyoti Patel
CMP16349,Zenith Towers,D-794,Kavita Kumar,CCTV camera kaam karat nahi,Security,Low,In Progress,Kavita Sinha
CMP97922,Crystal Heights,A-1461,Seema Chopra,Bad smell from garbage collection area.,Waste Management,High,Assigned,Dinesh Kapoor
CMP29126,Silver Springs,B-159,Manisha Malhotra,Bhai bathroom ke niche se paani leak ho raha hai,Plumbing,Critical,Open,Ravi Patel
CMP58726,Sunset Point Apartments,D-1026,Sandeep Malhotra,Bhai bathroom ke niche se paani leak ho raha hai,Plumbing,Critical,Resolved,Varun Reddy
CMP26004,The Pinnacle CHS,C-989,Anjali Chopra,There is water leakage below the kitchen sink.,Plumbing,Critical,Assigned,Varun Reddy
CMP52633,Lotus Boulevard,A-459,Pankaj Reddy,Generator running continuously making too much noise.,Noise,Medium,Resolved,Rajesh Sinha
CMP44556,Orchid Petals Society,B-1142,Suresh Sharma,Treadmill not working for past week.,Gym,Low,Resolved,Jyoti Desai
CMP33310,Zenith Towers,B-2093,Sandeep Bose,MCB baar baar trip ho raha hai,Electrical,Critical,Assigned,Ravi Das
CMP53361,Whispering Willows CHS,D-504,Manoj Das,Emergency exit door jammed and locked.,Common Area,Low,In Progress,Amit Iyer
CMP57397,Diamond Plaza,C-1115,Manisha Patel,Nameplate board outside flat damaged.,Common Area,Medium,Open,Mahesh Singh
CMP73005,Vasant Vihar Apartments,B-2189,Rakesh Joshi,Table tennis rackets and balls missing.,Clubhouse,Critical,Resolved,Jyoti Patel
CMP47318,Shanti Vihar Apartments,D-1909,Priya Joshi,Very low water pressure on higher floors.,Water Supply,Medium,Resolved,Amit Iyer
CMP43472,Cedar Crest Society,D-188,Kavita Kumar,Pool ladder rusted and unsafe.,Swimming Pool,Low,Open,Nisha Kumar
CMP93324,Victoria Apartments,A-592,Ritu Sharma,Kitchen sink drain clogged completely.,Plumbing,High,Open,Abhishek Sharma
CMP11812,Zenith Towers,D-1727,Varun Rao,Intercom system not connecting to gate.,Security,High,Open,Jyoti Patel
CMP73574,Green Meadows CHS Ltd.,C-1931,Vikas Verma,Sweeper not doing job properly.,Housekeeping,Low,In Progress,Amit Desai
CMP62051,Paradise Heights,D-352,Swati Pillai,Emergency exit door jammed and locked.,Common Area,Low,Open,Ravi Reddy
CMP16134,Sunrise Enclave,A-412,Nisha Kapoor,Fire extinguisher expired - needs refilling.,Common Area,High,In Progress,Amit Desai
CMP95305,Sapphire Heights Cooperative Housing Society,B-172,Kiran Bose,Light jaldi nahi,Electrical,Medium,Resolved,Rajesh Sinha
CMP47906,Pearl Residency,A-1900,Rohit Bose,No water supply since morning in our flat.,Water Supply,Medium,Assigned,Mahesh Das
CMP50840,Orchid Petals Society,D-1068,Sachin Sharma,Pool timings not displayed properly.,Swimming Pool,Low,In Progress,Varun Kulkarni
CMP80774,Skyline Residency,B-1965,Sachin Desai,Bhai bathroom ke niche se paani leak ho raha hai,Plumbing,Medium,Open,Shruti Singh
CMP45710,Maple Woods Enclave,C-715,Vikram Nair,Children's play area swings broken.,Garden,Low,In Progress,Ritu Nair
CMP14914,Sapphire Heights Cooperative Housing Society,B-2248,Sandeep Mehta,Sweeper not doing job properly.,Housekeeping,Medium,Assigned,Nisha Kumar
CMP19119,Serene Waters Society,C-2379,Preeti Mehta,Water pipe burst in basement.,Water Supply,High,Resolved,Ritu Nair
CMP91024,Green Meadows CHS Ltd.,A-1763,Nisha Kulkarni,Parking area mein paani bhara hua hai,Parking,Low,Resolved,Deepika Gupta
CMP32472,Skyline Residency,A-2405,Vikram Nair,No separate bin for medical waste.,Waste Management,Critical,In Progress,Swati Reddy
CMP22209,Silver Oaks Apartment Owners Association,D-374,Deepika Shah,Lift full kharab hai bhai,Lift,Critical,Open,Mahesh Singh
CMP81891,Lotus Boulevard,A-1575,Meera Gupta,No water supply since morning in our flat.,Water Supply,Critical,In Progress,Ritu Malhotra
CMP68888,Harmony Heights,B-1312,Anita Sharma,Generator running continuously making too much noise.,Noise,High,Assigned,Amit Iyer
CMP82152,Blue Horizons CHS,A-1055,Seema Nair,Pool water not chlorinated - unhygienic.,Swimming Pool,High,Assigned,Rupali Desai
CMP31327,Shanti Vihar Apartments,A-2341,Sunita Sharma,Gym AC insufficient - too hot inside.,Gym,High,Assigned,Swati Reddy
CMP97982,Paradise Heights,B-2182,Pallavi Sinha,Neighbor playing loud music late at night.,Noise,Critical,Assigned,Ravi Agarwal
CMP45041,Orchid Petals Society,C-2409,Sanjay Nair,Water supply timing irregular - unpredictable.,Water Supply,Critical,Assigned,Swati Reddy
CMP36126,Desert Rose Apartments,B-1265,Sachin Gupta,Security guard duty pe nahi hai,Security,Low,In Progress,Ritu Malhotra
CMP94312,Orchid Petals Society,A-1054,Ajay Rao,Gym timings board removed.,Gym,High,Resolved,Mahesh Singh
CMP56534,Diamond Plaza,D-836,Madhuri Mehta,Pool timings not displayed properly.,Swimming Pool,Medium,Open,Madhuri Das
CMP63933,Banyan Tree Residences,D-1817,Suresh Malhotra,Garbage not collected from our floor today.,Housekeeping,Medium,In Progress,Nisha Kumar
CMP99459,Emerald Bay CHS,D-541,Dinesh Kapoor,Water pressure very low in kitchen.,Plumbing,Low,Assigned,Shruti Singh
CMP39325,Desert Rose Apartments,A-167,Anil Kumar,Bore well pump not working.,Water Supply,Low,Open,Shweta Iyer
CMP22103,Sapphire Heights Cooperative Housing Society,D-2339,Anil Desai,Common area notice board glass broken.,Common Area,Medium,Open,Deepika Gupta
CMP38654,Diamond Plaza,D-2148,Manoj Pillai,Kitchen sink drain clogged completely.,Plumbing,Medium,Resolved,Kavita Sinha
CMP52114,Shanti Vihar Apartments,D-636,Ramesh Sharma,Gym floor mat torn - slipping hazard.,Gym,Critical,In Progress,Rupali Desai
CMP77210,Orchid Petals Society,B-2496,Mahesh Chopra,Lift making strange grinding noise.,Lift,Low,In Progress,Amit Desai
CMP89687,Vasant Vihar Apartments,B-856,Ramesh Iyer,Water supply timing irregular - unpredictable.,Water Supply,Medium,Resolved,Rajesh Sinha
CMP59002,Spring Gardens CHS,A-173,Sunita Menon,Staircase light not working for past 3 days.,Electrical,Medium,In Progress,Madhuri Kulkarni
CMP47697,Palm Grove Residences,C-1058,Meera Desai,Rat problem in our flat - need urgent pest control.,Pest Control,Critical,In Progress,Jyoti Patel
CMP12554,The Meadows,A-1098,Kavita Singh,Lift making strange grinding noise.,Lift,Medium,Open,Ritu Malhotra
CMP23415,Emerald Bay CHS,D-2325,Vikas Kapoor,Tube light flickering continuously.,Electrical,Critical,Assigned,Kavita Sinha
CMP95424,Cedar Crest Society,C-1370,Nisha Menon,Housekeeping staff coming late daily.,Housekeeping,High,Open,Dinesh Kapoor
CMP49559,Banyan Tree Residences,A-733,Sachin Desai,Overgrown bushes blocking walkway.,Garden,Medium,In Progress,Dinesh Kapoor
CMP95741,Golden Heights,A-1524,Ravi Chopra,E-waste collection bin overflowing.,Waste Management,Critical,Assigned,Ravi Reddy
CMP58159,Paradise Heights,B-1624,Nitin Verma,Depth markings not visible.,Swimming Pool,Medium,Assigned,Varun Kulkarni
CMP56182,Paradise Heights,D-1831,Sandeep Shah,Cobwebs all over corridor ceiling.,Housekeeping,Critical,Open,Jyoti Patel
CMP73404,Victoria Apartments,D-1507,Ajay Das,Children running and jumping in flat above ours.,Noise,Low,Open,Manisha Das
CMP17706,Sunrise Enclave,C-1804,Anita Kulkarni,Lift kharab jhali ahe,Lift,Medium,Assigned,Ritu Malhotra
CMP36387,Crystal Heights,C-258,Nitin Sharma,Water pipe burst in basement.,Water Supply,Critical,Resolved,Mahesh Das
CMP68246,Sapphire Heights Cooperative Housing Society,D-1193,Nisha Desai,Garden bench damaged and needs repair.,Garden,Medium,Resolved,Rupali Desai
CMP91711,Harmony Heights,C-686,Sneha Sharma,Staircase very dirty - not cleaned for days.,Housekeeping,Critical,Open,Ravi Patel
CMP79569,Hillview Cooperative Housing Society,D-2465,Dinesh Iyer,Mere slot mein kisi ne gaadi park kar di hai yaar,Parking,Medium,In Progress,Ravi Patel
CMP21243,Cedar Crest Society,B-165,Madhuri Patel,Security not checking delivery personnel properly.,Security,High,In Progress,Shweta Iyer
CMP46187,Ruby Residency,D-143,Nitin Patel,Lift full kharab hai bhai,Lift,Medium,Assigned,Shruti Singh
CMP89369,Zenith Towers,D-2505,Komal Mehta,Gym equipment broken and unsafe to use.,Clubhouse,Critical,In Progress,Jyoti Desai
CMP95835,Zenith Towers,C-1071,Sandeep Reddy,Lift number 2 has stopped working.,Lift,Low,In Progress,Shruti Singh
CMP90027,Whispering Willows CHS,D-666,Saurabh Pillai,Depth markings not visible.,Swimming Pool,High,Assigned,Ravi Patel
CMP15545,Spring Gardens CHS,B-1063,Sunita Mehta,Bore well pump not working.,Water Supply,Low,Open,Ashok Reddy
CMP51744,Skyline Residency,A-410,Rupali Sinha,Unauthorized vehicle parked in society.,Security,Medium,Resolved,Sachin Joshi
CMP78776,Whispering Willows CHS,D-2037,Preeti Shah,Security not checking delivery personnel properly.,Security,Medium,Resolved,Amit Desai
CMP90604,Golden Gate Apartments,C-2328,Shweta Joshi,Security guard sleeping on duty at night.,Security,Critical,Resolved,Amit Iyer
CMP59780,Maple Woods Enclave,D-972,Anjali Chopra,Water motor making loud noise at night.,Water Supply,Low,In Progress,Varun Reddy
CMP20357,Royal Enclave CHS,A-1009,Ravi Desai,Bathroom tap is dripping continuously - water wastage.,Plumbing,High,Assigned,Varun Reddy
CMP78041,Zenith Towers,D-2154,Kavita Mehta,Dogs barking loudly throughout night.,Noise,High,In Progress,Jyoti Desai
CMP24165,Sunset Point Apartments,A-375,Rohit Das,Water pipe burst in basement.,Water Supply,Medium,Resolved,Varun Kulkarni
CMP57838,Zenith Towers,B-466,Rakesh Chopra,Unauthorized persons using clubhouse facilities.,Clubhouse,Critical,Open,Ravi Reddy
CMP15648,Sunset Point Apartments,A-247,Varun Sharma,Water pressure very low in kitchen.,Plumbing,Medium,In Progress,Sachin Joshi
CMP87536,Sapphire Heights Cooperative Housing Society,A-887,Saurabh Reddy,Light jal nahi rahi,Electrical,High,In Progress,Varun Kulkarni
CMP37847,Cedar Crest Society,A-1211,Manisha Chopra,Common area wall paint peeling off.,Common Area,High,In Progress,Sachin Joshi
CMP15264,Paradise Heights,D-315,Anil Kumar,Light switch broken - needs replacement.,Electrical,Medium,Assigned,Ashok Reddy
CMP69779,Banyan Tree Residences,B-494,Vikas Pillai,Plants dying due to lack of maintenance.,Garden,Low,Open,Jyoti Patel
CMP20012,Crystal Heights,C-714,Anil Kumar,Lobby ceiling leakage during rain.,Common Area,High,Resolved,Swati Reddy
CMP11936,The Meadows,C-558,Sandeep Gupta,Housekeeping staff coming late daily.,Housekeeping,Medium,Assigned,Manisha Das
CMP91937,Hillview Cooperative Housing Society,C-2062,Varun Joshi,No separate bin for medical waste.,Waste Management,High,In Progress,Rupali Desai
CMP20662,Golden Gate Apartments,B-1458,Pallavi Iyer,Fire extinguisher expired - needs refilling.,Common Area,High,In Progress,Manisha Das
CMP49776,Desert Rose Apartments,B-181,Vikram Nair,Staircase light not working for past 3 days.,Electrical,Medium,Resolved,Deepika Gupta
CMP39182,Grandeur Park Residences,C-532,Suresh Gupta,Spider webs all over balcony.,Pest Control,Medium,Assigned,Kiran Menon
CMP23460,The Meadows,D-2126,Neha Kapoor,Lift door not closing properly - safety issue.,Lift,Low,Open,Manisha Das
CMP83551,Ocean View CHS,B-156,Pankaj Agarwal,Very low water pressure on higher floors.,Water Supply,Critical,Assigned,Rupali Desai
CMP20766,Paradise Heights,A-672,Swati Rao,Heavy furniture being dragged at odd hours.,Noise,Critical,Resolved,Sachin Joshi
CMP79898,Sunrise Enclave,D-152,Anil Kulkarni,Yaar light nahi aa rahi room mein,Electrical,Critical,Resolved,Abhishek Sharma
CMP19293,Sapphire Heights Cooperative Housing Society,B-1622,Manisha Das,Garden bench damaged and needs repair.,Garden,High,Resolved,Ravi Agarwal
CMP92302,Sunset Point Apartments,A-537,Sandeep Singh,Pool timings not displayed properly.,Swimming Pool,Medium,Resolved,Ritu Malhotra
CMP76793,Platinum Towers,B-1528,Manisha Iyer,Dustbin overflowing in common area.,Housekeeping,Critical,In Progress,Ritu Malhotra
CMP94042,Sapphire Heights Cooperative Housing Society,B-169,Anita Reddy,Unauthorized persons using clubhouse facilities.,Clubhouse,Low,Resolved,Madhuri Kulkarni
CMP37464,Pearl Residency,C-363,Anil Chopra,Depth markings not visible.,Swimming Pool,Critical,In Progress,Kiran Menon
CMP42150,Platinum Towers,D-1886,Rajesh Mehta,Garden gate lock broken.,Garden,Critical,Assigned,Amit Desai
CMP11734,Serene Waters Society,A-1427,Vikas Singh,Loud arguments and shouting from neighbor's flat.,Noise,Medium,Resolved,Abhishek Sharma
CMP48892,Spring Gardens CHS,A-1050,Rajesh Gupta,Gym door lock jammed.,Gym,High,Resolved,Manisha Das
CMP36363,Pearl Residency,A-1261,Ashok Pillai,Garbage collection timing too early.,Waste Management,Medium,Resolved,Ravi Das
CMP26605,Emerald Bay CHS,D-176,Pankaj Kapoor,Very low water pressure on higher floors.,Water Supply,Medium,Assigned,Ravi Agarwal
CMP28376,The Imperial Towers,B-854,Ramesh Kulkarni,WC seat broken and needs replacement.,Plumbing,Medium,Open,Kavita Sinha
CMP52421,Hillview Cooperative Housing Society,B-2042,Swati Kulkarni,Kitchen ka tap drip kar raha hai continuously,Plumbing,High,Assigned,Kiran Menon
CMP78241,Platinum Towers,D-1331,Komal Singh,Clubhouse closed without prior notice.,Clubhouse,Critical,In Progress,Mahesh Singh
CMP80375,Sunset Point Apartments,A-729,Preeti Pillai,Party in neighboring flat - very loud till 2 AM.,Noise,Medium,Assigned,Dinesh Kapoor
CMP53470,Lotus Boulevard,D-1068,Nitin Sinha,Depth markings not visible.,Swimming Pool,Critical,Open,Jyoti Desai
CMP80206,Royal Enclave CHS,B-1286,Pooja Agarwal,Waste segregation bins not provided on our floor.,Waste Management,High,In Progress,Mahesh Das
CMP65315,Ocean View CHS,C-2256,Sneha Kulkarni,Waste segregation bins not provided on our floor.,Waste Management,Low,In Progress,Ravi Reddy
CMP70191,Palm Grove Residences,B-914,Shruti Verma,Shower area not functioning.,Swimming Pool,High,Assigned,Ashok Reddy
CMP78472,Zenith Towers,C-2102,Pankaj Patel,Light jaldi nahi,Electrical,High,In Progress,Kiran Menon
CMP58490,Shanti Vihar Apartments,B-1594,Sunita Malhotra,Children running and jumping in flat above ours.,Noise,Critical,Open,Deepika Gupta
CMP11459,Ocean View CHS,D-530,Saurabh Nair,Party in neighboring flat - very loud till 2 AM.,Noise,Low,Assigned,Ravi Reddy
CMP85502,Harmony Heights,C-1759,Rakesh Sharma,Pool filtration system not working.,Swimming Pool,Low,Resolved,Dinesh Kapoor
CMP63043,Orchid Petals Society,B-2416,Manoj Shah,Guest parking area always full - no space.,Parking,Low,In Progress,Varun Reddy
CMP64809,Ocean View CHS,D-1377,Shruti Rao,Flush kharab hai,Plumbing,Low,Open,Dinesh Kapoor
CMP31580,Platinum Towers,D-1430,Ravi Gupta,Nameplate board outside flat damaged.,Common Area,Medium,Resolved,Varun Reddy
CMP24940,Vasant Vihar Apartments,A-938,Seema Bose,Cobwebs all over corridor ceiling.,Housekeeping,Critical,Assigned,Deepika Gupta
CMP29860,Paradise Heights,C-271,Sunita Sharma,Water pipe burst in basement.,Water Supply,High,Open,Ashok Reddy
CMP33102,Spring Gardens CHS,C-2018,Pooja Nair,Depth markings not visible.,Swimming Pool,Critical,Resolved,Rajesh Sinha
CMP33457,Palm Grove Residences,C-1255,Sachin Desai,Lift kharab jhali ahe,Lift,High,Resolved,Rupali Desai
CMP99541,Diamond Plaza,D-447,Manisha Malhotra,Security guard sleeping on duty at night.,Security,Critical,Open,Swati Reddy
CMP63013,Golden Heights,A-1621,Ritu Das,Garbage chute door broken.,Housekeeping,Low,Resolved,Mahesh Singh
CMP10804,The Meadows,C-673,Nitin Malhotra,Garden bench damaged and needs repair.,Garden,Medium,Open,Sachin Joshi
CMP58090,The Pinnacle CHS,B-1979,Manisha Pillai,Gym floor mat torn - slipping hazard.,Gym,Critical,Assigned,Amit Desai
CMP93192,Paradise Heights,B-1159,Swati Joshi,Light jaldi nahi,Electrical,High,In Progress,Ritu Nair
CMP93678,Orchid Petals Society,B-534,Seema Malhotra,Gym exhaust fan not working - suffocating.,Gym,Medium,In Progress,Deepika Gupta
CMP90496,Blue Horizons CHS,B-2223,Rakesh Malhotra,Party in neighboring flat - very loud till 2 AM.,Noise,Medium,In Progress,Nisha Kumar
CMP87667,Royal Enclave CHS,D-909,Varun Shah,Entrance door closer not working.,Common Area,Low,Resolved,Nisha Kumar
CMP73575,Eco-Village CHS,A-1986,Sunita Singh,Pool ladder rusted and unsafe.,Swimming Pool,High,Resolved,Ravi Reddy
CMP74640,Golden Gate Apartments,B-1374,Dinesh Agarwal,Anjan aadmi basement mein ghoom raha tha,Security,Critical,Open,Ravi Das
CMP66401,Ruby Residency,D-1584,Rakesh Singh,There is water leakage below the kitchen sink.,Plumbing,Low,Resolved,Mahesh Das
CMP79330,Hillview Cooperative Housing Society,B-200,Kiran Reddy,Lift door sensor faulty - closes too fast.,Lift,High,Resolved,Ritu Nair
CMP77772,Harmony Heights,D-1588,Deepika Menon,Overgrown bushes blocking walkway.,Garden,Low,Resolved,Rupali Desai
CMP34013,Green Meadows CHS Ltd.,A-291,Shweta Singh,Gym equipment broken and unsafe to use.,Clubhouse,Low,Open,Madhuri Das
CMP11704,Sapphire Heights Cooperative Housing Society,A-285,Meera Rao,Garden bench damaged and needs repair.,Garden,Medium,Assigned,Shweta Iyer
CMP35302,The Meadows,A-253,Kavita Gupta,Very low water pressure on higher floors.,Water Supply,Low,In Progress,Ritu Malhotra
CMP65741,The Imperial Towers,B-545,Swati Agarwal,Loud arguments and shouting from neighbor's flat.,Noise,Critical,Open,Kavita Sinha
CMP22448,Banyan Tree Residences,A-2318,Abhishek Shah,Composting pit emitting foul odor.,Waste Management,Critical,Open,Rajesh Sinha
CMP42501,The Meadows,D-820,Saurabh Kapoor,Gym door lock jammed.,Gym,High,Open,Amit Desai
CMP36205,Blue Horizons CHS,C-863,Anita Bose,Water pipe burst in basement.,Water Supply,Medium,Assigned,Jyoti Desai
CMP42640,Platinum Towers,B-671,Deepika Menon,Lift full kharab hai bhai,Lift,Medium,Assigned,Deepika Gupta
CMP89500,Ocean View CHS,C-1850,Vikas Kapoor,Gate access card not working.,Security,Low,Resolved,Madhuri Kulkarni
CMP60382,Lotus Boulevard,D-1038,Nisha Kapoor,Garbage chute door broken.,Housekeeping,Medium,In Progress,Nisha Kumar
CMP74046,Sunrise Enclave,C-1695,Nitin Kulkarni,No separate bin for medical waste.,Waste Management,Low,In Progress,Ravi Das
CMP75440,Sunset Point Apartments,C-2000,Rohit Pillai,Life guard absent during pool hours.,Swimming Pool,Low,Resolved,Ritu Nair
CMP60054,The Pinnacle CHS,D-2110,Sneha Pillai,Garden lights not functioning at night.,Garden,High,Assigned,Madhuri Das
CMP70935,The Pinnacle CHS,B-1070,Abhishek Gupta,Pool changing room locks broken.,Swimming Pool,Medium,Open,Manisha Das
CMP44942,Silver Springs,D-545,Pankaj Malhotra,Pool timings not displayed properly.,Swimming Pool,Low,Resolved,Shweta Iyer
CMP97191,Vasant Vihar Apartments,D-2068,Swati Chopra,Rat problem in our flat - need urgent pest control.,Pest Control,Low,Resolved,Ravi Agarwal
CMP91493,Grandeur Park Residences,D-2341,Sunita Joshi,Flush kharab hai,Plumbing,High,In Progress,Mahesh Das
CMP42685,Ruby Residency,A-180,Komal Sharma,Gym AC insufficient - too hot inside.,Gym,Low,Assigned,Madhuri Kulkarni
CMP67396,Sunrise Enclave,D-1876,Pankaj Gupta,Majhya parking madhe dusryachi gaadi ubhi ahe,Parking,Medium,Open,Shruti Singh
CMP76744,Ocean View CHS,D-2148,Preeti Patel,Dumbbell weights missing - incomplete set.,Gym,Medium,In Progress,Amit Desai
CMP83110,The Imperial Towers,A-2043,Neha Bose,Socket kaam nahi kar raha hai boss,Electrical,Critical,Assigned,Kavita Sinha
CMP73778,Green Meadows CHS Ltd.,D-2070,Sachin Singh,Music practice during afternoon quiet hours.,Noise,Medium,Resolved,Ravi Agarwal
CMP41544,Serene Waters Society,D-803,Neha Kulkarni,Clubhouse lights not working in evening.,Clubhouse,Medium,Resolved,Ritu Malhotra
CMP58004,Silver Oaks Apartment Owners Association,B-2234,Manisha Pillai,Lift stuck between floors - very dangerous.,Lift,Low,In Progress,Mahesh Singh
CMP10398,Crystal Heights,B-1243,Manoj Shah,Gym exhaust fan not working - suffocating.,Gym,Low,Open,Varun Kulkarni
CMP76479,Eco-Village CHS,A-2349,Kavita Malhotra,CCTV toh kaam hi nahi karta,Security,High,Assigned,Shruti Singh
CMP89289,Golden Heights,D-1751,Varun Kumar,Plastic waste burning in society - health hazard.,Waste Management,Medium,Assigned,Varun Kulkarni
CMP87834,Diamond Plaza,C-550,Manoj Iyer,Garbage chute door broken.,Housekeeping,Medium,Assigned,Ashok Reddy
CMP19655,Paradise Heights,C-1968,Swati Gupta,Water coming muddy and dirty.,Water Supply,High,Open,Ritu Malhotra
CMP50874,Royal Enclave CHS,D-903,Ravi Gupta,Hot water geyser not functioning.,Plumbing,Critical,In Progress,Amit Desai
CMP92032,Orchid Petals Society,B-1124,Suresh Iyer,Neighbor playing loud music late at night.,Noise,High,Resolved,Rajesh Sinha
CMP42743,Eco-Village CHS,A-2184,Pooja Shah,No water supply since morning in our flat.,Water Supply,Medium,Open,Varun Reddy
CMP51086,Vasant Vihar Apartments,B-1236,Meera Kulkarni,Depth markings not visible.,Swimming Pool,High,Resolved,Mahesh Das
CMP50553,Diamond Plaza,A-1858,Anil Verma,Entrance door closer not working.,Common Area,Critical,Resolved,Dinesh Kapoor
CMP31847,Serene Waters Society,C-1771,Pooja Gupta,Clubhouse lights not working in evening.,Clubhouse,Medium,Open,Deepika Gupta
CMP17455,Banyan Tree Residences,D-234,Saurabh Bose,Pool water not chlorinated - unhygienic.,Swimming Pool,Medium,Assigned,Ritu Malhotra
CMP69746,Emerald Bay CHS,D-1015,Rupali Kapoor,Security not checking delivery personnel properly.,Security,Critical,In Progress,Ravi Reddy
CMP59957,Blue Horizons CHS,A-2444,Pooja Gupta,Plants dying due to lack of maintenance.,Garden,Low,Open,Amit Desai
CMP57843,Golden Gate Apartments,D-2455,Priya Rao,Dogs barking loudly throughout night.,Noise,Critical,Open,Ritu Malhotra
CMP26788,Grandeur Park Residences,C-1618,Pallavi Sharma,Garden bench damaged and needs repair.,Garden,Low,Resolved,Ravi Agarwal
CMP62050,Pearl Residency,D-797,Shweta Kapoor,Leakage from ceiling - upstairs neighbor may have issue.,Plumbing,Medium,Resolved,Amit Desai
CMP34742,Whispering Willows CHS,C-847,Swati Nair,Parking area mein paani bhara hua hai,Parking,Low,Assigned,Ritu Malhotra
CMP87820,Green Meadows CHS Ltd.,A-1344,Madhuri Bose,Unauthorized persons using clubhouse facilities.,Clubhouse,Critical,In Progress,Ashok Reddy
CMP41928,Sunset Point Apartments,B-1074,Neha Shah,Garbage collection timing too early.,Waste Management,High,In Progress,Kiran Menon
CMP75907,Silver Oaks Apartment Owners Association,B-1326,Nitin Iyer,Water pressure very low in kitchen.,Plumbing,Medium,Resolved,Ashok Reddy
CMP31494,Golden Gate Apartments,A-332,Komal Reddy,Neighbor playing loud music late at night.,Noise,Low,In Progress,Madhuri Kulkarni
CMP41113,Green Meadows CHS Ltd.,C-498,Shweta Agarwal,Doorbell not functioning.,Electrical,Critical,Open,Ashok Reddy
CMP33623,Grandeur Park Residences,C-1632,Deepika Nair,Clubhouse washroom taps not working.,Clubhouse,High,Open,Mahesh Singh
CMP82947,The Imperial Towers,A-1492,Nitin Agarwal,Dustbin overflowing in common area.,Housekeeping,Critical,Resolved,Ritu Nair
CMP10343,Cedar Crest Society,C-1059,Sandeep Malhotra,Composting pit emitting foul odor.,Waste Management,Critical,Resolved,Kiran Menon
CMP64792,Diamond Plaza,B-1156,Swati Reddy,A vehicle is blocking my parking slot.,Parking,High,Assigned,Shweta Iyer
CMP65549,Palm Grove Residences,C-2116,Kavita Chopra,Garden gate lock broken.,Garden,Low,In Progress,Shruti Singh
CMP20671,Diamond Plaza,C-584,Vikas Mehta,Plastic waste burning in society - health hazard.,Waste Management,Critical,In Progress,Ravi Agarwal
CMP91116,Green Meadows CHS Ltd.,D-816,Kiran Mehta,Yaar light nahi aa rahi room mein,Electrical,Low,Open,Sachin Joshi
CMP69083,Desert Rose Apartments,C-271,Ramesh Verma,Kitchen ka tap drip kar raha hai continuously,Plumbing,Low,Resolved,Shruti Singh
CMP58753,Desert Rose Apartments,B-1001,Manoj Patel,Bad smell from garbage collection area.,Waste Management,Low,Resolved,Nisha Kumar
CMP65242,Whispering Willows CHS,B-1682,Shweta Verma,Someone has parked in my allotted space.,Parking,Critical,In Progress,Ravi Reddy
CMP49436,Blue Horizons CHS,B-254,Shruti Menon,Fire extinguisher expired - needs refilling.,Common Area,High,Assigned,Swati Reddy
CMP93765,Desert Rose Apartments,B-2503,Saurabh Verma,Lizards entering flat from outside.,Pest Control,Low,Open,Madhuri Kulkarni
CMP12813,The Meadows,A-665,Amit Gupta,Fire extinguisher expired - needs refilling.,Common Area,Low,In Progress,Amit Desai
CMP93686,Vasant Vihar Apartments,C-1764,Swati Shah,Gate access card not working.,Security,Medium,Assigned,Ravi Reddy
CMP45825,The Pinnacle CHS,D-1779,Manoj Patel,Gym AC insufficient - too hot inside.,Gym,Medium,Open,Ashok Reddy
CMP39407,Crystal Heights,D-745,Varun Gupta,Garbage chute door broken.,Housekeeping,Medium,In Progress,Ravi Patel
CMP12040,The Pinnacle CHS,B-295,Anita Iyer,Unauthorized persons using clubhouse facilities.,Clubhouse,Low,In Progress,Jyoti Patel
CMP93680,Paradise Heights,C-1741,Pooja Bose,Cockroaches coming from neighbor's flat.,Pest Control,Low,In Progress,Varun Reddy
CMP16347,Orchid Petals Society,C-1301,Pankaj Verma,Water pipe burst in basement.,Water Supply,Medium,In Progress,Madhuri Kulkarni
CMP87891,Serene Waters Society,A-375,Jyoti Bose,Waste segregation bins not provided on our floor.,Waste Management,Critical,Resolved,Kiran Menon
CMP39021,Ocean View CHS,A-1788,Priya Das,Clubhouse AC not working properly.,Clubhouse,Medium,Open,Mahesh Singh
CMP82144,Maple Woods Enclave,D-2448,Komal Das,Lift full kharab hai bhai,Lift,Critical,Assigned,Kavita Sinha
CMP14080,The Pinnacle CHS,B-2373,Ajay Agarwal,Shower area not functioning.,Swimming Pool,Low,Resolved,Dinesh Kapoor
CMP90801,Whispering Willows CHS,D-1595,Vikram Malhotra,Lift cha darwaza band hot nahi,Lift,Low,Assigned,Mahesh Singh
CMP98646,Eco-Village CHS,D-2346,Nisha Shah,Lobby floor tiles need mopping urgently.,Housekeeping,Critical,Assigned,Rupali Desai
CMP16606,Maple Woods Enclave,A-1075,Ritu Menon,Cockroaches coming from neighbor's flat.,Pest Control,Low,Assigned,Mahesh Das
CMP32156,Emerald Bay CHS,C-1947,Ajay Sinha,Water coming muddy and dirty.,Water Supply,High,Open,Nisha Kumar
CMP49133,Sunrise Enclave,D-1761,Ashok Kumar,Loud arguments and shouting from neighbor's flat.,Noise,Low,In Progress,Ravi Patel
CMP39497,Platinum Towers,B-2027,Neha Singh,Common area wall paint peeling off.,Common Area,Critical,In Progress,Ravi Reddy
CMP34335,Banyan Tree Residences,A-964,Meera Menon,Water pipe burst in basement.,Water Supply,Low,Open,Amit Iyer
CMP46473,Palm Grove Residences,B-2476,Rakesh Chopra,Unknown person loitering in basement parking.,Security,Critical,Assigned,Shruti Singh
CMP57712,Silver Springs,C-1088,Kiran Verma,Lift making strange grinding noise.,Lift,Low,Open,Shruti Singh
CMP74219,The Pinnacle CHS,D-1702,Anil Rao,Garbage chute door broken.,Housekeeping,High,Open,Manisha Das
CMP14776,Victoria Apartments,B-320,Anil Agarwal,Dumbbell weights missing - incomplete set.,Gym,Low,Open,Ravi Das
CMP20105,Sunset Point Apartments,B-715,Nitin Shah,Lift madhe khup awaaz yetoy,Lift,Low,In Progress,Sachin Joshi
CMP96614,Golden Heights,B-1465,Pallavi Agarwal,Lobby floor tiles need mopping urgently.,Housekeeping,Critical,Open,Ritu Malhotra
CMP89273,Grandeur Park Residences,D-2395,Manisha Verma,Termites eating wooden furniture.,Pest Control,Low,Resolved,Kiran Menon
CMP42957,Spring Gardens CHS,B-1724,Kiran Singh,Clubhouse closed without prior notice.,Clubhouse,Medium,In Progress,Ravi Agarwal
CMP29705,Ocean View CHS,A-2168,Rupali Shah,Vehicle horn being used unnecessarily in society.,Noise,High,Open,Ravi Das
CMP96717,The Pinnacle CHS,A-1409,Sachin Desai,Clubhouse AC not working properly.,Clubhouse,Low,Open,Madhuri Das
CMP98424,Grandeur Park Residences,C-1518,Sandeep Gupta,Pool changing room locks broken.,Swimming Pool,High,Resolved,Sachin Joshi
CMP78081,Eco-Village CHS,C-669,Ravi Bose,Main gate boom barrier not functioning.,Security,High,Resolved,Varun Reddy
CMP91464,Silver Springs,B-2015,Ajay Kapoor,Lift door sensor faulty - closes too fast.,Lift,Medium,Resolved,Jyoti Desai
CMP96124,Ruby Residency,D-1679,Ritu Singh,Fruit flies in kitchen - very unhygienic.,Pest Control,High,Resolved,Rajesh Sinha
CMP22408,Golden Gate Apartments,A-2492,Anjali Patel,Unauthorized persons using clubhouse facilities.,Clubhouse,High,Resolved,Mahesh Das
CMP64366,Paradise Heights,B-404,Sanjay Kumar,Bathroom ka tap band nahi ho raha,Plumbing,Medium,Assigned,Jyoti Patel
CMP72799,Cedar Crest Society,D-1668,Nitin Kumar,Power socket in bedroom not working.,Electrical,Medium,Open,Ravi Agarwal
CMP11275,Paradise Heights,A-742,Manoj Desai,Lobby ceiling leakage during rain.,Common Area,High,Open,Manisha Das
CMP52114,Golden Heights,C-112,Swati Sharma,Main gate boom barrier not functioning.,Security,Low,Assigned,Nisha Kumar
CMP27855,Ocean View CHS,A-2342,Shruti Iyer,Garden gate lock broken.,Garden,High,Open,Ritu Nair
CMP30873,Crystal Heights,D-2211,Sneha Nair,Kitchen ka tap drip kar raha hai continuously,Plumbing,High,Assigned,Ravi Das
CMP95590,Banyan Tree Residences,A-684,Vikram Verma,Unauthorized persons using clubhouse facilities.,Clubhouse,Medium,In Progress,Abhishek Sharma
CMP10144,Desert Rose Apartments,A-412,Mahesh Bose,Ants everywhere in kitchen despite cleaning.,Pest Control,Critical,Assigned,Ravi Agarwal
CMP33980,Spring Gardens CHS,A-2261,Kavita Das,Unauthorized persons using clubhouse facilities.,Clubhouse,Critical,Open,Ravi Reddy
CMP55816,Blue Horizons CHS,B-310,Preeti Das,Bed bugs in bedroom - very serious problem.,Pest Control,Low,In Progress,Abhishek Sharma
CMP44691,The Pinnacle CHS,A-1684,Deepika Mehta,Garden bench damaged and needs repair.,Garden,Medium,Open,Amit Iyer
CMP76024,Desert Rose Apartments,A-1427,Rakesh Menon,Waste segregation bins not provided on our floor.,Waste Management,High,Assigned,Kavita Sinha
CMP93816,Crystal Heights,D-1004,Rupali Kulkarni,Pool filtration system not working.,Swimming Pool,Low,In Progress,Rajesh Sinha
CMP99082,Silver Springs,C-979,Rajesh Iyer,Gym timings board removed.,Gym,Critical,Resolved,Varun Kulkarni
CMP45874,Ruby Residency,D-2220,Suresh Patel,Fruit flies in kitchen - very unhygienic.,Pest Control,Critical,Open,Ravi Agarwal
CMP45050,Harmony Heights,A-331,Vikas Gupta,Flush kharab hai,Plumbing,High,In Progress,Deepika Gupta
CMP24525,Orchid Petals Society,C-661,Meera Pillai,Lizards entering flat from outside.,Pest Control,Low,Assigned,Ravi Agarwal
CMP96547,Royal Enclave CHS,C-1082,Shruti Singh,Emergency exit door jammed and locked.,Common Area,Low,Open,Swati Reddy
CMP46326,Cedar Crest Society,D-1737,Pankaj Malhotra,Pool changing room locks broken.,Swimming Pool,Low,Assigned,Rajesh Sinha
CMP24945,Sapphire Heights Cooperative Housing Society,C-2386,Vikram Kulkarni,Water supply timing irregular - unpredictable.,Water Supply,Critical,Assigned,Kiran Menon
CMP13425,Platinum Towers,B-1498,Rakesh Bose,Water motor making loud noise at night.,Water Supply,High,In Progress,Ritu Malhotra
CMP76415,Grandeur Park Residences,D-1642,Rohit Rao,Dustbin overflowing in common area.,Housekeeping,Low,In Progress,Deepika Gupta
CMP55776,Pearl Residency,B-233,Pankaj Nair,Vehicle without society sticker parked for many days.,Parking,Critical,Open,Mahesh Singh
CMP65261,Sunrise Enclave,A-2073,Ritu Sharma,Garden sprinklers not working properly.,Garden,Low,Resolved,Ritu Nair
CMP23648,The Meadows,D-1636,Sunita Joshi,Termites eating wooden furniture.,Pest Control,Critical,In Progress,Varun Reddy
CMP40579,Diamond Plaza,C-383,Anita Shah,Drainage pipe blocked - water overflowing in bathroom.,Plumbing,Critical,Assigned,Mahesh Das
CMP27909,Vasant Vihar Apartments,B-287,Seema Desai,Mere slot mein kisi ne gaadi park kar di hai yaar,Parking,High,Resolved,Amit Desai
CMP94365,Sapphire Heights Cooperative Housing Society,B-2393,Rakesh Gupta,Overgrown bushes blocking walkway.,Garden,Low,In Progress,Madhuri Kulkarni
CMP33629,Diamond Plaza,D-175,Sneha Nair,Lift indicator showing wrong floor numbers.,Lift,High,Assigned,Jyoti Patel
CMP67937,Ocean View CHS,B-379,Rakesh Sinha,Lobby floor tiles need mopping urgently.,Housekeeping,High,Open,Abhishek Sharma
CMP30947,Lotus Boulevard,A-1322,Varun Sharma,Water supply timing irregular - unpredictable.,Water Supply,Medium,Open,Kiran Menon
CMP97794,Shanti Vihar Apartments,A-831,Sunita Sinha,Power socket in bedroom not working.,Electrical,High,Open,Amit Iyer
CMP22315,Eco-Village CHS,A-2402,Madhuri Sinha,Emergency alarm button inside lift not working.,Lift,Medium,Resolved,Manisha Das
CMP82466,Victoria Apartments,A-1194,Deepika Reddy,Vehicle horn being used unnecessarily in society.,Noise,Low,Assigned,Madhuri Kulkarni
CMP66084,Silver Oaks Apartment Owners Association,D-2101,Pankaj Agarwal,Doorbell not functioning.,Electrical,Critical,In Progress,Manisha Das
CMP50655,Emerald Bay CHS,B-2433,Shruti Kulkarni,Lobby floor tiles need mopping urgently.,Housekeeping,High,Resolved,Shweta Iyer
CMP84375,Serene Waters Society,C-1071,Anita Patel,Bhai bathroom ke niche se paani leak ho raha hai,Plumbing,High,In Progress,Jyoti Desai
CMP96723,Platinum Towers,D-606,Sachin Joshi,Unauthorized persons using clubhouse facilities.,Clubhouse,Critical,Open,Kiran Menon
CMP89150,Silver Springs,C-1605,Mahesh Patel,Inverter not charging - keeps beeping.,Electrical,Critical,Open,Madhuri Das
CMP99243,Emerald Bay CHS,C-133,Nitin Joshi,Cockroaches coming from neighbor's flat.,Pest Control,Low,Open,Sachin Joshi
CMP55224,Cedar Crest Society,C-1305,Ravi Patel,Swimming pool water very dirty - not cleaned.,Clubhouse,Medium,Resolved,Dinesh Kapoor
CMP90599,Ocean View CHS,D-1916,Nisha Joshi,Lift cabin smelling bad - needs cleaning.,Housekeeping,High,Open,Rupali Desai
CMP87797,Maple Woods Enclave,A-941,Sunita Kapoor,Nameplate board outside flat damaged.,Common Area,Critical,Open,Varun Reddy
CMP20691,Crystal Heights,B-759,Kiran Mehta,Security guard duty pe nahi hai,Security,Medium,In Progress,Amit Iyer
CMP16981,Shanti Vihar Apartments,C-1407,Sanjay Patel,Staircase railing loose - can cause accident.,Common Area,Medium,Assigned,Rupali Desai
CMP79405,Hillview Cooperative Housing Society,D-1949,Sanjay Kumar,Bathroom tap is dripping continuously - water wastage.,Plumbing,Medium,In Progress,Madhuri Kulkarni
CMP14819,Serene Waters Society,C-385,Sneha Pillai,Lift kharab ho gayi hai,Lift,Critical,Open,Rupali Desai
CMP59585,Sunrise Enclave,D-125,Swati Pillai,Clubhouse lights not working in evening.,Clubhouse,High,Open,Amit Desai
CMP19973,Sapphire Heights Cooperative Housing Society,C-1319,Manisha Patel,Drainage pipe blocked - water overflowing in bathroom.,Plumbing,Low,In Progress,Varun Reddy
CMP12965,Lotus Boulevard,B-1057,Madhuri Shah,Lift door sensor faulty - closes too fast.,Lift,High,In Progress,Mahesh Singh
CMP12301,The Meadows,D-1463,Shruti Kapoor,Garden gate lock broken.,Garden,Low,In Progress,Varun Kulkarni
CMP14415,Serene Waters Society,D-2094,Vikram Singh,MCB baar baar trip ho raha hai,Electrical,Low,Resolved,Madhuri Das
CMP61665,Golden Heights,D-2040,Preeti Kapoor,Overhead tank overflow causing seepage.,Water Supply,Medium,Assigned,Deepika Gupta
CMP70462,Paradise Heights,A-2384,Mahesh Shah,Lizards entering flat from outside.,Pest Control,Low,Open,Ritu Nair
CMP30005,Vasant Vihar Apartments,A-1158,Deepika Iyer,Main gate boom barrier not functioning.,Security,High,Resolved,Ravi Das
CMP67672,Golden Gate Apartments,C-2471,Swati Kumar,Lift making strange grinding noise.,Lift,Medium,Resolved,Ravi Patel
CMP27219,Whispering Willows CHS,B-2006,Neha Verma,Gym floor mat torn - slipping hazard.,Gym,Medium,Open,Varun Kulkarni
CMP92798,Orchid Petals Society,B-2234,Sachin Sinha,Water coming muddy and dirty.,Water Supply,Medium,In Progress,Sachin Joshi
CMP75909,Spring Gardens CHS,D-410,Dinesh Chopra,Music practice during afternoon quiet hours.,Noise,High,Assigned,Ritu Malhotra
CMP32207,Silver Oaks Apartment Owners Association,B-1412,Preeti Verma,Children's play area swings broken.,Garden,Low,Resolved,Shruti Singh
CMP77913,Diamond Plaza,A-2119,Preeti Agarwal,Bore well pump not working.,Water Supply,Medium,In Progress,Rupali Desai
CMP45469,Orchid Petals Society,B-2356,Rakesh Pillai,Letter box lock broken - security risk.,Common Area,Low,Assigned,Deepika Gupta
CMP97863,Banyan Tree Residences,B-754,Pallavi Menon,Staircase railing loose - can cause accident.,Common Area,Medium,Assigned,Rajesh Sinha
CMP29019,Silver Oaks Apartment Owners Association,A-1911,Ravi Agarwal,Lift ka darwaza thik se band nahi hota,Lift,Critical,Resolved,Swati Reddy
CMP88870,Crystal Heights,C-1247,Dinesh Kumar,Security guard sleeping on duty at night.,Security,High,Assigned,Mahesh Das
CMP98684,Eco-Village CHS,B-1704,Mahesh Agarwal,Unauthorized vehicle parked in society.,Security,Low,Assigned,Swati Reddy
CMP24796,Banyan Tree Residences,A-1252,Manoj Agarwal,Clubhouse closed without prior notice.,Clubhouse,Medium,Resolved,Rupali Desai
CMP63366,Banyan Tree Residences,D-119,Sneha Sharma,Clubhouse booking system not functioning.,Clubhouse,Critical,Assigned,Ravi Patel
CMP24082,Sunrise Enclave,C-2002,Rakesh Mehta,Garbage not collected from our floor today.,Housekeeping,Critical,Assigned,Amit Iyer
CMP46420,Serene Waters Society,D-1648,Rakesh Kulkarni,Entrance door closer not working.,Common Area,Low,Assigned,Kiran Menon
CMP25450,Paradise Heights,A-1728,Ashok Das,Light jaldi nahi,Electrical,Critical,Resolved,Deepika Gupta
CMP60552,Spring Gardens CHS,D-1055,Jyoti Chopra,AC point not providing power.,Electrical,Low,Resolved,Manisha Das
CMP13303,Orchid Petals Society,C-1735,Varun Pillai,Party in neighboring flat - very loud till 2 AM.,Noise,High,Open,Ashok Reddy
CMP56667,Victoria Apartments,A-960,Preeti Joshi,Garden gate lock broken.,Garden,High,Assigned,Ravi Patel
CMP83724,Palm Grove Residences,A-257,Pooja Kapoor,Generator running continuously making too much noise.,Noise,High,Resolved,Varun Kulkarni
CMP60061,Desert Rose Apartments,A-930,Nisha Gupta,Pool water not chlorinated - unhygienic.,Swimming Pool,High,Assigned,Manisha Das
CMP86709,Orchid Petals Society,A-1135,Seema Agarwal,Underground tank needs urgent cleaning.,Water Supply,Low,Open,Abhishek Sharma
CMP75419,Orchid Petals Society,D-735,Pallavi Rao,Bench press bench wobbling - unsafe.,Gym,High,Assigned,Ritu Nair
CMP72869,Ocean View CHS,D-1172,Varun Verma,Table tennis rackets and balls missing.,Clubhouse,High,Resolved,Abhishek Sharma
CMP25619,Silver Springs,A-780,Dinesh Reddy,Pool ladder rusted and unsafe.,Swimming Pool,Critical,Open,Varun Reddy
CMP31956,Green Meadows CHS Ltd.,C-2239,Anita Nair,Main gate boom barrier not functioning.,Security,High,In Progress,Kiran Menon
CMP40116,Vasant Vihar Apartments,D-1028,Preeti Mehta,Plastic waste burning in society - health hazard.,Waste Management,Critical,Open,Mahesh Singh
CMP38718,Diamond Plaza,C-588,Swati Agarwal,Too many mosquitoes due to stagnant water in garden.,Garden,Critical,Resolved,Sachin Joshi
CMP83451,Banyan Tree Residences,C-1109,Ajay Mehta,Construction noise from upstairs flat during quiet hours.,Noise,Low,Assigned,Madhuri Das
CMP68276,Crystal Heights,D-2278,Rohit Agarwal,Staircase railing loose - can cause accident.,Common Area,Medium,Resolved,Varun Reddy
CMP81487,Royal Enclave CHS,A-1785,Manisha Sharma,Children's pool empty and dirty.,Swimming Pool,Critical,Assigned,Swati Reddy
CMP10123,Victoria Apartments,A-1222,Manisha Singh,Children's pool empty and dirty.,Swimming Pool,Critical,Assigned,Jyoti Desai
CMP88037,Harmony Heights,D-1190,Ritu Desai,Geyser chalu nahi ho raha,Plumbing,Low,Assigned,Abhishek Sharma
CMP19941,Victoria Apartments,B-834,Sneha Malhotra,There is water leakage below the kitchen sink.,Plumbing,Low,Assigned,Kavita Sinha
CMP92251,Desert Rose Apartments,D-837,Seema Bose,Visitor entered without proper verification.,Security,High,In Progress,Ravi Das
CMP75547,The Meadows,A-817,Neha Menon,Lift ki door properly close nahi hoti,Lift,Medium,Assigned,Ritu Nair
CMP80659,Green Meadows CHS Ltd.,D-996,Nisha Verma,Shower area not functioning.,Swimming Pool,Low,Resolved,Ravi Agarwal
CMP13415,Crystal Heights,B-825,Rakesh Sinha,CCTV toh kaam hi nahi karta,Security,Medium,In Progress,Swati Reddy
CMP58470,Sapphire Heights Cooperative Housing Society,D-1669,Rohit Kumar,Generator running continuously making too much noise.,Noise,Medium,In Progress,Madhuri Das
CMP44828,Sunset Point Apartments,D-1698,Amit Nair,Plastic waste burning in society - health hazard.,Waste Management,Critical,Resolved,Mahesh Das
CMP28048,Grandeur Park Residences,B-517,Madhuri Agarwal,Common area notice board glass broken.,Common Area,Critical,Open,Shruti Singh
CMP68150,Serene Waters Society,A-1429,Seema Pillai,Common area washroom very dirty.,Housekeeping,High,Assigned,Rupali Desai
CMP56017,Blue Horizons CHS,D-388,Vikas Mehta,Fruit flies in kitchen - very unhygienic.,Pest Control,High,Assigned,Madhuri Kulkarni
CMP10659,Maple Woods Enclave,D-274,Pankaj Kapoor,Yaar light nahi aa rahi room mein,Electrical,Low,In Progress,Shruti Singh
CMP62327,Cedar Crest Society,B-613,Abhishek Nair,Children's pool empty and dirty.,Swimming Pool,Medium,Open,Abhishek Sharma
CMP21774,Ocean View CHS,A-664,Nisha Bose,Bhai bathroom ke niche se paani leak ho raha hai,Plumbing,High,Resolved,Nisha Kumar
CMP37559,Ruby Residency,B-1558,Ashok Menon,Water motor making loud noise at night.,Water Supply,Low,Open,Shweta Iyer
CMP44332,Eco-Village CHS,B-2502,Abhishek Joshi,Composting pit emitting foul odor.,Waste Management,Critical,Resolved,Abhishek Sharma
CMP53326,Golden Heights,D-939,Shruti Agarwal,Pool changing room locks broken.,Swimming Pool,Medium,Open,Jyoti Patel
CMP57873,Maple Woods Enclave,B-538,Priya Sharma,Bore well pump not working.,Water Supply,Critical,Assigned,Ritu Nair
CMP36709,Orchid Petals Society,D-451,Nisha Malhotra,Emergency alarm button inside lift not working.,Lift,Medium,In Progress,Kiran Menon
CMP83623,Victoria Apartments,D-1952,Kiran Bose,Swimming pool water very dirty - not cleaned.,Clubhouse,Critical,Open,Jyoti Desai
CMP64740,Orchid Petals Society,B-489,Rohit Shah,Lift making strange grinding noise.,Lift,High,In Progress,Ravi Reddy
CMP45354,Royal Enclave CHS,C-549,Nitin Shah,Pool water not chlorinated - unhygienic.,Swimming Pool,Low,Open,Dinesh Kapoor
CMP69050,Skyline Residency,A-1930,Komal Kumar,Pool timings not displayed properly.,Swimming Pool,Medium,Open,Deepika Gupta
CMP95958,Royal Enclave CHS,A-2331,Seema Chopra,Garbage chute door broken.,Housekeeping,High,Open,Ritu Nair
CMP68681,Sunset Point Apartments,C-534,Sunita Kumar,Lift cabin smelling bad - needs cleaning.,Housekeeping,Medium,In Progress,Ravi Agarwal
CMP38854,Emerald Bay CHS,B-907,Jyoti Desai,Dumbbell weights missing - incomplete set.,Gym,Critical,Resolved,Ravi Agarwal
CMP63623,Victoria Apartments,C-1287,Anita Kumar,Staircase light not working for past 3 days.,Electrical,Medium,Open,Ravi Agarwal
CMP81268,Diamond Plaza,C-2318,Amit Mehta,Neighbor playing loud music late at night.,Noise,Low,Resolved,Ravi Reddy
CMP74629,Harmony Heights,B-1670,Meera Kumar,Pool ladder rusted and unsafe.,Swimming Pool,Critical,Open,Amit Iyer
CMP12389,Zenith Towers,B-2324,Sachin Rao,Society water bill very high - possible leakage.,Water Supply,Medium,Assigned,Ravi Das
CMP83701,Hillview Cooperative Housing Society,B-1799,Meera Malhotra,Depth markings not visible.,Swimming Pool,Low,In Progress,Amit Desai
CMP50849,Sapphire Heights Cooperative Housing Society,C-1935,Manoj Rao,Kitchen ka tap drip kar raha hai continuously,Plumbing,High,Assigned,Jyoti Patel
CMP29464,Banyan Tree Residences,A-112,Ashok Gupta,Residents not segregating wet and dry waste.,Waste Management,Low,Assigned,Sachin Joshi
CMP39822,The Imperial Towers,D-1330,Anil Agarwal,Emergency exit door jammed and locked.,Common Area,Low,In Progress,Kiran Menon
CMP68945,Harmony Heights,C-2227,Suresh Patel,Table tennis rackets and balls missing.,Clubhouse,Low,Assigned,Nisha Kumar
CMP46692,Skyline Residency,B-852,Sneha Kumar,Visitor entered without proper verification.,Security,Medium,Resolved,Sachin Joshi
CMP43858,Vasant Vihar Apartments,B-2405,Meera Chopra,Bathroom tap is dripping continuously - water wastage.,Plumbing,Medium,In Progress,Kavita Sinha
CMP77831,Golden Heights,D-1154,Komal Menon,Overgrown bushes blocking walkway.,Garden,Critical,Assigned,Shruti Singh
CMP82959,Vasant Vihar Apartments,B-891,Rajesh Pillai,Lobby floor tiles need mopping urgently.,Housekeeping,Critical,Open,Ritu Malhotra
CMP67000,Zenith Towers,C-607,Kavita Malhotra,Spider webs all over balcony.,Pest Control,High,Assigned,Varun Kulkarni
CMP40952,Orchid Petals Society,C-1689,Pankaj Sharma,Pool filtration system not working.,Swimming Pool,Low,Assigned,Ravi Reddy
CMP34843,Diamond Plaza,D-1396,Amit Iyer,Pigeons nesting on AC outdoor unit.,Pest Control,Critical,Assigned,Nisha Kumar
CMP93096,Golden Heights,A-850,Jyoti Shah,Gym exhaust fan not working - suffocating.,Gym,High,Assigned,Abhishek Sharma
CMP12355,Silver Springs,A-1344,Shweta Agarwal,Someone has parked in my allotted space.,Parking,Medium,Open,Jyoti Desai
CMP92206,Crystal Heights,A-871,Vikas Kumar,Pool changing room locks broken.,Swimming Pool,Low,Resolved,Varun Kulkarni
CMP86762,Grandeur Park Residences,B-1999,Nisha Patel,Water motor making loud noise at night.,Water Supply,Low,Resolved,Ritu Nair
CMP21832,Sunset Point Apartments,A-469,Anita Agarwal,Construction noise from upstairs flat during quiet hours.,Noise,High,Assigned,Mahesh Das
CMP96789,Desert Rose Apartments,C-1118,Mahesh Rao,Lift number 2 has stopped working.,Lift,Medium,Open,Kavita Sinha
CMP64037,Sapphire Heights Cooperative Housing Society,B-2410,Sanjay Das,Parking area mein paani bhara hua hai,Parking,High,Resolved,Sachin Joshi
CMP46967,Silver Oaks Apartment Owners Association,A-461,Deepika Joshi,Cobwebs all over corridor ceiling.,Housekeeping,Critical,Resolved,Sachin Joshi
CMP73049,Skyline Residency,D-342,Ramesh Reddy,Cobwebs all over corridor ceiling.,Housekeeping,High,Open,Shruti Singh
CMP33139,The Meadows,B-977,Manisha Sharma,Clubhouse AC not working properly.,Clubhouse,Low,Assigned,Sachin Joshi
CMP15782,Orchid Petals Society,B-2406,Sneha Iyer,Too many mosquitoes due to stagnant water in garden.,Garden,Medium,Resolved,Jyoti Patel
CMP21985,Silver Springs,C-1073,Anil Sinha,Construction noise from upstairs flat during quiet hours.,Noise,High,Resolved,Amit Iyer
CMP68176,Zenith Towers,D-616,Nitin Singh,Anjan aadmi basement mein ghoom raha tha,Security,Low,Open,Manisha Das
CMP35889,Whispering Willows CHS,D-722,Madhuri Singh,E-waste collection bin overflowing.,Waste Management,High,Open,Jyoti Patel
CMP22459,Green Meadows CHS Ltd.,D-1853,Preeti Kulkarni,Overgrown bushes blocking walkway.,Garden,High,In Progress,Ravi Reddy
CMP95005,Silver Oaks Apartment Owners Association,C-2038,Manisha Shah,CCTV camera kaam nahi kar raha,Security,Critical,Assigned,Ravi Reddy
CMP31554,Green Meadows CHS Ltd.,B-204,Sanjay Kumar,Dumbbell weights missing - incomplete set.,Gym,Medium,Resolved,Madhuri Das
CMP71053,Platinum Towers,B-229,Ashok Shah,Loud arguments and shouting from neighbor's flat.,Noise,Critical,Assigned,Kavita Sinha
CMP95981,Maple Woods Enclave,B-2422,Varun Nair,Water motor making loud noise at night.,Water Supply,High,Open,Rajesh Sinha
CMP50893,Cedar Crest Society,B-684,Vikram Sinha,Parking full waterlogged hai,Parking,Medium,Resolved,Varun Kulkarni
CMP95125,Platinum Towers,D-2332,Ravi Sharma,Security guard kuch check hi nahi karta entry pe,Security,Medium,In Progress,Rupali Desai
CMP68777,Cedar Crest Society,D-1957,Rajesh Reddy,Society water bill very high - possible leakage.,Water Supply,Medium,In Progress,Madhuri Das
CMP10243,Serene Waters Society,B-2037,Varun Reddy,Bad smell from garbage collection area.,Waste Management,High,Resolved,Rajesh Sinha
CMP73952,Banyan Tree Residences,D-1328,Manoj Kumar,Bedroom madhil socket kaam karat nahi,Electrical,Medium,In Progress,Amit Desai
CMP37393,Sunrise Enclave,D-1893,Mahesh Pillai,Weight machine cable broken.,Gym,Low,Assigned,Mahesh Singh
CMP49691,Ruby Residency,C-2207,Shweta Malhotra,Composting pit emitting foul odor.,Waste Management,High,Assigned,Varun Reddy
CMP86525,Banyan Tree Residences,A-883,Sandeep Shah,Corridor light not working - very dark.,Common Area,Medium,In Progress,Shruti Singh
CMP69196,Platinum Towers,C-941,Neha Malhotra,Residents not segregating wet and dry waste.,Waste Management,Low,Assigned,Dinesh Kapoor
CMP65768,Ruby Residency,A-175,Ramesh Joshi,Ceiling fan making noise and wobbling.,Electrical,High,Assigned,Deepika Gupta
CMP11411,Cedar Crest Society,C-832,Dinesh Mehta,Mere parking mein koi aur gaadi khadi hai,Parking,Critical,Open,Ravi Reddy
CMP48166,Sunset Point Apartments,B-1168,Dinesh Bose,Kitchen ka tap drip kar raha hai continuously,Plumbing,Critical,Assigned,Kiran Menon
CMP53301,Vasant Vihar Apartments,B-1910,Pooja Iyer,Tube light flickering continuously.,Electrical,Medium,In Progress,Rajesh Sinha
CMP62580,Silver Springs,B-1081,Rohit Gupta,Security guard kuch check hi nahi karta entry pe,Security,Low,Open,Amit Iyer
CMP17082,Silver Springs,C-1698,Pankaj Rao,Depth markings not visible.,Swimming Pool,Low,Assigned,Rupali Desai
CMP68966,Platinum Towers,D-840,Ajay Bose,Staircase railing loose - can cause accident.,Common Area,Critical,In Progress,Manisha Das
CMP49175,Paradise Heights,C-320,Komal Patel,Bad smell from garbage collection area.,Waste Management,High,In Progress,Shruti Singh
CMP71896,Crystal Heights,A-2160,Vikas Menon,Common area wall paint peeling off.,Common Area,High,In Progress,Jyoti Patel
CMP24710,Pearl Residency,A-1105,Amit Iyer,Staircase very dirty - not cleaned for days.,Housekeeping,Low,In Progress,Nisha Kumar
CMP98039,The Pinnacle CHS,B-863,Ravi Pillai,Gym door lock jammed.,Gym,Low,Assigned,Ritu Malhotra
CMP45868,Sunset Point Apartments,B-2249,Komal Desai,Kitchen madhe sink khali pani ghalat ahe,Plumbing,Critical,Open,Swati Reddy
CMP57389,The Imperial Towers,D-492,Pankaj Menon,Lobby floor tiles need mopping urgently.,Housekeeping,Critical,Open,Shruti Singh
CMP96506,Grandeur Park Residences,C-1140,Rupali Shah,Generator running continuously making too much noise.,Noise,High,Open,Ravi Patel
CMP96467,Sunset Point Apartments,C-1001,Swati Sharma,Common area washroom very dirty.,Housekeeping,Medium,Assigned,Amit Desai
CMP92640,Ocean View CHS,A-995,Jyoti Shah,Kitchen ka tap drip kar raha hai continuously,Plumbing,Low,Assigned,Ravi Patel
CMP46163,Pearl Residency,B-449,Ajay Iyer,Cobwebs all over corridor ceiling.,Housekeeping,High,Resolved,Sachin Joshi
CMP23569,Silver Oaks Apartment Owners Association,A-791,Ajay Gupta,Sweeper not doing job properly.,Housekeeping,Critical,In Progress,Madhuri Das
CMP57899,Serene Waters Society,D-464,Suresh Bose,Clubhouse washroom taps not working.,Clubhouse,Medium,Assigned,Varun Kulkarni
CMP46443,Serene Waters Society,C-1319,Neha Shah,Water supply timing irregular - unpredictable.,Water Supply,Critical,Assigned,Jyoti Desai
CMP82656,Silver Springs,A-661,Ashok Kulkarni,Bulk waste dumped in common area.,Waste Management,High,In Progress,Varun Reddy
CMP20203,Sunrise Enclave,B-384,Anil Mehta,Light jal nahi rahi,Electrical,Medium,Assigned,Ashok Reddy
CMP59068,Silver Oaks Apartment Owners Association,A-736,Manoj Nair,Pool ladder rusted and unsafe.,Swimming Pool,Critical,In Progress,Sachin Joshi
CMP33593,Diamond Plaza,C-601,Rupali Kulkarni,Music practice during afternoon quiet hours.,Noise,High,Open,Amit Iyer
CMP36659,Cedar Crest Society,D-1906,Vikas Sharma,Rat problem in our flat - need urgent pest control.,Pest Control,Critical,Open,Nisha Kumar
CMP31809,Ruby Residency,C-2172,Priya Kumar,Too many mosquitoes - fogging required.,Pest Control,Medium,Assigned,Amit Iyer
CMP78122,Silver Oaks Apartment Owners Association,D-2291,Dinesh Pillai,Water pressure very low in kitchen.,Plumbing,Low,Open,Mahesh Singh
CMP60276,Eco-Village CHS,D-1153,Sachin Malhotra,Dumbbell weights missing - incomplete set.,Gym,High,Resolved,Ravi Agarwal
CMP22157,Silver Oaks Apartment Owners Association,A-2220,Sunita Kumar,Sweeper not doing job properly.,Housekeeping,High,Assigned,Jyoti Patel
CMP82531,Vasant Vihar Apartments,B-2438,Pankaj Kapoor,Ceiling fan making noise and wobbling.,Electrical,High,In Progress,Madhuri Kulkarni
CMP64370,Banyan Tree Residences,D-2193,Neha Bose,Gym AC insufficient - too hot inside.,Gym,Medium,Assigned,Shweta Iyer
CMP88816,Golden Gate Apartments,C-1485,Anil Agarwal,Clubhouse booking system not functioning.,Clubhouse,Medium,In Progress,Ravi Patel
CMP78880,Emerald Bay CHS,C-1365,Pankaj Reddy,Visitor entered without proper verification.,Security,Critical,Assigned,Manisha Das
CMP28991,Ocean View CHS,A-385,Nisha Das,Depth markings not visible.,Swimming Pool,Low,Open,Kavita Sinha
CMP80089,Green Meadows CHS Ltd.,D-1311,Shweta Menon,Garbage collection timing too early.,Waste Management,Medium,Resolved,Abhishek Sharma
CMP25107,Cedar Crest Society,C-616,Rajesh Chopra,Common area washroom very dirty.,Housekeeping,Medium,In Progress,Ravi Agarwal
CMP11864,Sunrise Enclave,A-1381,Sneha Shah,Garden bench damaged and needs repair.,Garden,Low,Open,Shweta Iyer
CMP82420,The Imperial Towers,D-1555,Pooja Agarwal,Pool filtration system not working.,Swimming Pool,High,In Progress,Deepika Gupta
CMP69846,Ruby Residency,C-1285,Saurabh Das,Swimming pool water very dirty - not cleaned.,Clubhouse,High,Open,Rajesh Sinha
CMP10843,The Pinnacle CHS,A-2054,Kavita Joshi,Lobby ceiling leakage during rain.,Common Area,Low,Open,Jyoti Patel
CMP71447,Ruby Residency,C-2249,Sneha Shah,Geyser chalu nahi ho raha,Plumbing,High,Resolved,Mahesh Das
CMP67783,Victoria Apartments,D-2141,Anjali Singh,Kitchen ka tap drip kar raha hai continuously,Plumbing,High,Open,Ravi Das
CMP89655,Diamond Plaza,D-1629,Sneha Malhotra,Termites eating wooden furniture.,Pest Control,Low,Open,Varun Kulkarni
CMP40621,Spring Gardens CHS,D-407,Neha Singh,Hot water geyser not functioning.,Plumbing,Low,In Progress,Ritu Malhotra
CMP82388,Harmony Heights,D-981,Priya Sinha,Lift ka darwaza thik se band nahi hota,Lift,Medium,Open,Shruti Singh
CMP30345,Golden Gate Apartments,C-579,Preeti Bose,Children's pool empty and dirty.,Swimming Pool,Critical,Open,Jyoti Desai
CMP91315,Hillview Cooperative Housing Society,B-265,Ashok Malhotra,Mere parking mein koi aur gaadi khadi hai,Parking,Medium,Assigned,Varun Kulkarni
CMP40382,Banyan Tree Residences,A-952,Nisha Kumar,Spider webs all over balcony.,Pest Control,High,Resolved,Madhuri Kulkarni
CMP89718,Spring Gardens CHS,A-1471,Rajesh Reddy,Yoga room floor mat torn and unhygienic.,Clubhouse,Critical,In Progress,Nisha Kumar
CMP89657,Desert Rose Apartments,C-307,Ajay Agarwal,Pool filtration system not working.,Swimming Pool,Medium,Resolved,Rupali Desai
CMP76040,Lotus Boulevard,A-1578,Mahesh Menon,Security guard duty pe nahi hai,Security,Low,In Progress,Amit Iyer
CMP65659,Pearl Residency,D-2278,Sunita Joshi,Staircase railing loose - can cause accident.,Common Area,Critical,Assigned,Kiran Menon
CMP96199,Golden Heights,A-694,Rohit Mehta,Lift full kharab hai bhai,Lift,Critical,Resolved,Jyoti Desai
CMP21526,Harmony Heights,D-1079,Abhishek Chopra,Lift mein bahut awaaz aa rahi hai,Lift,Critical,Resolved,Ravi Agarwal
CMP18949,Platinum Towers,D-182,Saurabh Reddy,Pool timings not displayed properly.,Swimming Pool,Medium,Resolved,Sachin Joshi
CMP34508,Palm Grove Residences,C-430,Madhuri Malhotra,Staircase railing loose - can cause accident.,Common Area,Low,Open,Mahesh Singh
CMP81228,Blue Horizons CHS,C-1868,Seema Desai,Lift door not closing properly - safety issue.,Lift,Medium,Resolved,Ritu Malhotra
CMP11140,The Meadows,B-2459,Varun Agarwal,Pool changing room locks broken.,Swimming Pool,High,Resolved,Ritu Malhotra
CMP38015,Harmony Heights,B-233,Sachin Gupta,Life guard absent during pool hours.,Swimming Pool,Critical,Assigned,Manisha Das
CMP30904,Golden Heights,B-1209,Sneha Menon,No separate bin for medical waste.,Waste Management,Low,Resolved,Ashok Reddy
CMP50590,Skyline Residency,C-1017,Anil Kapoor,CCTV camera in our floor not working.,Security,Medium,Assigned,Ritu Malhotra
CMP32900,Golden Heights,B-2008,Sandeep Desai,Clubhouse booking system not functioning.,Clubhouse,Low,Resolved,Ravi Das
CMP98258,Banyan Tree Residences,A-514,Nitin Chopra,Fire extinguisher expired - needs refilling.,Common Area,Medium,In Progress,Ashok Reddy
CMP90883,Harmony Heights,D-1328,Pallavi Joshi,Plastic waste burning in society - health hazard.,Waste Management,High,In Progress,Shruti Singh
CMP47271,Sapphire Heights Cooperative Housing Society,B-1748,Pallavi Pillai,Corridor light not working - very dark.,Common Area,Critical,Assigned,Madhuri Kulkarni
CMP68707,Cedar Crest Society,C-245,Rakesh Menon,Plastic waste burning in society - health hazard.,Waste Management,Low,Assigned,Shweta Iyer
CMP55915,Hillview Cooperative Housing Society,C-1089,Ashok Menon,Electric meter showing wrong reading.,Electrical,High,Open,Ravi Das
CMP13397,Royal Enclave CHS,C-696,Kavita Malhotra,Clubhouse lights not working in evening.,Clubhouse,Critical,Resolved,Madhuri Das
CMP74120,Green Meadows CHS Ltd.,C-366,Abhishek Joshi,Life guard absent during pool hours.,Swimming Pool,Medium,In Progress,Nisha Kumar
CMP54755,Palm Grove Residences,C-1695,Seema Joshi,Parking full waterlogged hai,Parking,High,Resolved,Mahesh Singh
CMP36775,Desert Rose Apartments,C-1736,Rajesh Das,Children's pool empty and dirty.,Swimming Pool,Critical,Assigned,Jyoti Desai
CMP95921,Desert Rose Apartments,B-2266,Swati Joshi,Lobby floor tiles need mopping urgently.,Housekeeping,High,Open,Amit Iyer
CMP19802,Cedar Crest Society,B-1629,Varun Mehta,Light jal nahi rahi,Electrical,Critical,Open,Madhuri Kulkarni
CMP18858,Orchid Petals Society,D-867,Suresh Chopra,Lift indicator showing wrong floor numbers.,Lift,Medium,Assigned,Nisha Kumar
CMP13262,Maple Woods Enclave,D-326,Shweta Verma,Visitor entered without proper verification.,Security,High,Assigned,Abhishek Sharma
CMP62042,Ocean View CHS,D-1471,Ritu Iyer,No water supply since morning in our flat.,Water Supply,High,Open,Swati Reddy
CMP23902,Maple Woods Enclave,C-1133,Vikas Shah,Bulk waste dumped in common area.,Waste Management,Critical,Assigned,Amit Desai
CMP21508,Maple Woods Enclave,D-901,Priya Bose,Gym floor mat torn - slipping hazard.,Gym,Medium,Open,Mahesh Das
CMP72850,The Imperial Towers,A-542,Kiran Kulkarni,Pool changing room locks broken.,Swimming Pool,Critical,Assigned,Madhuri Das
CMP63096,Green Meadows CHS Ltd.,C-1536,Jyoti Kulkarni,Treadmill not working for past week.,Gym,Critical,Assigned,Varun Reddy
CMP28665,Maple Woods Enclave,A-1287,Vikram Pillai,Power socket in bedroom not working.,Electrical,High,Resolved,Rupali Desai
CMP47088,Royal Enclave CHS,B-1522,Sachin Menon,Tube light flickering continuously.,Electrical,High,In Progress,Ritu Malhotra
CMP51802,Green Meadows CHS Ltd.,A-1958,Pooja Agarwal,Gym timings board removed.,Gym,Low,Open,Kavita Sinha
CMP90425,Victoria Apartments,A-342,Sachin Shah,Gym door lock jammed.,Gym,Medium,In Progress,Madhuri Kulkarni
CMP43550,Orchid Petals Society,B-1216,Saurabh Mehta,Rat problem in our flat - need urgent pest control.,Pest Control,Critical,Assigned,Mahesh Singh
CMP38907,Sunset Point Apartments,D-1008,Amit Patel,Doorbell not functioning.,Electrical,High,Resolved,Shruti Singh
CMP68583,Crystal Heights,C-460,Kiran Patel,Drainage pipe blocked - water overflowing in bathroom.,Plumbing,Medium,Open,Kiran Menon
CMP43611,Zenith Towers,D-922,Pankaj Chopra,Pool changing room locks broken.,Swimming Pool,Low,In Progress,Ravi Agarwal
CMP79503,Skyline Residency,B-590,Manisha Desai,Water motor making loud noise at night.,Water Supply,High,Open,Swati Reddy
CMP92728,Royal Enclave CHS,D-2085,Komal Singh,Clubhouse closed without prior notice.,Clubhouse,Low,In Progress,Ritu Nair
CMP76497,Golden Gate Apartments,A-2471,Rohit Mehta,Overhead tank overflow causing seepage.,Water Supply,High,Open,Varun Kulkarni
CMP87888,Palm Grove Residences,D-418,Madhuri Pillai,Pigeons nesting on AC outdoor unit.,Pest Control,Medium,Open,Rupali Desai
CMP34014,Royal Enclave CHS,C-1203,Shruti Pillai,Inverter not charging - keeps beeping.,Electrical,High,Assigned,Rupali Desai
CMP71287,Ruby Residency,D-1022,Anita Bose,Nameplate board outside flat damaged.,Common Area,Critical,Assigned,Madhuri Kulkarni
CMP64816,Platinum Towers,C-971,Vikram Desai,Shower area not functioning.,Swimming Pool,High,Open,Ashok Reddy
CMP85139,Green Meadows CHS Ltd.,A-2312,Rohit Iyer,Lift door sensor faulty - closes too fast.,Lift,High,In Progress,Ravi Agarwal
CMP51798,Golden Heights,A-609,Rajesh Iyer,Light jal nahi rahi,Electrical,High,In Progress,Kavita Sinha
CMP28433,Hillview Cooperative Housing Society,C-1105,Ritu Desai,Too many mosquitoes due to stagnant water in garden.,Garden,Critical,Resolved,Kiran Menon
CMP84269,Shanti Vihar Apartments,B-1920,Vikram Das,Garbage chute door broken.,Housekeeping,Medium,In Progress,Ravi Reddy
CMP84521,Zenith Towers,B-188,Pallavi Verma,Lawn grass overgrown - needs cutting.,Garden,Medium,In Progress,Manisha Das
CMP39773,Blue Horizons CHS,A-2003,Sneha Chopra,Water supply timing irregular - unpredictable.,Water Supply,Low,Assigned,Jyoti Patel
CMP48049,Green Meadows CHS Ltd.,B-1302,Swati Nair,Clubhouse lights not working in evening.,Clubhouse,Critical,Assigned,Shruti Singh
CMP83023,Pearl Residency,C-1159,Kavita Mehta,Pool timings not displayed properly.,Swimming Pool,Medium,Open,Rajesh Sinha
CMP26291,Platinum Towers,B-1463,Saurabh Mehta,WC seat broken and needs replacement.,Plumbing,Medium,Open,Rupali Desai
CMP94094,Emerald Bay CHS,D-1256,Pallavi Mehta,Theft reported - jewellery stolen from flat.,Security,Medium,Assigned,Ritu Malhotra
CMP23199,Hillview Cooperative Housing Society,A-430,Rakesh Malhotra,Loud arguments and shouting from neighbor's flat.,Noise,Low,Resolved,Nisha Kumar
CMP12174,Grandeur Park Residences,C-2011,Varun Reddy,Parking area mein paani bhara hua hai,Parking,Medium,Assigned,Jyoti Patel
CMP21847,Diamond Plaza,B-2406,Priya Reddy,Lift stuck between floors - very dangerous.,Lift,Critical,Resolved,Ritu Malhotra
CMP79111,Vasant Vihar Apartments,C-721,Vikram Bose,Garden sprinklers not working properly.,Garden,High,In Progress,Nisha Kumar
CMP46816,Crystal Heights,A-1110,Rajesh Verma,Lizards entering flat from outside.,Pest Control,High,Open,Sachin Joshi
CMP71609,Grandeur Park Residences,A-1714,Dinesh Nair,Kitchen sink drain clogged completely.,Plumbing,High,Assigned,Varun Reddy
CMP16090,Sunrise Enclave,A-449,Sunita Mehta,Electric meter showing wrong reading.,Electrical,Medium,Open,Rupali Desai
CMP82111,Whispering Willows CHS,B-146,Shweta Desai,Kitchen sink drain clogged completely.,Plumbing,Critical,Assigned,Deepika Gupta
CMP55574,Orchid Petals Society,D-1594,Ramesh Das,Children's play area swings broken.,Garden,Low,In Progress,Dinesh Kapoor
CMP24092,Paradise Heights,B-486,Swati Desai,Water supply timing irregular - unpredictable.,Water Supply,Critical,Open,Sachin Joshi
CMP14309,Diamond Plaza,A-857,Suresh Das,Bulk waste dumped in common area.,Waste Management,High,Open,Rupali Desai
CMP76263,Silver Oaks Apartment Owners Association,B-1823,Priya Bose,Bore well pump not working.,Water Supply,High,Resolved,Ravi Agarwal
CMP18685,Zenith Towers,D-119,Rohit Kulkarni,No separate bin for medical waste.,Waste Management,Critical,In Progress,Kiran Menon
CMP54020,Silver Oaks Apartment Owners Association,C-353,Rajesh Pillai,Visitor entered without proper verification.,Security,Critical,Resolved,Ravi Agarwal
CMP10457,Orchid Petals Society,D-2160,Abhishek Das,Garbage chute door broken.,Housekeeping,Medium,Resolved,Mahesh Das
CMP46550,The Pinnacle CHS,C-2454,Shweta Kulkarni,Unknown person loitering in basement parking.,Security,Low,Resolved,Sachin Joshi
CMP81425,Blue Horizons CHS,A-2474,Anjali Shah,Light jal nahi rahi,Electrical,Critical,Resolved,Amit Desai
CMP81983,Hillview Cooperative Housing Society,A-1410,Preeti Singh,Very low water pressure on higher floors.,Water Supply,Critical,Open,Amit Desai
CMP71582,Sapphire Heights Cooperative Housing Society,C-804,Sunita Das,Security guard sleeping on duty at night.,Security,High,Resolved,Jyoti Desai
CMP78363,Skyline Residency,B-1653,Rakesh Bose,Someone has parked in my allotted space.,Parking,Medium,Open,Amit Desai
CMP41258,Blue Horizons CHS,A-1428,Sanjay Gupta,Heavy furniture being dragged at odd hours.,Noise,High,Resolved,Deepika Gupta
CMP55005,Skyline Residency,A-421,Anil Agarwal,Olakhit vyakti basement madhe phirat hoti,Security,Medium,Resolved,Kiran Menon
CMP11511,Sunrise Enclave,C-1128,Sandeep Gupta,Water pressure very low in kitchen.,Plumbing,Medium,Open,Rupali Desai
CMP25990,Spring Gardens CHS,C-1745,Rajesh Reddy,Unauthorized vehicle parked in society.,Security,Critical,Assigned,Mahesh Das
CMP16136,Whispering Willows CHS,A-226,Ramesh Iyer,Lift cabin light not working - dark inside.,Lift,High,In Progress,Swati Reddy
CMP55447,Whispering Willows CHS,D-700,Komal Patel,Very low water pressure on higher floors.,Water Supply,Medium,Assigned,Rajesh Sinha
CMP10861,Banyan Tree Residences,D-1356,Amit Rao,Pankha awaaz karto,Electrical,High,Assigned,Madhuri Kulkarni
CMP86956,Palm Grove Residences,B-1973,Suresh Pillai,Mere parking mein koi aur gaadi khadi hai,Parking,Low,Resolved,Varun Reddy
CMP78908,Cedar Crest Society,C-1929,Nitin Chopra,Lift making strange grinding noise.,Lift,High,Assigned,Ritu Nair
CMP43146,Crystal Heights,B-210,Pooja Chopra,Staircase railing loose - can cause accident.,Common Area,High,Resolved,Rajesh Sinha
CMP77670,Silver Oaks Apartment Owners Association,C-1200,Komal Iyer,Bench press bench wobbling - unsafe.,Gym,Critical,In Progress,Manisha Das
CMP51105,Pearl Residency,B-554,Anil Rao,Clubhouse booking system not functioning.,Clubhouse,Low,Assigned,Shruti Singh
CMP20416,Diamond Plaza,A-2282,Shweta Gupta,Garbage collection timing too early.,Waste Management,Medium,Resolved,Ravi Reddy
CMP55134,Victoria Apartments,B-630,Neha Pillai,Bed bugs in bedroom - very serious problem.,Pest Control,Critical,In Progress,Kavita Sinha
CMP93973,Banyan Tree Residences,D-2101,Amit Mehta,Clubhouse washroom taps not working.,Clubhouse,Critical,Resolved,Amit Desai
CMP87532,Shanti Vihar Apartments,C-797,Komal Rao,Gym floor mat torn - slipping hazard.,Gym,Medium,Open,Kiran Menon
CMP27883,Ruby Residency,A-1823,Manoj Menon,Heavy furniture being dragged at odd hours.,Noise,High,Assigned,Amit Iyer
CMP62585,Sunset Point Apartments,A-1547,Sandeep Shah,WC seat broken and needs replacement.,Plumbing,High,Assigned,Madhuri Kulkarni
CMP34898,Hillview Cooperative Housing Society,C-897,Preeti Verma,Gym AC insufficient - too hot inside.,Gym,Critical,Assigned,Nisha Kumar
CMP44560,Eco-Village CHS,D-2353,Anjali Rao,Too many mosquitoes due to stagnant water in garden.,Garden,High,Assigned,Ritu Nair
CMP70919,Orchid Petals Society,A-2345,Kiran Pillai,Party in neighboring flat - very loud till 2 AM.,Noise,Critical,Open,Abhishek Sharma
CMP35374,Diamond Plaza,B-1265,Anil Reddy,Garbage chute door broken.,Housekeeping,Low,Assigned,Madhuri Kulkarni
CMP69142,The Pinnacle CHS,B-1188,Rakesh Kumar,Parking full waterlogged hai,Parking,Medium,In Progress,Kavita Sinha
CMP47130,Diamond Plaza,B-2301,Vikas Desai,Garbage collection timing too early.,Waste Management,Critical,Open,Rajesh Sinha
CMP77989,Emerald Bay CHS,C-403,Swati Rao,Overhead tank overflow causing seepage.,Water Supply,Low,Assigned,Ritu Malhotra
CMP92707,Pearl Residency,B-336,Manoj Nair,Someone has parked in my allotted space.,Parking,Medium,Resolved,Jyoti Desai
CMP32088,Banyan Tree Residences,D-465,Amit Das,Parking area waterlogged after rain.,Parking,Medium,In Progress,Sachin Joshi
CMP86393,Green Meadows CHS Ltd.,B-505,Pankaj Shah,Lawn grass overgrown - needs cutting.,Garden,Medium,Open,Rajesh Sinha
CMP35140,Zenith Towers,A-2268,Manisha Nair,Pool changing room locks broken.,Swimming Pool,High,Open,Ravi Agarwal
CMP33131,The Imperial Towers,B-1531,Anil Iyer,Spider webs all over balcony.,Pest Control,Medium,In Progress,Jyoti Desai
CMP21845,Diamond Plaza,C-1986,Ritu Nair,A vehicle is blocking my parking slot.,Parking,Medium,Assigned,Rupali Desai
CMP49396,Pearl Residency,A-2036,Anjali Shah,Water pressure very low in kitchen.,Plumbing,Low,Open,Sachin Joshi
CMP98014,Vasant Vihar Apartments,D-604,Preeti Pillai,Gym door lock jammed.,Gym,High,Resolved,Rajesh Sinha
CMP11528,Shanti Vihar Apartments,B-2267,Varun Kumar,E-waste collection bin overflowing.,Waste Management,Critical,Assigned,Rajesh Sinha
CMP37641,Shanti Vihar Apartments,B-835,Deepika Kapoor,Vehicle horn being used unnecessarily in society.,Noise,High,Assigned,Madhuri Kulkarni
CMP93670,Emerald Bay CHS,D-630,Ritu Sharma,Lobby floor tiles need mopping urgently.,Housekeeping,Medium,Assigned,Manisha Das
CMP68933,Platinum Towers,C-331,Nitin Desai,Underground tank needs urgent cleaning.,Water Supply,High,Resolved,Ravi Reddy
CMP85845,Maple Woods Enclave,A-1612,Shweta Verma,Gate access card not working.,Security,Low,Resolved,Ravi Agarwal
CMP34081,Shanti Vihar Apartments,D-863,Komal Desai,Garden gate lock broken.,Garden,High,In Progress,Shweta Iyer
CMP12867,Diamond Plaza,D-821,Saurabh Patel,Lizards entering flat from outside.,Pest Control,High,In Progress,Rupali Desai
CMP87132,Silver Springs,C-2347,Saurabh Bose,Garbage bags torn by stray dogs.,Waste Management,High,Resolved,Rajesh Sinha
CMP34355,Shanti Vihar Apartments,D-2005,Nitin Iyer,Lift kharab jhali ahe,Lift,Low,Resolved,Kiran Menon
CMP62566,Emerald Bay CHS,A-2295,Nitin Kapoor,Entrance door closer not working.,Common Area,Low,In Progress,Ritu Nair
CMP36219,Orchid Petals Society,C-955,Sachin Reddy,Flush is not working properly - water keeps running.,Plumbing,High,Open,Ritu Nair
CMP55135,Golden Heights,A-2019,Preeti Malhotra,Theft reported - jewellery stolen from flat.,Security,Low,Resolved,Ravi Reddy
CMP84891,Paradise Heights,D-2075,Rupali Sharma,Clubhouse lights not working in evening.,Clubhouse,Low,Resolved,Ravi Reddy
CMP16165,Silver Oaks Apartment Owners Association,C-1276,Preeti Verma,Ceiling fan making noise and wobbling.,Electrical,High,Assigned,Amit Desai
CMP90399,Whispering Willows CHS,A-360,Komal Das,Garbage collection timing too early.,Waste Management,Low,Open,Dinesh Kapoor
CMP44502,The Pinnacle CHS,A-527,Vikas Agarwal,Plastic waste burning in society - health hazard.,Waste Management,High,Resolved,Deepika Gupta
CMP32595,Harmony Heights,A-2198,Abhishek Rao,Security guard duty pe nahi hai,Security,Low,Open,Shweta Iyer
CMP19488,Golden Gate Apartments,D-1634,Manisha Gupta,Security guard duty pe nahi hai,Security,Medium,Resolved,Ashok Reddy
CMP30491,Palm Grove Residences,C-1383,Seema Joshi,Gym timings board removed.,Gym,Low,Resolved,Varun Kulkarni
CMP23741,Paradise Heights,B-1439,Madhuri Patel,Very low water pressure on higher floors.,Water Supply,High,Resolved,Ritu Nair
CMP47717,Emerald Bay CHS,C-2028,Nitin Iyer,Children's pool empty and dirty.,Swimming Pool,Medium,In Progress,Ravi Patel
CMP61941,The Pinnacle CHS,D-2246,Vikas Pillai,Party in neighboring flat - very loud till 2 AM.,Noise,High,In Progress,Deepika Gupta
CMP74056,Sunrise Enclave,A-478,Neha Singh,Neighbor using my second parking without permission.,Parking,Medium,Resolved,Ravi Agarwal
CMP92418,Hillview Cooperative Housing Society,D-1955,Ravi Menon,Leakage from ceiling - upstairs neighbor may have issue.,Plumbing,Low,Open,Ravi Patel
CMP74455,Pearl Residency,B-397,Seema Desai,Flush kharab jhala ahe,Plumbing,Low,Resolved,Kavita Sinha
CMP55314,Green Meadows CHS Ltd.,A-1174,Preeti Sinha,Plastic waste burning in society - health hazard.,Waste Management,High,Assigned,Rajesh Sinha
CMP15639,Paradise Heights,C-754,Nisha Das,Too many mosquitoes - fogging required.,Pest Control,Critical,Resolved,Ritu Malhotra
CMP14139,Desert Rose Apartments,B-2260,Anil Singh,Pool filtration system not working.,Swimming Pool,Low,Open,Ravi Reddy
CMP23208,Green Meadows CHS Ltd.,B-808,Rajesh Joshi,Dog waste not cleaned from garden regularly.,Garden,Critical,Assigned,Ravi Patel
CMP17798,Banyan Tree Residences,A-952,Vikram Rao,Bulk waste dumped in common area.,Waste Management,Medium,In Progress,Shruti Singh
CMP84638,Eco-Village CHS,A-1037,Varun Reddy,Kitchen sink drain clogged completely.,Plumbing,Medium,Assigned,Nisha Kumar
CMP96710,Skyline Residency,A-2099,Meera Rao,Spider webs all over balcony.,Pest Control,Low,Assigned,Rajesh Sinha
CMP43551,Vasant Vihar Apartments,A-1854,Dinesh Gupta,Lift cha darwaza band hot nahi,Lift,Critical,Resolved,Abhishek Sharma
CMP47826,Maple Woods Enclave,B-985,Dinesh Mehta,Dog waste not cleaned from garden regularly.,Garden,Medium,Open,Jyoti Patel
CMP78485,Platinum Towers,A-394,Kavita Joshi,Staircase very dirty - not cleaned for days.,Housekeeping,Critical,Resolved,Varun Reddy
CMP95206,Blue Horizons CHS,D-742,Pooja Pillai,Party in neighboring flat - very loud till 2 AM.,Noise,Low,Open,Shweta Iyer
CMP73843,Serene Waters Society,D-316,Meera Shah,Composting pit emitting foul odor.,Waste Management,Low,Open,Kavita Sinha
CMP24131,Pearl Residency,C-637,Jyoti Nair,Pool timings not displayed properly.,Swimming Pool,High,Assigned,Ravi Das
CMP87806,Platinum Towers,D-374,Anita Gupta,E-waste collection bin overflowing.,Waste Management,High,Assigned,Madhuri Kulkarni
CMP72893,Ruby Residency,A-1700,Rupali Patel,Too many mosquitoes due to stagnant water in garden.,Garden,Critical,In Progress,Ashok Reddy
CMP66528,Desert Rose Apartments,A-1376,Manoj Gupta,Flush kharab hai,Plumbing,Low,In Progress,Ravi Reddy
CMP86818,Serene Waters Society,C-1246,Varun Mehta,Bed bugs in bedroom - very serious problem.,Pest Control,High,Open,Varun Kulkarni
CMP72607,Harmony Heights,B-963,Anita Patel,Boom barrier hitting car roof - too low.,Parking,Low,Open,Ravi Patel
CMP27806,Grandeur Park Residences,B-698,Manoj Desai,Overgrown bushes blocking walkway.,Garden,High,In Progress,Kiran Menon
CMP14053,The Meadows,A-1645,Rajesh Menon,Staircase railing loose - can cause accident.,Common Area,Critical,Open,Sachin Joshi
CMP67921,Victoria Apartments,D-1060,Madhuri Iyer,Plants dying due to lack of maintenance.,Garden,Medium,Open,Ritu Nair
CMP64431,Spring Gardens CHS,C-1122,Meera Reddy,Someone has parked in my allotted space.,Parking,High,Assigned,Abhishek Sharma
CMP62050,Pearl Residency,C-2175,Rupali Chopra,Party in neighboring flat - very loud till 2 AM.,Noise,Medium,Assigned,Ravi Patel
CMP82135,Pearl Residency,C-409,Nitin Gupta,No water supply since morning in our flat.,Water Supply,Critical,In Progress,Ravi Patel
CMP18778,Crystal Heights,C-509,Manisha Kulkarni,Lift indicator showing wrong floor numbers.,Lift,Medium,Resolved,Shweta Iyer
CMP44060,Royal Enclave CHS,C-193,Sunita Verma,Overhead tank overflow causing seepage.,Water Supply,High,In Progress,Ashok Reddy
CMP20869,Silver Springs,C-801,Ritu Shah,Loud arguments and shouting from neighbor's flat.,Noise,Low,In Progress,Jyoti Patel
CMP62971,Blue Horizons CHS,D-1724,Sachin Pillai,Common area wall paint peeling off.,Common Area,Medium,Assigned,Amit Desai
CMP66374,Green Meadows CHS Ltd.,D-1285,Anita Kapoor,Shower area not functioning.,Swimming Pool,Critical,Assigned,Nisha Kumar
CMP85244,Maple Woods Enclave,A-258,Pooja Chopra,Lift cabin light not working - dark inside.,Lift,Medium,In Progress,Jyoti Desai
CMP41415,Sunset Point Apartments,C-1561,Ashok Nair,Light jaldi nahi,Electrical,Medium,In Progress,Rupali Desai
CMP81057,Palm Grove Residences,A-2143,Amit Nair,Clubhouse closed without prior notice.,Clubhouse,Critical,Resolved,Kavita Sinha
CMP66792,Silver Springs,C-2382,Ramesh Singh,Lift cabin smelling bad - needs cleaning.,Housekeeping,Medium,Open,Amit Iyer
CMP29589,Lotus Boulevard,A-1223,Neha Sinha,Underground tank needs urgent cleaning.,Water Supply,Critical,Resolved,Varun Kulkarni
CMP99987,Paradise Heights,D-1747,Rajesh Pillai,Hot water geyser not functioning.,Plumbing,Medium,Open,Swati Reddy
CMP67962,Emerald Bay CHS,B-1312,Sachin Iyer,Cockroaches coming from neighbor's flat.,Pest Control,High,Open,Sachin Joshi
CMP31001,Victoria Apartments,D-482,Pooja Kumar,Lobby ceiling leakage during rain.,Common Area,High,Assigned,Manisha Das
CMP54253,Ruby Residency,D-663,Pallavi Chopra,Yaar light nahi aa rahi room mein,Electrical,High,Resolved,Rajesh Sinha
CMP40957,Palm Grove Residences,D-2448,Ajay Kumar,Lift overload alarm malfunctioning.,Lift,Medium,Open,Sachin Joshi
CMP33951,The Imperial Towers,C-176,Komal Mehta,Spider webs all over balcony.,Pest Control,Low,Open,Ravi Das
CMP26106,Desert Rose Apartments,A-1445,Anil Verma,Pigeons nesting on AC outdoor unit.,Pest Control,Low,Open,Jyoti Patel
CMP39297,Silver Springs,D-147,Vikas Gupta,Gym door lock jammed.,Gym,Low,Assigned,Shweta Iyer
CMP10936,The Pinnacle CHS,C-1206,Anita Rao,Construction noise from upstairs flat during quiet hours.,Noise,Critical,Resolved,Abhishek Sharma
CMP60511,Whispering Willows CHS,C-2304,Sneha Desai,Dogs barking loudly throughout night.,Noise,Low,Resolved,Ravi Patel
CMP63423,Harmony Heights,C-153,Vikas Nair,Water coming muddy and dirty.,Water Supply,Medium,Resolved,Sachin Joshi
CMP69238,Victoria Apartments,D-2170,Preeti Agarwal,Yaar light nahi aa rahi room mein,Electrical,High,In Progress,Amit Iyer
CMP60957,Paradise Heights,A-383,Shruti Menon,Housekeeping staff coming late daily.,Housekeeping,Medium,Assigned,Nisha Kumar
CMP50396,Sunrise Enclave,B-1762,Sneha Iyer,Gym door lock jammed.,Gym,Critical,Assigned,Manisha Das
CMP48078,Ocean View CHS,B-669,Sachin Shah,Clubhouse lights not working in evening.,Clubhouse,Critical,Resolved,Abhishek Sharma
CMP87310,Sapphire Heights Cooperative Housing Society,C-541,Anita Sinha,Lift cabin smelling bad - needs cleaning.,Housekeeping,Medium,Resolved,Manisha Das
CMP77716,Emerald Bay CHS,B-2010,Sandeep Desai,Light jaldi nahi,Electrical,Medium,Resolved,Shruti Singh
CMP71385,Sunrise Enclave,B-745,Dinesh Kapoor,Common area notice board glass broken.,Common Area,Critical,Assigned,Ravi Reddy
CMP49743,Skyline Residency,C-1999,Amit Kapoor,Inverter not charging - keeps beeping.,Electrical,Medium,Open,Ashok Reddy
CMP53624,Golden Gate Apartments,A-1054,Jyoti Sharma,Unauthorized persons using clubhouse facilities.,Clubhouse,High,Resolved,Madhuri Kulkarni
CMP58968,Royal Enclave CHS,C-666,Rohit Kumar,Dogs barking loudly throughout night.,Noise,High,Open,Abhishek Sharma
CMP64520,Serene Waters Society,D-2085,Kiran Sharma,E-waste collection bin overflowing.,Waste Management,Low,Resolved,Varun Kulkarni
CMP31301,Platinum Towers,C-1556,Kiran Sharma,Inverter not charging - keeps beeping.,Electrical,Medium,In Progress,Kavita Sinha
CMP23617,Sunset Point Apartments,A-2204,Preeti Kapoor,Pool water not chlorinated - unhygienic.,Swimming Pool,Medium,Resolved,Sachin Joshi
CMP98331,The Meadows,B-2285,Kiran Desai,Garden sprinklers not working properly.,Garden,Medium,In Progress,Ritu Malhotra
CMP70066,Banyan Tree Residences,B-1387,Rakesh Kumar,Cobwebs all over corridor ceiling.,Housekeeping,Critical,In Progress,Mahesh Singh
CMP98818,Ruby Residency,C-1438,Sandeep Kumar,Lift cabin light not working - dark inside.,Lift,High,Assigned,Rajesh Sinha
CMP33789,Victoria Apartments,D-1078,Varun Mehta,Plastic waste burning in society - health hazard.,Waste Management,Critical,Assigned,Shruti Singh
CMP50377,Vasant Vihar Apartments,A-2309,Varun Pillai,Water supply timing irregular - unpredictable.,Water Supply,High,Assigned,Mahesh Das
CMP92908,The Imperial Towers,B-1720,Komal Kapoor,Sweeper not doing job properly.,Housekeeping,High,In Progress,Ravi Reddy
CMP89003,Sapphire Heights Cooperative Housing Society,C-1254,Kavita Patel,Vehicle horn being used unnecessarily in society.,Noise,Low,Open,Swati Reddy
CMP67344,Grandeur Park Residences,D-1323,Saurabh Malhotra,Doorbell not functioning.,Electrical,Critical,In Progress,Deepika Gupta
CMP47867,Victoria Apartments,D-849,Rakesh Kapoor,Water pipe burst in basement.,Water Supply,Critical,Resolved,Ravi Reddy
CMP80817,Desert Rose Apartments,A-1885,Priya Iyer,Water coming muddy and dirty.,Water Supply,High,In Progress,Ritu Nair
CMP66025,Pearl Residency,A-1838,Suresh Das,Emergency alarm button inside lift not working.,Lift,Medium,Assigned,Abhishek Sharma
CMP36682,Sapphire Heights Cooperative Housing Society,D-1821,Mahesh Kulkarni,Bad smell from garbage collection area.,Waste Management,High,Assigned,Ravi Das
CMP62020,Sunrise Enclave,D-1857,Seema Shah,Water coming muddy and dirty.,Water Supply,High,In Progress,Rupali Desai
CMP53667,Vasant Vihar Apartments,D-1654,Nitin Menon,Children running and jumping in flat above ours.,Noise,Medium,Open,Amit Desai
CMP27165,Sunrise Enclave,D-2316,Kavita Nair,Composting pit emitting foul odor.,Waste Management,Medium,Assigned,Ravi Reddy
CMP93817,Sunrise Enclave,B-2326,Suresh Das,Neighbor using my second parking without permission.,Parking,Medium,In Progress,Shruti Singh
CMP85541,Grandeur Park Residences,B-1149,Sunita Menon,Fruit flies in kitchen - very unhygienic.,Pest Control,Critical,Open,Rupali Desai
CMP33698,Lotus Boulevard,D-807,Manoj Patel,Party in neighboring flat - very loud till 2 AM.,Noise,Low,Resolved,Kavita Sinha
CMP91989,Crystal Heights,D-1996,Sachin Chopra,Clubhouse closed without prior notice.,Clubhouse,Low,Assigned,Madhuri Das
CMP67708,Ocean View CHS,A-570,Amit Shah,Garden lights not functioning at night.,Garden,Low,Assigned,Dinesh Kapoor
CMP27039,The Imperial Towers,C-2494,Sunita Iyer,Boom barrier hitting car roof - too low.,Parking,Medium,Open,Ravi Agarwal
CMP59144,Platinum Towers,A-1272,Manoj Kumar,Water pipe burst in basement.,Water Supply,High,Resolved,Shruti Singh
CMP96933,Banyan Tree Residences,A-1006,Nisha Pillai,Garden bench damaged and needs repair.,Garden,Low,Assigned,Ashok Reddy
CMP60650,Skyline Residency,A-1273,Nitin Singh,Lift indicator showing wrong floor numbers.,Lift,Low,Open,Ritu Malhotra
CMP50831,Banyan Tree Residences,C-521,Seema Sinha,Lizards entering flat from outside.,Pest Control,Low,Resolved,Rajesh Sinha
CMP59510,Desert Rose Apartments,B-1227,Rohit Desai,Clubhouse closed without prior notice.,Clubhouse,Low,In Progress,Madhuri Kulkarni
CMP83137,Cedar Crest Society,B-545,Dinesh Iyer,Generator running continuously making too much noise.,Noise,Critical,Assigned,Rupali Desai
CMP90046,Emerald Bay CHS,B-1690,Sanjay Kulkarni,Composting pit emitting foul odor.,Waste Management,High,Open,Madhuri Das
CMP20048,Diamond Plaza,A-1713,Saurabh Mehta,Sweeper not doing job properly.,Housekeeping,Critical,In Progress,Swati Reddy
CMP14380,Silver Oaks Apartment Owners Association,B-1816,Shweta Gupta,Children running and jumping in flat above ours.,Noise,High,In Progress,Ritu Nair
CMP34247,Zenith Towers,C-1941,Sunita Das,Garden lights not functioning at night.,Garden,Medium,Open,Varun Reddy
CMP96189,Skyline Residency,D-1523,Seema Kumar,Theft reported - jewellery stolen from flat.,Security,High,Open,Ritu Malhotra
CMP39826,Sunrise Enclave,C-2467,Priya Malhotra,No separate bin for medical waste.,Waste Management,Critical,Assigned,Ravi Reddy
CMP90770,Serene Waters Society,A-119,Komal Das,Underground tank needs urgent cleaning.,Water Supply,Low,Open,Madhuri Das
CMP35451,Green Meadows CHS Ltd.,B-1418,Ravi Bose,Clubhouse booking system not functioning.,Clubhouse,Medium,Open,Rupali Desai
CMP63780,Golden Gate Apartments,B-1983,Nisha Gupta,MCB baar baar trip ho raha hai,Electrical,Low,Assigned,Kavita Sinha
CMP28466,Lotus Boulevard,D-1282,Kavita Malhotra,Someone has parked in my allotted space.,Parking,Low,Resolved,Jyoti Patel
CMP48892,Zenith Towers,C-1549,Rajesh Malhotra,Party in neighboring flat - very loud till 2 AM.,Noise,Critical,Resolved,Madhuri Das
CMP41437,Skyline Residency,A-1194,Pallavi Kulkarni,No separate bin for medical waste.,Waste Management,High,Resolved,Shruti Singh
CMP30174,Orchid Petals Society,A-2267,Vikram Sinha,Unauthorized persons using clubhouse facilities.,Clubhouse,Low,Resolved,Manisha Das
CMP36857,Sunrise Enclave,D-1746,Priya Sharma,Staircase very dirty - not cleaned for days.,Housekeeping,Low,Resolved,Madhuri Das
CMP44330,Paradise Heights,B-402,Deepika Agarwal,Plants dying due to lack of maintenance.,Garden,High,Resolved,Varun Reddy
CMP94474,Crystal Heights,B-1636,Anil Chopra,Garbage not collected from our floor today.,Housekeeping,Low,Assigned,Manisha Das
CMP79986,Desert Rose Apartments,A-955,Kavita Patel,Lift kharab jhali ahe,Lift,High,Resolved,Dinesh Kapoor
CMP16033,Skyline Residency,C-853,Ravi Kapoor,Corridor light not working - very dark.,Common Area,Low,Open,Amit Desai
CMP15697,Sapphire Heights Cooperative Housing Society,B-473,Suresh Mehta,Pool water not chlorinated - unhygienic.,Swimming Pool,Low,Resolved,Madhuri Das
CMP48833,Orchid Petals Society,C-2448,Manisha Menon,Lift making strange grinding noise.,Lift,Critical,In Progress,Abhishek Sharma
CMP83090,Silver Springs,B-1416,Amit Kulkarni,E-waste collection bin overflowing.,Waste Management,Critical,In Progress,Manisha Das
CMP34088,Maple Woods Enclave,B-1182,Varun Kulkarni,Garbage collection timing too early.,Waste Management,Critical,Open,Amit Desai
CMP64930,Whispering Willows CHS,C-343,Pankaj Agarwal,No separate bin for medical waste.,Waste Management,Medium,Assigned,Ashok Reddy
CMP93737,Palm Grove Residences,C-465,Anita Kulkarni,Gym door lock jammed.,Gym,Medium,Open,Rupali Desai
CMP87368,Hillview Cooperative Housing Society,C-1823,Ramesh Malhotra,Weight machine cable broken.,Gym,Critical,Resolved,Jyoti Desai
CMP47201,Eco-Village CHS,C-1133,Jyoti Sinha,Water motor making loud noise at night.,Water Supply,Low,Open,Manisha Das
CMP21312,The Imperial Towers,A-1191,Sneha Kulkarni,Lift ki door properly close nahi hoti,Lift,Low,Open,Shweta Iyer
CMP31582,Lotus Boulevard,A-1734,Suresh Nair,Society water bill very high - possible leakage.,Water Supply,Critical,In Progress,Shweta Iyer
CMP61797,Orchid Petals Society,B-702,Suresh Bose,Bed bugs in bedroom - very serious problem.,Pest Control,Low,Resolved,Ravi Reddy
CMP73539,Golden Heights,A-1997,Vikas Iyer,Party in neighboring flat - very loud till 2 AM.,Noise,High,In Progress,Ritu Nair
CMP76440,Emerald Bay CHS,D-1322,Ritu Sinha,Parking area mein paani bhara hua hai,Parking,High,In Progress,Abhishek Sharma
CMP46334,Cedar Crest Society,D-161,Sanjay Iyer,Lift number 2 has stopped working.,Lift,Critical,Open,Ravi Patel
CMP34162,Ocean View CHS,D-2474,Manoj Kapoor,Bulk waste dumped in common area.,Waste Management,Critical,Resolved,Dinesh Kapoor
CMP53568,Sunset Point Apartments,D-585,Ramesh Verma,Fire extinguisher expired - needs refilling.,Common Area,Medium,In Progress,Manisha Das
CMP28796,Golden Gate Apartments,A-1511,Manisha Chopra,Lobby ceiling leakage during rain.,Common Area,Critical,Resolved,Jyoti Patel
CMP51359,Golden Gate Apartments,C-266,Ashok Sharma,Treadmill not working for past week.,Gym,High,In Progress,Amit Desai
CMP39892,Blue Horizons CHS,A-1986,Amit Das,Bathroom exhaust fan making noise and not working.,Plumbing,Low,In Progress,Swati Reddy
CMP82611,Orchid Petals Society,B-1370,Ramesh Kapoor,Garden bench damaged and needs repair.,Garden,High,Assigned,Ravi Patel
CMP41246,Emerald Bay CHS,A-617,Rupali Agarwal,Treadmill not working for past week.,Gym,Medium,Resolved,Dinesh Kapoor
CMP68248,Orchid Petals Society,A-194,Preeti Desai,Bathroom ka tap band nahi ho raha,Plumbing,High,Assigned,Mahesh Das
CMP47338,Eco-Village CHS,D-336,Vikas Kapoor,Gym equipment broken and unsafe to use.,Clubhouse,High,Open,Dinesh Kapoor
CMP32204,Sapphire Heights Cooperative Housing Society,C-2378,Pallavi Gupta,Termites eating wooden furniture.,Pest Control,Low,Open,Swati Reddy
CMP49933,Blue Horizons CHS,B-2440,Neha Iyer,Flush kharab jhala ahe,Plumbing,High,Resolved,Ritu Nair
CMP16926,Lotus Boulevard,A-1083,Anjali Rao,Lawn grass overgrown - needs cutting.,Garden,High,In Progress,Deepika Gupta
CMP92386,Emerald Bay CHS,C-2027,Suresh Kumar,Someone has parked in my allotted space.,Parking,Critical,Open,Nisha Kumar
CMP31110,Silver Oaks Apartment Owners Association,B-437,Mahesh Das,Neighbor playing loud music late at night.,Noise,Critical,In Progress,Amit Desai
CMP85262,Hillview Cooperative Housing Society,C-1969,Manoj Iyer,Unauthorized vehicle parked in society.,Security,Medium,In Progress,Amit Desai
CMP29740,Serene Waters Society,C-2061,Manoj Agarwal,Bed bugs in bedroom - very serious problem.,Pest Control,Medium,Resolved,Mahesh Singh
CMP63957,The Meadows,C-1290,Rohit Gupta,Water pipe burst in basement.,Water Supply,Medium,In Progress,Mahesh Das
CMP84074,Harmony Heights,D-2178,Kiran Menon,Lizards entering flat from outside.,Pest Control,Critical,Open,Mahesh Das
CMP35237,Emerald Bay CHS,C-635,Sachin Singh,Sweeper not doing job properly.,Housekeeping,High,Resolved,Madhuri Kulkarni
CMP59195,Blue Horizons CHS,A-2397,Nitin Bose,Common area notice board glass broken.,Common Area,Low,Resolved,Rajesh Sinha
CMP18522,Vasant Vihar Apartments,A-1615,Deepika Sharma,Garden sprinklers not working properly.,Garden,Critical,In Progress,Rajesh Sinha
CMP85420,Victoria Apartments,A-1330,Ravi Menon,Swimming pool water very dirty - not cleaned.,Clubhouse,High,In Progress,Deepika Gupta
CMP75397,Skyline Residency,C-2426,Nitin Chopra,Entrance door closer not working.,Common Area,Medium,Resolved,Kiran Menon
CMP48557,Sunset Point Apartments,D-278,Pooja Sinha,Lift ki door properly close nahi hoti,Lift,Medium,Resolved,Shruti Singh
CMP66262,Palm Grove Residences,D-788,Pooja Pillai,Shower area not functioning.,Swimming Pool,Critical,Assigned,Swati Reddy
CMP90906,Platinum Towers,A-1006,Manoj Iyer,Pool filtration system not working.,Swimming Pool,Low,Open,Ravi Das
CMP65870,Blue Horizons CHS,D-2489,Komal Kulkarni,CCTV camera in our floor not working.,Security,Critical,In Progress,Ashok Reddy
CMP22079,Crystal Heights,B-965,Sandeep Das,Theft reported - jewellery stolen from flat.,Security,Medium,Open,Kiran Menon
CMP41420,Spring Gardens CHS,D-777,Amit Chopra,Ants everywhere in kitchen despite cleaning.,Pest Control,Low,Open,Jyoti Desai
CMP25633,Blue Horizons CHS,B-1908,Mahesh Verma,Water pressure very low in kitchen.,Plumbing,Low,In Progress,Madhuri Kulkarni
CMP20466,Ocean View CHS,C-842,Pooja Shah,Nameplate board outside flat damaged.,Common Area,Medium,Assigned,Ritu Nair
CMP46498,Royal Enclave CHS,A-1332,Kiran Pillai,Overhead tank overflow causing seepage.,Water Supply,Low,Open,Shweta Iyer
CMP84049,Ruby Residency,B-2018,Ravi Mehta,Lobby ceiling leakage during rain.,Common Area,High,Assigned,Sachin Joshi
CMP52094,Golden Gate Apartments,B-2133,Sandeep Reddy,Very low water pressure on higher floors.,Water Supply,High,In Progress,Rajesh Sinha
CMP79981,Orchid Petals Society,C-2478,Shweta Das,Pool timings not displayed properly.,Swimming Pool,Low,In Progress,Ravi Agarwal
CMP29057,Green Meadows CHS Ltd.,D-486,Sunita Kumar,Kitchen ka tap drip kar raha hai continuously,Plumbing,High,Open,Varun Kulkarni
CMP81244,Hillview Cooperative Housing Society,D-1370,Sachin Kulkarni,Intercom system not connecting to gate.,Security,Low,In Progress,Amit Iyer
CMP60029,Silver Springs,D-878,Amit Reddy,Vehicle horn being used unnecessarily in society.,Noise,Critical,In Progress,Madhuri Kulkarni
CMP66557,Silver Springs,D-1458,Seema Reddy,Water pipe burst in basement.,Water Supply,Critical,Resolved,Amit Iyer
CMP77744,Green Meadows CHS Ltd.,B-1846,Shruti Verma,Lift cha darwaza band hot nahi,Lift,Critical,Open,Nisha Kumar
CMP19382,Ruby Residency,C-1396,Manisha Menon,Boom barrier hitting car roof - too low.,Parking,High,Open,Shweta Iyer
CMP65466,Sunset Point Apartments,B-199,Deepika Singh,Bed bugs in bedroom - very serious problem.,Pest Control,Critical,Assigned,Mahesh Das
CMP37493,Victoria Apartments,C-413,Anil Gupta,Swimming pool water very dirty - not cleaned.,Clubhouse,Medium,Open,Dinesh Kapoor
CMP25744,Cedar Crest Society,C-1985,Preeti Kulkarni,Parking slot number faded - need repainting.,Parking,High,Open,Ritu Nair
CMP56858,The Meadows,D-228,Deepika Agarwal,Inverter not charging - keeps beeping.,Electrical,Critical,Open,Madhuri Das
CMP11321,The Imperial Towers,C-872,Ravi Mehta,Construction noise from upstairs flat during quiet hours.,Noise,High,Assigned,Nisha Kumar
CMP33591,Blue Horizons CHS,A-2424,Ritu Desai,Leakage from ceiling - upstairs neighbor may have issue.,Plumbing,High,Assigned,Nisha Kumar
CMP48964,Crystal Heights,C-1366,Anil Bose,Bhai bathroom ke niche se paani leak ho raha hai,Plumbing,High,Resolved,Varun Reddy
CMP66136,Cedar Crest Society,C-2275,Kavita Pillai,Swimming pool water very dirty - not cleaned.,Clubhouse,High,Open,Kiran Menon
CMP77958,Harmony Heights,B-317,Shweta Kapoor,Pool water not chlorinated - unhygienic.,Swimming Pool,High,In Progress,Ritu Nair
CMP63115,Paradise Heights,A-1981,Swati Kapoor,Nameplate board outside flat damaged.,Common Area,Critical,Resolved,Manisha Das
CMP80477,Cedar Crest Society,C-1614,Ajay Reddy,Fruit flies in kitchen - very unhygienic.,Pest Control,High,Assigned,Dinesh Kapoor
CMP24524,Hillview Cooperative Housing Society,A-235,Pankaj Mehta,Bad smell from garbage collection area.,Waste Management,Critical,Open,Madhuri Das
CMP23074,Pearl Residency,A-2405,Pooja Sharma,Lift kharab ho gayi hai,Lift,Low,Open,Swati Reddy
CMP14035,Palm Grove Residences,A-1030,Komal Reddy,There is water leakage below the kitchen sink.,Plumbing,Medium,Assigned,Ravi Patel
CMP21777,Green Meadows CHS Ltd.,D-257,Nisha Iyer,Housekeeping staff coming late daily.,Housekeeping,High,Resolved,Shruti Singh
CMP34960,Hillview Cooperative Housing Society,B-868,Abhishek Joshi,Children running and jumping in flat above ours.,Noise,Medium,In Progress,Deepika Gupta
CMP48698,Blue Horizons CHS,C-669,Rohit Shah,Lift cabin light not working - dark inside.,Lift,High,Resolved,Ravi Patel
CMP50912,Ocean View CHS,A-1917,Ravi Bose,Fire extinguisher expired - needs refilling.,Common Area,Critical,Resolved,Mahesh Singh
CMP41137,The Imperial Towers,C-1124,Nitin Verma,Termites eating wooden furniture.,Pest Control,Low,Assigned,Shruti Singh
CMP10130,Ruby Residency,B-1908,Sunita Joshi,Lift ki door properly close nahi hoti,Lift,Critical,In Progress,Madhuri Das
CMP93220,Shanti Vihar Apartments,A-1046,Mahesh Singh,Dog waste not cleaned from garden regularly.,Garden,Low,Resolved,Shweta Iyer
CMP27150,Golden Heights,A-2300,Nisha Kumar,Mere slot mein kisi ne gaadi park kar di hai yaar,Parking,Critical,In Progress,Nisha Kumar
CMP93301,Ruby Residency,A-763,Varun Verma,Nameplate board outside flat damaged.,Common Area,Critical,Resolved,Kiran Menon
CMP31305,Skyline Residency,D-2404,Rajesh Kapoor,Garbage bags torn by stray dogs.,Waste Management,High,Open,Kavita Sinha
CMP39691,Cedar Crest Society,B-2463,Ajay Singh,Intercom system not connecting to gate.,Security,Medium,Resolved,Varun Kulkarni
CMP42282,Serene Waters Society,B-1207,Sanjay Gupta,Common area wall paint peeling off.,Common Area,Medium,In Progress,Varun Kulkarni
CMP94477,The Meadows,D-2279,Pooja Agarwal,Water motor making loud noise at night.,Water Supply,Medium,Resolved,Shweta Iyer
CMP29929,Spring Gardens CHS,D-814,Priya Kapoor,Plastic waste burning in society - health hazard.,Waste Management,High,In Progress,Madhuri Kulkarni
CMP80768,Blue Horizons CHS,A-917,Shruti Rao,Residents not segregating wet and dry waste.,Waste Management,High,Assigned,Varun Reddy
CMP17969,Skyline Residency,C-2452,Suresh Kapoor,Plastic waste burning in society - health hazard.,Waste Management,High,Open,Deepika Gupta
CMP82988,Cedar Crest Society,D-1121,Varun Malhotra,Neighbor playing loud music late at night.,Noise,High,In Progress,Ritu Nair
CMP94550,Royal Enclave CHS,A-1580,Anita Iyer,Pool filtration system not working.,Swimming Pool,Critical,Assigned,Varun Reddy
CMP48462,Blue Horizons CHS,B-2401,Anil Reddy,Garbage collection timing too early.,Waste Management,Critical,Resolved,Ravi Reddy
CMP76457,Pearl Residency,B-2289,Pooja Kulkarni,MCB baar baar trip ho raha hai,Electrical,Critical,In Progress,Ravi Das
CMP31510,Serene Waters Society,B-2404,Kavita Kumar,Bulk waste dumped in common area.,Waste Management,Critical,In Progress,Rajesh Sinha
CMP96934,Sunset Point Apartments,B-1082,Preeti Agarwal,Pool filtration system not working.,Swimming Pool,Critical,Resolved,Rajesh Sinha
CMP47691,Sunset Point Apartments,B-871,Ritu Das,Main gate boom barrier not functioning.,Security,Medium,Resolved,Sachin Joshi
CMP86757,Orchid Petals Society,C-2346,Ramesh Das,Kitchen ka tap drip kar raha hai continuously,Plumbing,Critical,Resolved,Nisha Kumar
CMP57001,Banyan Tree Residences,A-1924,Vikas Sharma,Children's play area swings broken.,Garden,High,In Progress,Shruti Singh
CMP29927,Lotus Boulevard,A-1480,Meera Kapoor,Dustbin overflowing in common area.,Housekeeping,Medium,Assigned,Ravi Agarwal
CMP96702,Royal Enclave CHS,C-1558,Manoj Chopra,Ceiling fan making noise and wobbling.,Electrical,Low,In Progress,Rupali Desai
CMP71875,Spring Gardens CHS,C-1554,Seema Das,Someone has parked in my allotted space.,Parking,Critical,Open,Deepika Gupta
CMP65707,Silver Oaks Apartment Owners Association,C-2360,Kavita Agarwal,Pool filtration system not working.,Swimming Pool,Low,In Progress,Ritu Nair
CMP94621,The Imperial Towers,C-1877,Vikas Mehta,Lobby ceiling leakage during rain.,Common Area,Medium,Resolved,Ravi Reddy
CMP22582,Orchid Petals Society,B-526,Jyoti Sinha,Sweeper not doing job properly.,Housekeeping,Critical,Resolved,Ravi Agarwal
CMP96768,The Meadows,C-2042,Sachin Das,Someone has parked in my allotted space.,Parking,Low,Open,Jyoti Desai
CMP50290,Orchid Petals Society,C-2214,Sneha Verma,Emergency exit door jammed and locked.,Common Area,High,In Progress,Ritu Malhotra
CMP68360,Victoria Apartments,A-1386,Saurabh Joshi,Heavy furniture being dragged at odd hours.,Noise,Low,Assigned,Ritu Malhotra
CMP81378,Maple Woods Enclave,A-1448,Komal Kumar,Parking full waterlogged hai,Parking,Medium,Assigned,Ravi Agarwal
CMP59590,Orchid Petals Society,A-1360,Deepika Sinha,Parking area waterlogged after rain.,Parking,Medium,Open,Dinesh Kapoor
CMP51134,Sunrise Enclave,A-677,Pankaj Reddy,Too many mosquitoes due to stagnant water in garden.,Garden,Low,Resolved,Varun Reddy
CMP86259,Eco-Village CHS,B-222,Mahesh Joshi,Geyser chalu nahi ho raha,Plumbing,Critical,Resolved,Amit Iyer
CMP25930,Skyline Residency,B-925,Pooja Desai,Bathroom tap is dripping continuously - water wastage.,Plumbing,High,Assigned,Ritu Nair
CMP54961,Cedar Crest Society,A-637,Meera Verma,Lift overload alarm malfunctioning.,Lift,Low,Assigned,Manisha Das
CMP60777,The Imperial Towers,C-109,Kavita Agarwal,Garbage not collected from our floor today.,Housekeeping,Medium,In Progress,Mahesh Singh
CMP14754,Maple Woods Enclave,A-1611,Sandeep Rao,Party in neighboring flat - very loud till 2 AM.,Noise,Medium,Open,Rajesh Sinha
CMP93919,Ruby Residency,C-1970,Shruti Patel,Water pressure very low in kitchen.,Plumbing,Medium,Assigned,Kiran Menon
CMP70657,Platinum Towers,C-455,Deepika Chopra,Waste segregation bins not provided on our floor.,Waste Management,Critical,Open,Rajesh Sinha
CMP64117,Spring Gardens CHS,C-2494,Rupali Bose,Dog waste not cleaned from garden regularly.,Garden,Medium,In Progress,Madhuri Das
CMP30433,Spring Gardens CHS,B-1661,Neha Pillai,Security guard sleeping on duty at night.,Security,Critical,Open,Dinesh Kapoor
CMP51653,Silver Springs,D-1666,Sandeep Kumar,Lobby ceiling leakage during rain.,Common Area,High,In Progress,Mahesh Singh
CMP47851,The Meadows,B-1411,Suresh Pillai,Bulk waste dumped in common area.,Waste Management,Medium,Open,Deepika Gupta
CMP17165,Sunset Point Apartments,D-2112,Sachin Kumar,Theft reported - jewellery stolen from flat.,Security,High,In Progress,Amit Iyer
CMP49541,Silver Springs,B-295,Rajesh Gupta,Intercom system not connecting to gate.,Security,High,In Progress,Jyoti Desai
CMP21907,Hillview Cooperative Housing Society,B-882,Rupali Bose,Staircase very dirty - not cleaned for days.,Housekeeping,Medium,Assigned,Ravi Reddy
CMP36744,Victoria Apartments,A-900,Sachin Mehta,Lift ki door properly close nahi hoti,Lift,Medium,Assigned,Madhuri Kulkarni
CMP72462,The Imperial Towers,B-1030,Dinesh Das,Garden bench damaged and needs repair.,Garden,Critical,Assigned,Dinesh Kapoor
CMP73599,Silver Oaks Apartment Owners Association,A-665,Vikram Singh,Bad smell from garbage collection area.,Waste Management,Low,Assigned,Ritu Nair
CMP67116,The Meadows,A-280,Deepika Joshi,Children's play area swings broken.,Garden,Medium,Open,Dinesh Kapoor
CMP92820,Golden Heights,B-357,Pooja Mehta,Neighbor playing loud music late at night.,Noise,High,Assigned,Shweta Iyer
CMP60797,Green Meadows CHS Ltd.,C-565,Shruti Verma,Plastic waste burning in society - health hazard.,Waste Management,High,Resolved,Varun Reddy
CMP42879,Platinum Towers,D-1842,Komal Rao,Pool filtration system not working.,Swimming Pool,Low,In Progress,Shweta Iyer
CMP76245,Platinum Towers,C-1450,Pankaj Rao,Cockroaches coming from neighbor's flat.,Pest Control,Critical,Assigned,Amit Desai
CMP16934,Victoria Apartments,C-2156,Deepika Chopra,Parking slot number faded - need repainting.,Parking,Critical,Resolved,Jyoti Desai
CMP41046,Platinum Towers,A-1512,Shweta Reddy,Hot water geyser not functioning.,Plumbing,Low,Assigned,Jyoti Patel
CMP24286,Diamond Plaza,A-1687,Rohit Shah,Lift door sensor faulty - closes too fast.,Lift,Medium,Assigned,Madhuri Kulkarni
CMP54002,Vasant Vihar Apartments,B-1486,Abhishek Malhotra,Construction noise from upstairs flat during quiet hours.,Noise,High,Resolved,Ravi Patel
CMP12758,Skyline Residency,C-1188,Manisha Nair,Life guard absent during pool hours.,Swimming Pool,High,Assigned,Ritu Malhotra
CMP40981,Victoria Apartments,A-1222,Suresh Bose,Shower area not functioning.,Swimming Pool,Critical,Resolved,Varun Reddy
CMP80916,Green Meadows CHS Ltd.,A-295,Vikram Joshi,Garden gate lock broken.,Garden,Critical,Resolved,Amit Desai
CMP32784,Cedar Crest Society,C-1902,Suresh Kapoor,Garden sprinklers not working properly.,Garden,High,Resolved,Madhuri Kulkarni
CMP34631,The Imperial Towers,C-2323,Anil Mehta,Garbage not collected from our floor today.,Housekeeping,Medium,Open,Mahesh Singh
CMP82598,Platinum Towers,C-342,Sandeep Joshi,Table tennis rackets and balls missing.,Clubhouse,Critical,Assigned,Swati Reddy
CMP11826,Grandeur Park Residences,D-1510,Manisha Reddy,Garden lights not functioning at night.,Garden,Low,Assigned,Mahesh Singh
CMP58189,Ruby Residency,C-1257,Neha Das,Lift mein bahut awaaz aa rahi hai,Lift,Low,Resolved,Ritu Malhotra
CMP25796,Blue Horizons CHS,C-786,Dinesh Malhotra,Boom barrier hitting car roof - too low.,Parking,High,In Progress,Mahesh Das
CMP83780,Golden Gate Apartments,B-403,Sandeep Shah,Cockroaches coming from neighbor's flat.,Pest Control,High,Resolved,Ashok Reddy
CMP30906,Platinum Towers,B-297,Sachin Reddy,Staircase very dirty - not cleaned for days.,Housekeeping,Low,In Progress,Ravi Agarwal
CMP48238,Crystal Heights,A-2372,Varun Agarwal,AC point not providing power.,Electrical,Critical,Open,Ritu Malhotra
CMP95329,Hillview Cooperative Housing Society,B-1614,Ashok Bose,Depth markings not visible.,Swimming Pool,High,Resolved,Nisha Kumar
CMP37812,Maple Woods Enclave,C-2355,Amit Menon,Lift kharab ho gayi hai,Lift,High,Resolved,Rupali Desai
CMP41142,Victoria Apartments,A-2020,Pooja Shah,Rat problem in our flat - need urgent pest control.,Pest Control,Low,In Progress,Amit Iyer
CMP72030,Golden Gate Apartments,A-602,Seema Rao,Shower area not functioning.,Swimming Pool,High,In Progress,Ashok Reddy
CMP51973,Zenith Towers,C-1031,Pooja Joshi,Termites eating wooden furniture.,Pest Control,High,Assigned,Shruti Singh
CMP35477,Orchid Petals Society,D-1291,Pallavi Singh,Kitchen madhe sink khali pani ghalat ahe,Plumbing,Medium,Open,Mahesh Das
CMP49732,The Meadows,C-1338,Abhishek Gupta,Neighbor playing loud music late at night.,Noise,High,In Progress,Varun Reddy
CMP59061,Spring Gardens CHS,C-1756,Saurabh Iyer,Parking full waterlogged hai,Parking,Low,In Progress,Jyoti Patel
CMP83393,Eco-Village CHS,D-989,Suresh Reddy,Dustbin overflowing in common area.,Housekeeping,Critical,Assigned,Shweta Iyer
CMP82698,Desert Rose Apartments,A-621,Priya Chopra,Neighbor playing loud music late at night.,Noise,Low,Resolved,Ritu Nair
CMP13845,Golden Gate Apartments,D-400,Seema Rao,Lift overload alarm malfunctioning.,Lift,Medium,In Progress,Abhishek Sharma
CMP79519,Platinum Towers,D-430,Pallavi Malhotra,Clubhouse closed without prior notice.,Clubhouse,Critical,In Progress,Varun Reddy
CMP93836,Whispering Willows CHS,D-1906,Rupali Sinha,Clubhouse washroom taps not working.,Clubhouse,Critical,Resolved,Ravi Agarwal
CMP78270,Ruby Residency,D-338,Sachin Singh,No separate bin for medical waste.,Waste Management,Low,Open,Mahesh Das
CMP47332,Vasant Vihar Apartments,D-658,Shruti Verma,Bathroom tap is dripping continuously - water wastage.,Plumbing,Low,Assigned,Kiran Menon
CMP41298,Sunrise Enclave,A-1674,Ajay Menon,Pool ladder rusted and unsafe.,Swimming Pool,Low,Resolved,Jyoti Patel
CMP46686,Silver Springs,B-2237,Ritu Sinha,Waste segregation bins not provided on our floor.,Waste Management,High,In Progress,Sachin Joshi
CMP37894,Lotus Boulevard,A-1719,Pallavi Sinha,Children's play area swings broken.,Garden,Critical,Resolved,Ashok Reddy
CMP91510,Crystal Heights,C-2441,Rohit Mehta,Socket kaam nahi kar raha hai boss,Electrical,Low,Resolved,Ravi Patel
CMP18085,Palm Grove Residences,D-1986,Saurabh Menon,No separate bin for medical waste.,Waste Management,Medium,Resolved,Mahesh Das
CMP15113,Silver Springs,B-155,Rakesh Iyer,E-waste collection bin overflowing.,Waste Management,Low,Open,Rupali Desai
CMP17859,Hillview Cooperative Housing Society,B-1784,Pallavi Kapoor,Generator running continuously making too much noise.,Noise,High,In Progress,Kiran Menon
CMP97227,Skyline Residency,A-2182,Manisha Kulkarni,Flush is not working properly - water keeps running.,Plumbing,Critical,Resolved,Shruti Singh
CMP33405,Victoria Apartments,A-450,Priya Malhotra,Lift indicator showing wrong floor numbers.,Lift,Critical,Resolved,Madhuri Kulkarni
CMP78978,Sunrise Enclave,D-714,Deepika Menon,Ceiling fan making noise and wobbling.,Electrical,Medium,In Progress,Mahesh Das
CMP12640,Zenith Towers,D-1406,Anita Sharma,Common area notice board glass broken.,Common Area,Medium,Resolved,Shruti Singh
CMP37867,Lotus Boulevard,B-172,Shruti Reddy,Lift cabin light not working - dark inside.,Lift,High,Assigned,Shruti Singh
CMP25951,Whispering Willows CHS,A-276,Pooja Bose,Intercom system not connecting to gate.,Security,Medium,Assigned,Dinesh Kapoor
CMP33636,Hillview Cooperative Housing Society,A-2113,Jyoti Sharma,Life guard absent during pool hours.,Swimming Pool,Medium,Resolved,Ravi Patel
CMP55977,Banyan Tree Residences,C-2495,Komal Reddy,Cobwebs all over corridor ceiling.,Housekeeping,High,Resolved,Varun Kulkarni
CMP29239,Serene Waters Society,C-2033,Mahesh Kulkarni,Neighbor playing loud music late at night.,Noise,High,Open,Jyoti Desai
CMP93644,Shanti Vihar Apartments,A-1423,Komal Kulkarni,Lift cabin smelling bad - needs cleaning.,Housekeeping,High,Assigned,Nisha Kumar
CMP87126,Silver Springs,D-857,Kavita Gupta,Flush kharab hai,Plumbing,Critical,Resolved,Swati Reddy
CMP56877,Maple Woods Enclave,C-1412,Anjali Kulkarni,Clubhouse washroom taps not working.,Clubhouse,Medium,In Progress,Ravi Patel
CMP42635,Crystal Heights,D-1695,Rajesh Malhotra,Waste segregation bins not provided on our floor.,Waste Management,Low,Assigned,Swati Reddy
CMP31798,Zenith Towers,A-1009,Seema Pillai,Vehicle without society sticker parked for many days.,Parking,Critical,Open,Ritu Nair
CMP36393,Platinum Towers,A-842,Deepika Malhotra,Parking full waterlogged hai,Parking,High,Assigned,Ravi Patel
CMP10489,Blue Horizons CHS,B-127,Shweta Sharma,Very low water pressure on higher floors.,Water Supply,Medium,In Progress,Shruti Singh
CMP38642,Whispering Willows CHS,B-703,Meera Sharma,Water coming muddy and dirty.,Water Supply,Low,Resolved,Rajesh Sinha
CMP76487,Platinum Towers,C-732,Ashok Joshi,Weight machine cable broken.,Gym,Low,Resolved,Dinesh Kapoor
CMP82903,Hillview Cooperative Housing Society,A-497,Kiran Singh,Dustbin overflowing in common area.,Housekeeping,High,Assigned,Amit Desai
CMP85753,Golden Heights,B-881,Pallavi Menon,Light switch broken - needs replacement.,Electrical,Critical,In Progress,Varun Kulkarni
CMP29923,Hillview Cooperative Housing Society,C-1167,Varun Singh,Gym equipment broken and unsafe to use.,Clubhouse,High,Resolved,Madhuri Kulkarni
CMP55897,Crystal Heights,A-1316,Ashok Kumar,No water supply since morning in our flat.,Water Supply,Low,Resolved,Manisha Das
CMP65854,Diamond Plaza,C-515,Ritu Singh,Lift cabin light not working - dark inside.,Lift,Medium,Resolved,Varun Kulkarni
CMP31407,Silver Springs,A-1508,Anita Bose,Parking full waterlogged hai,Parking,High,Open,Ravi Das
CMP63749,Desert Rose Apartments,B-2450,Shruti Malhotra,Shower area not functioning.,Swimming Pool,Critical,Assigned,Abhishek Sharma
CMP17980,Orchid Petals Society,A-2459,Rajesh Das,Electric meter showing wrong reading.,Electrical,Critical,Assigned,Jyoti Desai
CMP31294,Victoria Apartments,C-1377,Manoj Sinha,Clubhouse lights not working in evening.,Clubhouse,Critical,Resolved,Kavita Sinha
CMP63982,Paradise Heights,D-880,Sunita Mehta,Unauthorized persons using clubhouse facilities.,Clubhouse,Medium,Resolved,Deepika Gupta
CMP68351,Royal Enclave CHS,B-2036,Anil Agarwal,Lift indicator showing wrong floor numbers.,Lift,Medium,Resolved,Shruti Singh
CMP44413,Lotus Boulevard,C-143,Ashok Sinha,Bench press bench wobbling - unsafe.,Gym,Critical,Open,Rupali Desai
CMP32331,Platinum Towers,D-1850,Saurabh Das,Pool changing room locks broken.,Swimming Pool,Low,Assigned,Ravi Patel
CMP68266,Zenith Towers,C-1581,Ritu Shah,Garden lights not functioning at night.,Garden,Low,Open,Madhuri Das
CMP25710,Desert Rose Apartments,B-114,Manisha Nair,Water motor making loud noise at night.,Water Supply,High,Assigned,Deepika Gupta
CMP22458,Skyline Residency,A-701,Shweta Bose,Bench press bench wobbling - unsafe.,Gym,Low,Open,Manisha Das
CMP35527,Harmony Heights,D-1988,Manoj Mehta,Lift cabin light not working - dark inside.,Lift,Low,Resolved,Amit Desai
CMP78411,The Imperial Towers,A-634,Ashok Joshi,Sweeper not doing job properly.,Housekeeping,Low,Assigned,Amit Iyer
CMP31775,Whispering Willows CHS,C-2337,Kavita Bose,Geyser chalu nahi ho raha,Plumbing,Critical,Assigned,Amit Iyer
CMP85649,Cedar Crest Society,C-354,Sunita Kumar,Water motor making loud noise at night.,Water Supply,High,Assigned,Ravi Das
CMP60296,Harmony Heights,D-1603,Dinesh Patel,Dustbin overflowing in common area.,Housekeeping,Critical,Resolved,Abhishek Sharma
CMP42060,Green Meadows CHS Ltd.,A-2473,Nisha Singh,Pool water not chlorinated - unhygienic.,Swimming Pool,Critical,Open,Amit Desai
CMP38245,Diamond Plaza,D-288,Rupali Agarwal,Bore well pump not working.,Water Supply,Low,Resolved,Shruti Singh
CMP71755,Palm Grove Residences,B-366,Shruti Joshi,Life guard absent during pool hours.,Swimming Pool,Medium,Assigned,Rupali Desai
CMP26832,Silver Springs,C-550,Jyoti Chopra,Children's play area swings broken.,Garden,Critical,Open,Kavita Sinha
CMP81177,Platinum Towers,A-523,Nitin Bose,Unknown person loitering in basement parking.,Security,Medium,Resolved,Shruti Singh
CMP10155,Ruby Residency,C-1305,Rupali Gupta,Shower area not functioning.,Swimming Pool,Medium,In Progress,Ravi Patel
CMP85011,Zenith Towers,D-1194,Kavita Desai,Clubhouse booking system not functioning.,Clubhouse,High,In Progress,Ritu Nair
CMP95650,Serene Waters Society,A-914,Seema Kumar,Society water bill very high - possible leakage.,Water Supply,High,In Progress,Swati Reddy
CMP91970,Shanti Vihar Apartments,A-169,Ramesh Sharma,Common area notice board glass broken.,Common Area,Critical,Assigned,Rajesh Sinha
CMP67906,Serene Waters Society,C-708,Sachin Mehta,Tube light flickering continuously.,Electrical,Low,Resolved,Ravi Reddy
CMP50996,Paradise Heights,A-1193,Kiran Shah,Neighbor using my second parking without permission.,Parking,Medium,Resolved,Nisha Kumar
CMP54229,Skyline Residency,A-626,Ravi Malhotra,Intercom system not connecting to gate.,Security,Critical,Resolved,Jyoti Patel
CMP38336,Sunset Point Apartments,C-910,Amit Chopra,Lift indicator showing wrong floor numbers.,Lift,Low,In Progress,Ritu Malhotra
CMP50622,Skyline Residency,A-347,Preeti Singh,Garden sprinklers not working properly.,Garden,Critical,Assigned,Manisha Das
CMP49947,Pearl Residency,D-1560,Nitin Pillai,There is water leakage below the kitchen sink.,Plumbing,High,In Progress,Shweta Iyer
CMP38837,Desert Rose Apartments,B-2322,Deepika Chopra,Pool changing room locks broken.,Swimming Pool,Low,Assigned,Manisha Das
CMP63549,Emerald Bay CHS,B-1203,Ajay Malhotra,Lift door not closing properly - safety issue.,Lift,High,Resolved,Dinesh Kapoor
CMP36835,Emerald Bay CHS,A-909,Vikram Menon,Gym door lock jammed.,Gym,Medium,Assigned,Amit Desai
CMP74775,Desert Rose Apartments,B-2207,Sandeep Reddy,Water pressure very low in kitchen.,Plumbing,High,Assigned,Nisha Kumar
CMP73917,Skyline Residency,A-2126,Anita Malhotra,Majhya parking madhe dusryachi gaadi ubhi ahe,Parking,Medium,Open,Ravi Reddy
CMP34272,Harmony Heights,B-793,Neha Bose,No separate bin for medical waste.,Waste Management,High,Assigned,Rajesh Sinha
CMP11879,Paradise Heights,D-935,Abhishek Pillai,Anjan aadmi basement mein ghoom raha tha,Security,Critical,In Progress,Madhuri Das
CMP55626,Cedar Crest Society,A-630,Suresh Pillai,Plants dying due to lack of maintenance.,Garden,Critical,Assigned,Abhishek Sharma
CMP32766,Shanti Vihar Apartments,A-1080,Dinesh Das,Rat problem in our flat - need urgent pest control.,Pest Control,High,Resolved,Ritu Nair
CMP51283,Ocean View CHS,D-866,Dinesh Menon,Gym timings board removed.,Gym,Critical,Assigned,Ravi Reddy
CMP26544,Shanti Vihar Apartments,D-2052,Saurabh Bose,Vehicle without society sticker parked for many days.,Parking,Medium,Open,Shruti Singh
CMP66763,Sapphire Heights Cooperative Housing Society,C-735,Varun Chopra,Life guard absent during pool hours.,Swimming Pool,Low,Assigned,Shruti Singh
CMP17218,Emerald Bay CHS,C-599,Vikram Das,E-waste collection bin overflowing.,Waste Management,High,In Progress,Ritu Malhotra
CMP99227,Hillview Cooperative Housing Society,A-2479,Pooja Reddy,Very low water pressure on higher floors.,Water Supply,Critical,Open,Ravi Das
CMP92371,Desert Rose Apartments,A-2201,Ravi Agarwal,Security guard kuch check hi nahi karta entry pe,Security,High,In Progress,Rupali Desai
CMP96074,Maple Woods Enclave,A-1826,Pallavi Reddy,No separate bin for medical waste.,Waste Management,Medium,In Progress,Dinesh Kapoor
CMP18159,Ocean View CHS,A-1730,Rakesh Kulkarni,Parking area mein paani bhara hua hai,Parking,Medium,In Progress,Rupali Desai
CMP90169,Silver Oaks Apartment Owners Association,C-791,Varun Agarwal,Staircase railing loose - can cause accident.,Common Area,Critical,Assigned,Mahesh Singh
CMP23923,Emerald Bay CHS,B-1827,Preeti Iyer,Depth markings not visible.,Swimming Pool,Medium,In Progress,Rajesh Sinha
CMP33404,Diamond Plaza,B-1187,Ashok Das,Bore well pump not working.,Water Supply,Low,Assigned,Sachin Joshi
CMP70406,Grandeur Park Residences,C-1209,Sachin Shah,Nameplate board outside flat damaged.,Common Area,High,Open,Jyoti Desai
CMP45176,Grandeur Park Residences,C-1863,Suresh Malhotra,Society water bill very high - possible leakage.,Water Supply,Low,Open,Abhishek Sharma
CMP96006,Silver Springs,A-1646,Vikram Singh,No separate bin for medical waste.,Waste Management,Low,In Progress,Mahesh Das
CMP57562,Grandeur Park Residences,B-189,Madhuri Reddy,Gym floor mat torn - slipping hazard.,Gym,Low,Open,Jyoti Desai
CMP32248,Ocean View CHS,D-1556,Ashok Joshi,Very low water pressure on higher floors.,Water Supply,Low,In Progress,Mahesh Das
CMP10700,Ocean View CHS,B-1235,Priya Mehta,Staircase railing loose - can cause accident.,Common Area,Medium,Resolved,Sachin Joshi
CMP66467,Maple Woods Enclave,B-1691,Anita Malhotra,Guest parking area always full - no space.,Parking,Low,In Progress,Mahesh Singh
CMP42973,Palm Grove Residences,D-1947,Ravi Singh,Lawn grass overgrown - needs cutting.,Garden,Critical,Open,Sachin Joshi
CMP65053,Sunrise Enclave,B-1794,Nisha Patel,Parking full waterlogged hai,Parking,Low,In Progress,Swati Reddy
CMP42325,The Imperial Towers,C-1734,Amit Das,Plants dying due to lack of maintenance.,Garden,Medium,Resolved,Mahesh Singh
CMP32785,Silver Springs,A-2102,Abhishek Nair,Majhya parking madhe dusryachi gaadi ubhi ahe,Parking,Low,Resolved,Deepika Gupta
CMP96131,The Pinnacle CHS,D-1772,Priya Shah,Weight machine cable broken.,Gym,High,In Progress,Abhishek Sharma
CMP45021,Sunset Point Apartments,D-826,Pankaj Agarwal,Theft reported - jewellery stolen from flat.,Security,Critical,In Progress,Deepika Gupta
CMP90244,Grandeur Park Residences,A-2121,Rohit Iyer,Staircase light not working for past 3 days.,Electrical,High,Resolved,Swati Reddy
CMP47630,The Pinnacle CHS,C-1125,Rakesh Patel,Garbage bags torn by stray dogs.,Waste Management,Medium,Open,Deepika Gupta
CMP50707,Pearl Residency,C-923,Anil Chopra,Common area wall paint peeling off.,Common Area,Critical,Resolved,Dinesh Kapoor
CMP94501,Eco-Village CHS,C-1525,Shweta Joshi,Garden sprinklers not working properly.,Garden,Low,Resolved,Deepika Gupta
CMP86383,Spring Gardens CHS,C-2399,Kavita Agarwal,Bathroom cha tap band hot nahi,Plumbing,Low,Assigned,Ritu Nair
CMP44494,Green Meadows CHS Ltd.,D-772,Meera Kulkarni,Gate access card not working.,Security,High,Open,Varun Kulkarni
CMP39433,Desert Rose Apartments,C-1391,Madhuri Sinha,Clubhouse washroom taps not working.,Clubhouse,Medium,In Progress,Manisha Das
CMP93924,Hillview Cooperative Housing Society,A-269,Vikram Bose,CCTV camera in our floor not working.,Security,Medium,In Progress,Varun Reddy
CMP62607,Cedar Crest Society,A-1230,Ramesh Agarwal,Ants everywhere in kitchen despite cleaning.,Pest Control,High,Open,Ravi Agarwal
CMP25940,Cedar Crest Society,A-1388,Pooja Sharma,No separate bin for medical waste.,Waste Management,High,In Progress,Ritu Malhotra
CMP41025,Hillview Cooperative Housing Society,B-229,Jyoti Mehta,Party in neighboring flat - very loud till 2 AM.,Noise,High,Open,Varun Kulkarni
CMP25253,Maple Woods Enclave,B-2444,Meera Reddy,Inverter not charging - keeps beeping.,Electrical,Critical,In Progress,Madhuri Kulkarni
CMP75121,Desert Rose Apartments,B-1630,Rohit Shah,Children running and jumping in flat above ours.,Noise,Medium,Resolved,Jyoti Desai
CMP94840,Banyan Tree Residences,B-777,Kavita Kapoor,Water motor making loud noise at night.,Water Supply,High,In Progress,Shweta Iyer
CMP63437,Royal Enclave CHS,B-2254,Suresh Das,Children running and jumping in flat above ours.,Noise,High,Open,Swati Reddy
CMP27621,Maple Woods Enclave,C-643,Pooja Nair,Entrance door closer not working.,Common Area,Critical,Resolved,Shweta Iyer
CMP32225,Crystal Heights,C-395,Nitin Chopra,Someone has parked in my allotted space.,Parking,High,Open,Ravi Reddy
CMP73377,Victoria Apartments,D-1652,Amit Verma,A vehicle is blocking my parking slot.,Parking,High,Resolved,Mahesh Singh
CMP24111,Ruby Residency,D-534,Varun Chopra,Dustbin overflowing in common area.,Housekeeping,Medium,Open,Mahesh Das
CMP65208,Shanti Vihar Apartments,A-701,Priya Gupta,Too many mosquitoes due to stagnant water in garden.,Garden,Critical,Assigned,Ravi Das
CMP77468,Silver Oaks Apartment Owners Association,A-1295,Sneha Rao,WC seat broken and needs replacement.,Plumbing,Critical,Resolved,Abhishek Sharma
CMP31264,Harmony Heights,B-1449,Kavita Pillai,Residents not segregating wet and dry waste.,Waste Management,Low,Assigned,Nisha Kumar
CMP77196,The Pinnacle CHS,C-2193,Sandeep Pillai,Nameplate board outside flat damaged.,Common Area,Low,Resolved,Amit Iyer
CMP90620,Blue Horizons CHS,D-2081,Varun Rao,Rat problem in our flat - need urgent pest control.,Pest Control,Low,Assigned,Mahesh Das
CMP83224,Lotus Boulevard,D-847,Meera Gupta,Gym mirror cracked - dangerous.,Gym,Low,Resolved,Mahesh Singh
CMP29339,Sunset Point Apartments,A-1096,Vikas Kapoor,Pool timings not displayed properly.,Swimming Pool,High,In Progress,Kiran Menon
CMP60000,Sunset Point Apartments,A-1862,Pallavi Gupta,Emergency exit door jammed and locked.,Common Area,Low,Assigned,Kiran Menon
CMP37900,Zenith Towers,D-860,Neha Verma,Gym exhaust fan not working - suffocating.,Gym,Low,Assigned,Dinesh Kapoor
CMP92075,Ruby Residency,C-828,Anil Iyer,Clubhouse lights not working in evening.,Clubhouse,High,Open,Nisha Kumar
CMP39141,Silver Oaks Apartment Owners Association,C-142,Ajay Kumar,Termites eating wooden furniture.,Pest Control,Critical,In Progress,Madhuri Kulkarni
CMP39802,Orchid Petals Society,C-2284,Sanjay Shah,Staircase very dirty - not cleaned for days.,Housekeeping,High,Open,Varun Kulkarni
CMP83820,The Pinnacle CHS,B-1715,Kiran Iyer,Gym door lock jammed.,Gym,Low,Resolved,Madhuri Kulkarni
CMP11747,Diamond Plaza,A-2098,Sachin Sinha,Parking area mein paani bhara hua hai,Parking,High,In Progress,Shweta Iyer
CMP95124,Grandeur Park Residences,A-1742,Priya Desai,Flush kharab jhala ahe,Plumbing,Critical,Resolved,Jyoti Desai
CMP13511,Lotus Boulevard,A-2170,Sunita Bose,Bathroom exhaust fan making noise and not working.,Plumbing,Critical,Resolved,Amit Desai
CMP99429,Sapphire Heights Cooperative Housing Society,C-1299,Sanjay Desai,Shower area not functioning.,Swimming Pool,Low,In Progress,Mahesh Das
CMP46972,Desert Rose Apartments,A-282,Sunita Bose,Vehicle without society sticker parked for many days.,Parking,High,Resolved,Varun Kulkarni
CMP13066,Banyan Tree Residences,C-1194,Vikas Reddy,Entrance door closer not working.,Common Area,Critical,Assigned,Jyoti Patel
CMP54002,Banyan Tree Residences,B-2039,Madhuri Verma,Water motor making loud noise at night.,Water Supply,Low,In Progress,Deepika Gupta
CMP10060,Desert Rose Apartments,A-2015,Preeti Joshi,Neighbor using my second parking without permission.,Parking,High,In Progress,Madhuri Kulkarni
CMP10689,Palm Grove Residences,D-928,Anjali Kulkarni,Socket kaam nahi kar raha hai boss,Electrical,Low,Open,Madhuri Das
CMP93274,Crystal Heights,D-1475,Amit Chopra,Clubhouse lights not working in evening.,Clubhouse,Critical,Resolved,Varun Kulkarni
CMP34187,Silver Oaks Apartment Owners Association,D-2067,Deepika Iyer,Gym AC insufficient - too hot inside.,Gym,High,In Progress,Kiran Menon
CMP51777,Silver Springs,D-477,Ashok Rao,Lobby floor tiles need mopping urgently.,Housekeeping,Critical,Resolved,Amit Desai
CMP59712,Grandeur Park Residences,C-1168,Ashok Kulkarni,Dogs barking loudly throughout night.,Noise,Critical,Assigned,Jyoti Desai
CMP25618,Vasant Vihar Apartments,B-1319,Swati Agarwal,Pool timings not displayed properly.,Swimming Pool,Low,Assigned,Ravi Patel
CMP37374,Desert Rose Apartments,C-1068,Kiran Gupta,Mere slot mein kisi ne gaadi park kar di hai yaar,Parking,Low,Open,Kiran Menon
CMP65983,Sapphire Heights Cooperative Housing Society,B-109,Deepika Malhotra,No separate bin for medical waste.,Waste Management,Critical,Resolved,Deepika Gupta
CMP37270,Whispering Willows CHS,C-1049,Anil Joshi,Bhai bathroom ke niche se paani leak ho raha hai,Plumbing,Medium,Open,Kiran Menon
CMP95277,Maple Woods Enclave,C-844,Saurabh Patel,Generator running continuously making too much noise.,Noise,Medium,Open,Mahesh Das
CMP30073,Desert Rose Apartments,D-2324,Abhishek Singh,Garbage collection timing too early.,Waste Management,Low,Resolved,Ritu Nair
CMP41606,The Pinnacle CHS,C-946,Ashok Kapoor,Clubhouse closed without prior notice.,Clubhouse,High,Open,Shruti Singh
CMP87588,Hillview Cooperative Housing Society,D-154,Ramesh Desai,Neighbor playing loud music late at night.,Noise,High,Open,Amit Iyer
CMP53684,Victoria Apartments,A-2403,Dinesh Rao,Composting pit emitting foul odor.,Waste Management,Critical,Open,Madhuri Kulkarni
CMP95047,Zenith Towers,D-1359,Kavita Desai,Bulk waste dumped in common area.,Waste Management,Medium,In Progress,Ritu Nair
CMP27184,Maple Woods Enclave,A-512,Jyoti Kapoor,Bad smell from garbage collection area.,Waste Management,Low,Open,Manisha Das
CMP67617,Ocean View CHS,C-2374,Manoj Singh,Garden lights not functioning at night.,Garden,Critical,Resolved,Swati Reddy
CMP27274,Eco-Village CHS,D-1531,Abhishek Sinha,Plastic waste burning in society - health hazard.,Waste Management,High,Assigned,Ritu Malhotra
CMP60483,Zenith Towers,B-1768,Nisha Bose,AC point not providing power.,Electrical,Low,Resolved,Dinesh Kapoor
CMP89474,Whispering Willows CHS,C-1014,Neha Das,Unauthorized persons using clubhouse facilities.,Clubhouse,Critical,Resolved,Jyoti Patel
CMP34063,Serene Waters Society,C-1997,Mahesh Agarwal,Shower area not functioning.,Swimming Pool,Medium,Assigned,Ritu Malhotra
CMP49163,Platinum Towers,B-1955,Sanjay Bose,Gym exhaust fan not working - suffocating.,Gym,Low,Assigned,Ritu Nair
CMP26694,Desert Rose Apartments,D-1986,Pankaj Kulkarni,Composting pit emitting foul odor.,Waste Management,High,Open,Abhishek Sharma
CMP79628,Orchid Petals Society,C-1443,Ritu Reddy,Mere slot mein kisi ne gaadi park kar di hai yaar,Parking,Medium,Assigned,Madhuri Das
CMP18382,Hillview Cooperative Housing Society,A-1862,Shweta Shah,Overhead tank overflow causing seepage.,Water Supply,Low,Assigned,Madhuri Kulkarni
CMP17594,Whispering Willows CHS,C-737,Shweta Agarwal,Clubhouse lights not working in evening.,Clubhouse,Medium,Resolved,Shruti Singh
CMP23228,The Imperial Towers,A-494,Amit Sinha,Garbage chute door broken.,Housekeeping,High,In Progress,Ashok Reddy
CMP76766,Victoria Apartments,B-2278,Preeti Sharma,Kitchen ka tap drip kar raha hai continuously,Plumbing,High,Open,Rupali Desai
CMP20530,Sunrise Enclave,C-950,Sandeep Chopra,Security not checking delivery personnel properly.,Security,Low,Resolved,Ashok Reddy
CMP85438,Sunset Point Apartments,C-1571,Ramesh Iyer,Party in neighboring flat - very loud till 2 AM.,Noise,Medium,Assigned,Shweta Iyer
CMP87729,The Meadows,A-1163,Meera Kumar,Too many mosquitoes due to stagnant water in garden.,Garden,Medium,Open,Rajesh Sinha
CMP54784,Zenith Towers,A-227,Meera Chopra,Lift overload alarm malfunctioning.,Lift,Low,Assigned,Ravi Reddy
CMP53040,Golden Heights,D-755,Amit Verma,Generator running continuously making too much noise.,Noise,Medium,In Progress,Swati Reddy
CMP42695,Maple Woods Enclave,B-1568,Sanjay Nair,Sweeper not doing job properly.,Housekeeping,Critical,Open,Ravi Patel
CMP54060,Ocean View CHS,B-1898,Dinesh Gupta,Sweeper not doing job properly.,Housekeeping,Medium,Open,Ravi Agarwal
CMP52091,Silver Springs,A-153,Manisha Joshi,Gym equipment broken and unsafe to use.,Clubhouse,Low,Resolved,Ritu Nair
CMP75870,Vasant Vihar Apartments,D-1586,Ravi Kapoor,Clubhouse AC not working properly.,Clubhouse,Critical,Resolved,Ravi Das
CMP90914,Hillview Cooperative Housing Society,D-368,Pooja Shah,Security guard sleeping on duty at night.,Security,High,Resolved,Madhuri Das
CMP30409,Sapphire Heights Cooperative Housing Society,D-1802,Ritu Joshi,Bulk waste dumped in common area.,Waste Management,Low,Resolved,Kiran Menon
CMP44937,Emerald Bay CHS,B-2299,Amit Malhotra,Water pipe burst in basement.,Water Supply,High,Open,Jyoti Patel
CMP83873,Ocean View CHS,B-1624,Anita Verma,Pigeons nesting on AC outdoor unit.,Pest Control,High,Resolved,Swati Reddy
CMP69383,Eco-Village CHS,A-1947,Amit Pillai,Unknown person loitering in basement parking.,Security,Low,In Progress,Ravi Agarwal
CMP68192,Crystal Heights,B-1617,Vikram Rao,Lizards entering flat from outside.,Pest Control,Critical,Resolved,Ashok Reddy
CMP83739,Banyan Tree Residences,D-1642,Vikas Mehta,Lizards entering flat from outside.,Pest Control,Critical,Open,Ritu Malhotra
CMP95389,Zenith Towers,A-786,Sanjay Bose,Parking full waterlogged hai,Parking,Critical,In Progress,Shruti Singh
CMP85937,Cedar Crest Society,B-2263,Meera Sinha,Common area notice board glass broken.,Common Area,Critical,Assigned,Ravi Patel
CMP27425,Silver Oaks Apartment Owners Association,D-2104,Nisha Kapoor,Staircase railing loose - can cause accident.,Common Area,High,Assigned,Rajesh Sinha
CMP19896,Blue Horizons CHS,B-232,Dinesh Kumar,Lift mein bahut awaaz aa rahi hai,Lift,Low,In Progress,Kavita Sinha
CMP87031,Sunset Point Apartments,D-1987,Shweta Verma,Overhead tank overflow causing seepage.,Water Supply,Critical,Resolved,Varun Kulkarni
CMP12229,Sunrise Enclave,B-472,Vikram Verma,Sweeper not doing job properly.,Housekeeping,Medium,Open,Manisha Das
CMP59007,Pearl Residency,D-1366,Jyoti Singh,Lift cabin smelling bad - needs cleaning.,Housekeeping,High,Assigned,Varun Reddy
CMP15512,Orchid Petals Society,D-2232,Rajesh Patel,Common area wall paint peeling off.,Common Area,High,Resolved,Ravi Reddy
CMP63666,Maple Woods Enclave,B-123,Deepika Kapoor,Bathroom exhaust fan making noise and not working.,Plumbing,Critical,In Progress,Rupali Desai
CMP45661,Orchid Petals Society,B-1513,Seema Singh,Generator running continuously making too much noise.,Noise,Low,Assigned,Madhuri Das
CMP94332,Green Meadows CHS Ltd.,A-1727,Deepika Verma,Socket kaam nahi kar raha hai boss,Electrical,Critical,Open,Shruti Singh
CMP48161,Paradise Heights,C-2188,Sunita Joshi,A vehicle is blocking my parking slot.,Parking,Critical,Open,Kavita Sinha
CMP68324,Spring Gardens CHS,A-1649,Madhuri Menon,Lawn grass overgrown - needs cutting.,Garden,Medium,Resolved,Deepika Gupta
CMP63693,Silver Oaks Apartment Owners Association,A-2013,Manisha Reddy,Very low water pressure on higher floors.,Water Supply,Medium,Open,Ravi Patel
CMP24230,Zenith Towers,C-2462,Meera Desai,Entrance door closer not working.,Common Area,Critical,Resolved,Varun Kulkarni
CMP16028,Whispering Willows CHS,D-1747,Sachin Chopra,Fire extinguisher expired - needs refilling.,Common Area,Medium,Open,Sachin Joshi
CMP24907,Royal Enclave CHS,A-111,Ajay Bose,Lift overload alarm malfunctioning.,Lift,Critical,Open,Amit Iyer
CMP86363,Crystal Heights,B-585,Rakesh Malhotra,Garden lights not functioning at night.,Garden,Critical,Resolved,Varun Kulkarni
CMP77906,Platinum Towers,B-2148,Manoj Nair,Depth markings not visible.,Swimming Pool,Critical,Open,Shruti Singh
CMP70406,Ruby Residency,D-934,Kavita Joshi,Table tennis rackets and balls missing.,Clubhouse,Medium,In Progress,Jyoti Patel
CMP33726,Paradise Heights,C-1192,Deepika Bose,Cobwebs all over corridor ceiling.,Housekeeping,Critical,Assigned,Amit Desai
CMP70168,Blue Horizons CHS,C-422,Meera Sinha,Lift full kharab hai bhai,Lift,Low,Assigned,Ravi Agarwal
CMP45017,Ruby Residency,A-2234,Ajay Gupta,Anjan aadmi basement mein ghoom raha tha,Security,High,Assigned,Swati Reddy
CMP34094,Whispering Willows CHS,C-188,Sachin Das,Garbage bags torn by stray dogs.,Waste Management,High,Open,Swati Reddy
CMP61141,Blue Horizons CHS,B-233,Vikas Das,Pool water not chlorinated - unhygienic.,Swimming Pool,High,Open,Rajesh Sinha
CMP39892,Golden Heights,B-762,Pooja Joshi,Weight machine cable broken.,Gym,Critical,Open,Varun Kulkarni
CMP65838,Emerald Bay CHS,C-1265,Madhuri Desai,There is water leakage below the kitchen sink.,Plumbing,Low,Assigned,Shruti Singh
CMP86117,Palm Grove Residences,A-137,Shweta Verma,Overgrown bushes blocking walkway.,Garden,Critical,Assigned,Abhishek Sharma
CMP80209,Desert Rose Apartments,B-2366,Dinesh Joshi,Clubhouse booking system not functioning.,Clubhouse,Low,In Progress,Rupali Desai
CMP21697,Sapphire Heights Cooperative Housing Society,A-1483,Ajay Sharma,Swimming pool water very dirty - not cleaned.,Clubhouse,Critical,Open,Amit Desai
CMP72964,Sapphire Heights Cooperative Housing Society,A-1879,Varun Iyer,Security not checking delivery personnel properly.,Security,Medium,Resolved,Deepika Gupta
CMP96964,Palm Grove Residences,C-929,Pallavi Sinha,Water motor making loud noise at night.,Water Supply,Medium,Resolved,Kavita Sinha
CMP53682,Golden Gate Apartments,A-891,Anil Iyer,Flush is not working properly - water keeps running.,Plumbing,High,Assigned,Madhuri Das
CMP20235,Spring Gardens CHS,A-649,Ritu Sinha,Mere parking mein koi aur gaadi khadi hai,Parking,High,Assigned,Ravi Das
CMP38930,Palm Grove Residences,B-2402,Rohit Sharma,Lift making strange grinding noise.,Lift,High,Assigned,Jyoti Desai
CMP76638,Green Meadows CHS Ltd.,A-2270,Abhishek Iyer,Lift mein bahut awaaz aa rahi hai,Lift,Critical,Resolved,Amit Desai
CMP92980,Green Meadows CHS Ltd.,B-1378,Shweta Joshi,Vehicle horn being used unnecessarily in society.,Noise,Low,Resolved,Ashok Reddy
CMP29310,Crystal Heights,D-1309,Komal Pillai,CCTV camera in our floor not working.,Security,High,Open,Amit Desai
CMP83048,Victoria Apartments,D-1771,Shweta Patel,Rat problem in our flat - need urgent pest control.,Pest Control,Low,Assigned,Sachin Joshi
CMP84488,Cedar Crest Society,D-185,Swati Kapoor,Pigeons nesting on AC outdoor unit.,Pest Control,Critical,In Progress,Nisha Kumar
CMP31867,Golden Heights,C-1693,Nisha Patel,Children's play area swings broken.,Garden,Critical,Resolved,Ravi Patel
CMP85465,Skyline Residency,D-2418,Sneha Iyer,Lift cabin light not working - dark inside.,Lift,Low,Assigned,Abhishek Sharma
CMP10456,Silver Springs,D-2374,Rupali Iyer,Lift mein bahut awaaz aa rahi hai,Lift,Medium,Assigned,Kiran Menon
CMP79537,Serene Waters Society,D-781,Jyoti Gupta,Emergency alarm button inside lift not working.,Lift,High,Assigned,Ashok Reddy
CMP91750,Royal Enclave CHS,C-1231,Priya Nair,Swimming pool water very dirty - not cleaned.,Clubhouse,High,In Progress,Jyoti Desai
CMP91593,Maple Woods Enclave,B-1109,Manisha Reddy,Lift door not closing properly - safety issue.,Lift,Medium,Assigned,Ravi Das
CMP64231,Emerald Bay CHS,B-108,Swati Kumar,Garden gate lock broken.,Garden,Low,Open,Madhuri Kulkarni
CMP53904,Golden Gate Apartments,B-347,Anil Singh,Gym AC insufficient - too hot inside.,Gym,Critical,In Progress,Amit Iyer
CMP70336,Green Meadows CHS Ltd.,B-1039,Mahesh Das,Too many mosquitoes due to stagnant water in garden.,Garden,High,Resolved,Rajesh Sinha
CMP49091,Desert Rose Apartments,A-249,Pankaj Bose,Too many mosquitoes due to stagnant water in garden.,Garden,High,Assigned,Mahesh Singh
CMP59152,Hillview Cooperative Housing Society,D-102,Anita Reddy,No water supply since morning in our flat.,Water Supply,High,In Progress,Sachin Joshi
CMP83988,Vasant Vihar Apartments,A-255,Preeti Nair,Gym exhaust fan not working - suffocating.,Gym,High,In Progress,Dinesh Kapoor
CMP52084,Sapphire Heights Cooperative Housing Society,B-609,Komal Reddy,Unknown person loitering in basement parking.,Security,High,Assigned,Ravi Agarwal
CMP52173,Golden Heights,D-329,Ramesh Pillai,Clubhouse AC not working properly.,Clubhouse,Critical,In Progress,Jyoti Desai
CMP11089,The Imperial Towers,C-2012,Pankaj Kulkarni,Socket kaam nahi kar raha hai boss,Electrical,Low,Assigned,Ravi Das
CMP69273,Harmony Heights,D-2086,Ramesh Mehta,No water supply since morning in our flat.,Water Supply,Medium,Resolved,Ashok Reddy
CMP73006,Ocean View CHS,B-1669,Amit Rao,Main MCB tripping frequently.,Electrical,Medium,Open,Deepika Gupta
CMP59596,Palm Grove Residences,A-731,Neha Gupta,Dumbbell weights missing - incomplete set.,Gym,Low,Assigned,Varun Reddy
CMP78826,Blue Horizons CHS,B-762,Rohit Rao,Garden sprinklers not working properly.,Garden,High,Resolved,Ashok Reddy
CMP60573,Golden Heights,B-2447,Rakesh Nair,AC point not providing power.,Electrical,High,In Progress,Manisha Das
CMP53912,Eco-Village CHS,D-361,Manoj Desai,Bedroom madhil socket kaam karat nahi,Electrical,Medium,Assigned,Sachin Joshi
CMP62984,Lotus Boulevard,C-1324,Sneha Malhotra,No water supply since morning in our flat.,Water Supply,Low,Resolved,Ravi Patel
CMP55288,Blue Horizons CHS,B-2044,Manoj Sinha,Plastic waste burning in society - health hazard.,Waste Management,Medium,Resolved,Ravi Reddy
CMP56629,Golden Gate Apartments,D-1719,Kavita Patel,Swimming pool water very dirty - not cleaned.,Clubhouse,High,Resolved,Ritu Malhotra
CMP90913,Royal Enclave CHS,A-913,Kavita Kulkarni,AC point not providing power.,Electrical,High,Assigned,Nisha Kumar
CMP70968,Whispering Willows CHS,C-1656,Dinesh Singh,Gym timings board removed.,Gym,Low,Open,Ravi Das
CMP66081,Diamond Plaza,A-2436,Pallavi Agarwal,Electric meter showing wrong reading.,Electrical,Critical,Resolved,Ravi Das
CMP75117,Sapphire Heights Cooperative Housing Society,D-182,Pallavi Reddy,Treadmill not working for past week.,Gym,High,Open,Jyoti Desai
CMP34989,Shanti Vihar Apartments,A-208,Suresh Joshi,Staircase railing loose - can cause accident.,Common Area,Low,Assigned,Ravi Patel
CMP22564,Silver Springs,A-1937,Ashok Menon,Garbage collection timing too early.,Waste Management,High,In Progress,Ravi Agarwal
CMP40145,Grandeur Park Residences,C-1083,Preeti Chopra,CCTV camera in our floor not working.,Security,Medium,Assigned,Manisha Das
CMP59098,Crystal Heights,D-1651,Sanjay Bose,Very low water pressure on higher floors.,Water Supply,High,Resolved,Deepika Gupta
CMP15233,Harmony Heights,C-1043,Rajesh Desai,Waste segregation bins not provided on our floor.,Waste Management,High,Resolved,Dinesh Kapoor
CMP40813,The Imperial Towers,A-764,Priya Kumar,Swimming pool water very dirty - not cleaned.,Clubhouse,Critical,Assigned,Kiran Menon
CMP79997,Paradise Heights,D-1844,Abhishek Pillai,Weight machine cable broken.,Gym,Low,Resolved,Manisha Das
CMP32861,Silver Oaks Apartment Owners Association,A-497,Anjali Sharma,Heavy furniture being dragged at odd hours.,Noise,Medium,In Progress,Abhishek Sharma
CMP28187,Victoria Apartments,B-1494,Kavita Joshi,Visitor entered without proper verification.,Security,Medium,Assigned,Ravi Das
CMP15899,Golden Heights,B-2437,Vikas Malhotra,Fruit flies in kitchen - very unhygienic.,Pest Control,Medium,In Progress,Mahesh Singh
CMP81544,The Meadows,D-430,Anil Mehta,Lawn grass overgrown - needs cutting.,Garden,Low,Assigned,Amit Iyer
CMP97333,Vasant Vihar Apartments,C-1010,Sachin Sharma,Emergency alarm button inside lift not working.,Lift,Medium,Resolved,Madhuri Das
CMP15146,Sunset Point Apartments,B-1664,Sachin Malhotra,Common area wall paint peeling off.,Common Area,Critical,In Progress,Ritu Malhotra
CMP12655,Silver Springs,C-528,Rakesh Sinha,Construction noise from upstairs flat during quiet hours.,Noise,Critical,Resolved,Mahesh Singh
CMP57928,Sapphire Heights Cooperative Housing Society,C-2345,Sandeep Patel,Spider webs all over balcony.,Pest Control,High,Assigned,Mahesh Singh
CMP91027,Skyline Residency,B-1280,Priya Iyer,Lobby ceiling leakage during rain.,Common Area,High,Resolved,Ravi Agarwal
CMP56850,Golden Gate Apartments,A-2043,Rupali Nair,Overgrown bushes blocking walkway.,Garden,Critical,Open,Mahesh Das
CMP24385,Desert Rose Apartments,D-1058,Seema Sharma,Dogs barking loudly throughout night.,Noise,Medium,Resolved,Ravi Reddy
CMP62012,Green Meadows CHS Ltd.,B-322,Sachin Verma,Emergency exit door jammed and locked.,Common Area,Critical,Open,Kiran Menon
CMP84496,Paradise Heights,C-1982,Ashok Nair,CCTV camera kaam nahi kar raha,Security,Critical,Open,Amit Desai
CMP15764,Sapphire Heights Cooperative Housing Society,A-1684,Vikas Patel,Clubhouse closed without prior notice.,Clubhouse,High,Open,Ravi Reddy
CMP35158,Whispering Willows CHS,A-1682,Komal Kumar,Treadmill not working for past week.,Gym,Low,Assigned,Shweta Iyer
CMP86876,Ruby Residency,A-1258,Sunita Sharma,Gym exhaust fan not working - suffocating.,Gym,High,Assigned,Jyoti Patel
CMP32895,Lotus Boulevard,B-987,Saurabh Rao,Two-wheeler parked in car parking area.,Parking,Critical,Open,Sachin Joshi
CMP39353,Diamond Plaza,C-328,Jyoti Verma,WC seat broken and needs replacement.,Plumbing,Low,In Progress,Madhuri Kulkarni
CMP72125,Pearl Residency,B-1603,Vikram Pillai,Cobwebs all over corridor ceiling.,Housekeeping,Low,Resolved,Amit Iyer
CMP38718,Ocean View CHS,D-713,Amit Kulkarni,Garden sprinklers not working properly.,Garden,Critical,Resolved,Mahesh Singh
CMP84160,Serene Waters Society,C-1465,Vikram Mehta,No water supply since morning in our flat.,Water Supply,High,Assigned,Jyoti Patel
CMP41512,Maple Woods Enclave,B-150,Seema Menon,Depth markings not visible.,Swimming Pool,Low,Open,Amit Iyer
CMP46663,Royal Enclave CHS,C-1456,Shweta Kulkarni,Garden lights not functioning at night.,Garden,High,Open,Madhuri Kulkarni
CMP45891,The Pinnacle CHS,B-2076,Anil Pillai,Lift making strange grinding noise.,Lift,Critical,Assigned,Shweta Iyer
CMP83940,Banyan Tree Residences,C-1666,Rohit Pillai,Two-wheeler parked in car parking area.,Parking,High,Assigned,Jyoti Patel
CMP81301,Vasant Vihar Apartments,D-1560,Rajesh Gupta,Children's play area swings broken.,Garden,Critical,Resolved,Shweta Iyer
CMP57196,Whispering Willows CHS,D-1582,Preeti Sinha,Service lift out of order since morning.,Lift,High,Resolved,Rupali Desai
CMP84230,Silver Springs,A-687,Mahesh Agarwal,Housekeeping staff coming late daily.,Housekeeping,High,Assigned,Deepika Gupta
CMP54521,Desert Rose Apartments,D-1292,Neha Rao,Ants everywhere in kitchen despite cleaning.,Pest Control,Low,Resolved,Jyoti Patel
CMP25935,Golden Gate Apartments,C-2466,Abhishek Iyer,Garbage chute door broken.,Housekeeping,Critical,Resolved,Kavita Sinha
CMP41254,Pearl Residency,C-713,Ravi Singh,Ceiling fan making noise and wobbling.,Electrical,Medium,In Progress,Ritu Malhotra
CMP38627,Skyline Residency,D-1636,Ramesh Chopra,Termites eating wooden furniture.,Pest Control,Low,Resolved,Dinesh Kapoor
CMP36436,Sunset Point Apartments,D-2409,Suresh Gupta,Water pipe burst in basement.,Water Supply,Medium,In Progress,Rupali Desai
CMP24319,Royal Enclave CHS,A-282,Amit Das,Garbage not collected from our floor today.,Housekeeping,High,In Progress,Ravi Das
CMP46013,Sunset Point Apartments,D-995,Komal Agarwal,Parking area waterlogged after rain.,Parking,Medium,Assigned,Dinesh Kapoor
CMP43177,Silver Springs,C-1496,Shruti Singh,Bench press bench wobbling - unsafe.,Gym,Medium,Assigned,Mahesh Das
CMP76933,Silver Springs,C-1022,Komal Iyer,Bathroom cha tap band hot nahi,Plumbing,Medium,Assigned,Shruti Singh
CMP58183,Victoria Apartments,A-209,Anil Iyer,Lift kharab ho gayi hai,Lift,Medium,Open,Ravi Das
CMP93732,Ruby Residency,A-2394,Varun Pillai,Rat problem in our flat - need urgent pest control.,Pest Control,Medium,In Progress,Deepika Gupta
CMP40920,The Pinnacle CHS,A-1925,Sandeep Das,Unauthorized persons using clubhouse facilities.,Clubhouse,Medium,Open,Sachin Joshi
CMP17488,Palm Grove Residences,B-1785,Rakesh Iyer,There is water leakage below the kitchen sink.,Plumbing,Critical,Assigned,Ravi Agarwal
CMP37826,Vasant Vihar Apartments,D-1417,Ajay Verma,Lift number 2 has stopped working.,Lift,Critical,Assigned,Rajesh Sinha
CMP73133,Ruby Residency,C-1491,Pooja Iyer,Emergency exit door jammed and locked.,Common Area,High,In Progress,Varun Kulkarni
CMP17291,Victoria Apartments,B-1591,Dinesh Gupta,AC point not providing power.,Electrical,High,Resolved,Ritu Nair
CMP84090,Royal Enclave CHS,D-613,Nisha Reddy,Nameplate board outside flat damaged.,Common Area,Low,Resolved,Kavita Sinha
CMP85954,Sunrise Enclave,D-1577,Manisha Patel,Parking slot number faded - need repainting.,Parking,Critical,In Progress,Varun Kulkarni
CMP38365,Sapphire Heights Cooperative Housing Society,A-862,Sachin Reddy,Service lift out of order since morning.,Lift,High,Assigned,Manisha Das
CMP44117,Green Meadows CHS Ltd.,D-1373,Anil Shah,Common area wall paint peeling off.,Common Area,High,Open,Shruti Singh
CMP40869,Grandeur Park Residences,C-2400,Dinesh Das,Parking area mein paani bhara hua hai,Parking,Critical,Open,Ravi Agarwal
CMP13533,Green Meadows CHS Ltd.,C-1790,Nitin Joshi,Residents not segregating wet and dry waste.,Waste Management,High,Assigned,Ravi Patel
CMP88141,Sunset Point Apartments,A-883,Shweta Das,Neighbor using my second parking without permission.,Parking,High,Open,Ravi Agarwal
CMP25435,Palm Grove Residences,A-840,Madhuri Malhotra,Plants dying due to lack of maintenance.,Garden,High,Resolved,Amit Desai
CMP20890,The Imperial Towers,C-454,Ritu Iyer,Kitchen sink drain clogged completely.,Plumbing,Medium,Open,Rajesh Sinha
CMP15407,Diamond Plaza,C-1383,Ashok Menon,Kitchen ka tap drip kar raha hai continuously,Plumbing,Medium,Assigned,Varun Reddy
CMP90659,Sapphire Heights Cooperative Housing Society,C-1203,Seema Das,Visitor entered without proper verification.,Security,High,Assigned,Abhishek Sharma
CMP76679,Shanti Vihar Apartments,D-2370,Pallavi Malhotra,Bedroom madhil socket kaam karat nahi,Electrical,Low,In Progress,Kavita Sinha
CMP32786,Victoria Apartments,A-939,Varun Verma,Gym mirror cracked - dangerous.,Gym,High,In Progress,Swati Reddy
CMP31266,Sunrise Enclave,D-378,Madhuri Joshi,Yoga room floor mat torn and unhygienic.,Clubhouse,High,Assigned,Madhuri Das
CMP34149,Victoria Apartments,C-855,Ashok Nair,Visitor entered without proper verification.,Security,Critical,Resolved,Rajesh Sinha
CMP83419,Platinum Towers,D-1799,Vikas Chopra,Unauthorized vehicle parked in society.,Security,Low,Open,Kavita Sinha
CMP39453,Ruby Residency,C-1746,Nisha Pillai,Two-wheeler parked in car parking area.,Parking,High,Open,Dinesh Kapoor
CMP83047,Palm Grove Residences,B-1091,Sunita Mehta,Ants everywhere in kitchen despite cleaning.,Pest Control,Medium,Open,Ritu Nair
CMP88871,Paradise Heights,B-1904,Neha Verma,Lift cabin smelling bad - needs cleaning.,Housekeeping,Medium,In Progress,Kavita Sinha
CMP53743,Serene Waters Society,D-1678,Manoj Nair,Bulk waste dumped in common area.,Waste Management,Medium,In Progress,Dinesh Kapoor
CMP18788,Royal Enclave CHS,C-1413,Sneha Rao,Bore well pump not working.,Water Supply,Medium,Resolved,Ravi Das
CMP66812,Spring Gardens CHS,B-908,Seema Menon,Gym exhaust fan not working - suffocating.,Gym,Low,Resolved,Varun Reddy
CMP63151,Serene Waters Society,B-1964,Meera Shah,Pool water not chlorinated - unhygienic.,Swimming Pool,Critical,Open,Ravi Agarwal
CMP70732,Silver Oaks Apartment Owners Association,D-1979,Ravi Gupta,Dog waste not cleaned from garden regularly.,Garden,Critical,In Progress,Ravi Agarwal
CMP26409,Grandeur Park Residences,D-479,Seema Kapoor,Pigeons nesting on AC outdoor unit.,Pest Control,Critical,In Progress,Manisha Das
CMP99894,Desert Rose Apartments,D-1302,Rohit Sinha,Very low water pressure on higher floors.,Water Supply,High,In Progress,Madhuri Kulkarni
CMP51363,Sapphire Heights Cooperative Housing Society,C-1717,Jyoti Sharma,Lift mein bahut awaaz aa rahi hai,Lift,Critical,In Progress,Sachin Joshi
CMP85968,Ruby Residency,D-388,Anil Sinha,Dustbin overflowing in common area.,Housekeeping,Low,Resolved,Varun Reddy
CMP32198,Silver Oaks Apartment Owners Association,D-604,Sanjay Patel,Bedroom madhil socket kaam karat nahi,Electrical,Critical,In Progress,Varun Reddy
CMP75923,Diamond Plaza,B-138,Seema Mehta,Plants dying due to lack of maintenance.,Garden,Critical,Open,Shweta Iyer
CMP40007,Platinum Towers,C-954,Vikas Pillai,CCTV camera kaam karat nahi,Security,Low,Open,Jyoti Patel
CMP77277,Pearl Residency,D-2327,Anil Kumar,Rat problem in our flat - need urgent pest control.,Pest Control,Low,Assigned,Shweta Iyer
CMP40495,Crystal Heights,B-796,Rajesh Gupta,Service lift out of order since morning.,Lift,Critical,Resolved,Madhuri Das
CMP42574,Harmony Heights,D-448,Sneha Agarwal,Security guard duty pe nahi hai,Security,Low,Resolved,Deepika Gupta
CMP71612,Zenith Towers,A-2077,Pankaj Singh,Entrance door closer not working.,Common Area,Low,In Progress,Kavita Sinha
CMP94604,Lotus Boulevard,A-1246,Varun Nair,Children running and jumping in flat above ours.,Noise,Low,Assigned,Madhuri Kulkarni
CMP28428,Victoria Apartments,C-2275,Seema Singh,Lobby floor tiles need mopping urgently.,Housekeeping,Critical,In Progress,Deepika Gupta
CMP91779,Crystal Heights,C-1716,Ravi Chopra,Waste segregation bins not provided on our floor.,Waste Management,Low,Resolved,Sachin Joshi
CMP43573,Grandeur Park Residences,A-1957,Shweta Das,Vehicle horn being used unnecessarily in society.,Noise,Low,Resolved,Kiran Menon
CMP44710,Zenith Towers,C-1392,Sunita Agarwal,Pool tiles broken - can cause injury.,Swimming Pool,Critical,In Progress,Mahesh Das
CMP83183,Victoria Apartments,C-2501,Ashok Kumar,Rat problem in our flat - need urgent pest control.,Pest Control,Critical,Open,Ritu Malhotra
CMP53727,Sunrise Enclave,D-1225,Ravi Iyer,No water supply since morning in our flat.,Water Supply,Critical,Resolved,Ashok Reddy
CMP44741,Lotus Boulevard,D-2225,Sunita Pillai,No separate bin for medical waste.,Waste Management,Critical,Open,Deepika Gupta
CMP75633,Blue Horizons CHS,D-504,Anita Agarwal,Power socket in bedroom not working.,Electrical,Medium,In Progress,Kavita Sinha
CMP50913,Eco-Village CHS,C-838,Ajay Kulkarni,Security not checking delivery personnel properly.,Security,Critical,Open,Mahesh Singh
CMP89209,Sunset Point Apartments,B-239,Sunita Singh,Garden bench damaged and needs repair.,Garden,Critical,In Progress,Ravi Das
CMP44682,Shanti Vihar Apartments,B-480,Nisha Sharma,Termites eating wooden furniture.,Pest Control,Low,Assigned,Madhuri Das
CMP96585,Cedar Crest Society,C-284,Sandeep Mehta,Clubhouse washroom taps not working.,Clubhouse,Critical,Resolved,Shruti Singh
CMP90810,Shanti Vihar Apartments,A-2461,Komal Pillai,Garbage collection timing too early.,Waste Management,Low,In Progress,Varun Reddy
CMP61444,Sunrise Enclave,D-1550,Dinesh Agarwal,Drainage pipe blocked - water overflowing in bathroom.,Plumbing,High,In Progress,Rajesh Sinha
CMP81325,Lotus Boulevard,B-1884,Pallavi Kapoor,Common area notice board glass broken.,Common Area,Low,In Progress,Amit Iyer
CMP78417,Green Meadows CHS Ltd.,A-663,Abhishek Rao,Dogs barking loudly throughout night.,Noise,High,Assigned,Deepika Gupta
CMP40703,Victoria Apartments,D-1242,Anita Sinha,Pigeons nesting on AC outdoor unit.,Pest Control,Low,Resolved,Kavita Sinha
CMP88777,Pearl Residency,D-1793,Jyoti Kulkarni,A vehicle is blocking my parking slot.,Parking,High,Open,Kiran Menon
CMP30662,Palm Grove Residences,C-467,Jyoti Nair,Lift indicator showing wrong floor numbers.,Lift,Medium,In Progress,Shruti Singh
CMP18982,Desert Rose Apartments,D-654,Rupali Bose,Shower area not functioning.,Swimming Pool,High,Assigned,Sachin Joshi
CMP11505,Whispering Willows CHS,D-2341,Ajay Pillai,Ceiling fan making noise and wobbling.,Electrical,Low,In Progress,Amit Desai
CMP99954,Royal Enclave CHS,B-613,Amit Kumar,Staircase very dirty - not cleaned for days.,Housekeeping,Low,In Progress,Madhuri Das
CMP66536,Pearl Residency,D-241,Vikram Desai,Emergency exit door jammed and locked.,Common Area,High,Resolved,Madhuri Kulkarni
CMP78294,Silver Oaks Apartment Owners Association,B-1821,Ashok Rao,No separate bin for medical waste.,Waste Management,Low,Assigned,Amit Desai
CMP75519,Serene Waters Society,B-395,Preeti Nair,Ceiling fan making noise and wobbling.,Electrical,Low,Open,Abhishek Sharma
CMP91015,Sunrise Enclave,B-1737,Anjali Joshi,Water motor making loud noise at night.,Water Supply,Low,Open,Mahesh Singh
CMP96863,Hillview Cooperative Housing Society,D-1150,Priya Kumar,Overhead tank overflow causing seepage.,Water Supply,Low,In Progress,Kavita Sinha
CMP23102,Green Meadows CHS Ltd.,A-737,Saurabh Rao,Lift indicator showing wrong floor numbers.,Lift,Critical,Resolved,Amit Desai
CMP99323,Palm Grove Residences,B-937,Nisha Singh,Bathroom exhaust fan making noise and not working.,Plumbing,High,Assigned,Amit Iyer
CMP84721,The Pinnacle CHS,A-1391,Pooja Bose,Bulk waste dumped in common area.,Waste Management,Medium,In Progress,Ravi Agarwal
CMP45971,Cedar Crest Society,D-1048,Madhuri Gupta,Letter box lock broken - security risk.,Common Area,Low,In Progress,Deepika Gupta
CMP66849,Skyline Residency,D-656,Shweta Das,Ceiling fan making noise and wobbling.,Electrical,Low,Open,Mahesh Das
CMP47586,Shanti Vihar Apartments,A-723,Ashok Gupta,Garbage not collected from our floor today.,Housekeeping,High,Assigned,Shruti Singh
CMP42006,Silver Springs,C-2149,Komal Kulkarni,Residents not segregating wet and dry waste.,Waste Management,Low,Open,Kiran Menon
CMP14364,The Meadows,B-2019,Seema Gupta,Nameplate board outside flat damaged.,Common Area,Low,Assigned,Kavita Sinha
CMP39864,Sunrise Enclave,D-1489,Manoj Bose,Dog waste not cleaned from garden regularly.,Garden,Low,Resolved,Ravi Patel
CMP74553,Sunset Point Apartments,D-583,Meera Pillai,Pool tiles broken - can cause injury.,Swimming Pool,High,Open,Varun Kulkarni
CMP17042,Sunset Point Apartments,A-211,Sanjay Das,Garden bench damaged and needs repair.,Garden,Critical,Resolved,Varun Kulkarni
CMP33315,Serene Waters Society,C-1372,Abhishek Kulkarni,Security guard kuch check hi nahi karta entry pe,Security,Low,Open,Jyoti Patel
CMP53722,Diamond Plaza,D-1663,Ajay Singh,Overhead tank overflow causing seepage.,Water Supply,Low,Open,Mahesh Singh
CMP59121,Palm Grove Residences,D-863,Rakesh Das,Dog waste not cleaned from garden regularly.,Garden,Low,Open,Shweta Iyer
CMP54020,Pearl Residency,B-1646,Rohit Sharma,CCTV camera in our floor not working.,Security,Low,Assigned,Varun Kulkarni
CMP55733,Harmony Heights,A-524,Pankaj Rao,Party in neighboring flat - very loud till 2 AM.,Noise,High,Resolved,Deepika Gupta
CMP33508,Victoria Apartments,A-559,Deepika Rao,Unauthorized persons using clubhouse facilities.,Clubhouse,Low,Resolved,Abhishek Sharma
CMP55813,Cedar Crest Society,B-2065,Sunita Desai,Life guard absent during pool hours.,Swimming Pool,High,Assigned,Deepika Gupta
CMP94898,Royal Enclave CHS,D-172,Mahesh Kumar,Olakhit vyakti basement madhe phirat hoti,Security,Critical,Resolved,Ritu Nair
CMP39904,Whispering Willows CHS,C-355,Rohit Sharma,Construction noise from upstairs flat during quiet hours.,Noise,Low,Open,Mahesh Das
CMP28365,Sapphire Heights Cooperative Housing Society,A-1922,Sandeep Agarwal,Mere parking mein koi aur gaadi khadi hai,Parking,Critical,Assigned,Rajesh Sinha
CMP45872,The Pinnacle CHS,C-2495,Abhishek Iyer,Unknown person loitering in basement parking.,Security,Low,In Progress,Kavita Sinha
CMP56832,Victoria Apartments,D-1130,Madhuri Bose,Gym floor mat torn - slipping hazard.,Gym,Low,Open,Varun Kulkarni
CMP22521,Desert Rose Apartments,C-2426,Rakesh Chopra,Corridor light not working - very dark.,Common Area,Critical,Assigned,Ritu Malhotra
CMP72057,Orchid Petals Society,B-1361,Shruti Malhotra,Socket kaam nahi kar raha hai boss,Electrical,Medium,Assigned,Ravi Das
CMP64300,Lotus Boulevard,D-1387,Ritu Pillai,Lobby ceiling leakage during rain.,Common Area,Medium,Open,Mahesh Das
CMP94133,Lotus Boulevard,B-2460,Anita Gupta,Lift ka darwaza thik se band nahi hota,Lift,Medium,Assigned,Kiran Menon
CMP95401,Golden Heights,B-374,Rajesh Verma,Very low water pressure on higher floors.,Water Supply,Medium,Resolved,Amit Iyer
CMP40804,Desert Rose Apartments,D-1878,Amit Malhotra,Heavy furniture being dragged at odd hours.,Noise,Medium,Resolved,Shweta Iyer
CMP21822,Shanti Vihar Apartments,B-2407,Manoj Das,Dustbin overflowing in common area.,Housekeeping,High,Open,Madhuri Kulkarni
CMP48484,Golden Gate Apartments,A-530,Manoj Patel,Bathroom cha tap band hot nahi,Plumbing,Medium,Open,Mahesh Das
CMP23342,Harmony Heights,C-2271,Sneha Menon,Service lift out of order since morning.,Lift,Medium,In Progress,Amit Iyer
CMP46320,Royal Enclave CHS,D-1525,Anjali Iyer,Majhya parking madhe dusryachi gaadi ubhi ahe,Parking,Low,Assigned,Ritu Nair
CMP55364,Victoria Apartments,D-2067,Kiran Kapoor,Bhai bathroom ke niche se paani leak ho raha hai,Plumbing,Medium,Open,Rupali Desai
CMP59794,Sunset Point Apartments,C-1873,Nitin Rao,Fruit flies in kitchen - very unhygienic.,Pest Control,Critical,In Progress,Sachin Joshi
CMP56150,Banyan Tree Residences,A-420,Varun Malhotra,CCTV camera in our floor not working.,Security,High,Resolved,Ravi Agarwal
CMP10400,Paradise Heights,A-1554,Shruti Kulkarni,Vehicle without society sticker parked for many days.,Parking,Critical,Assigned,Ravi Reddy
CMP51748,The Imperial Towers,C-134,Rupali Pillai,Garden sprinklers not working properly.,Garden,Low,Assigned,Ravi Patel
CMP48121,Diamond Plaza,B-1168,Dinesh Chopra,Overhead tank overflow causing seepage.,Water Supply,Low,Resolved,Amit Iyer
CMP61743,Lotus Boulevard,D-710,Rohit Bose,Overgrown bushes blocking walkway.,Garden,Low,Open,Ashok Reddy
CMP79614,Ocean View CHS,C-1619,Pallavi Shah,E-waste collection bin overflowing.,Waste Management,Low,Resolved,Ritu Malhotra
CMP29553,Desert Rose Apartments,A-123,Priya Reddy,Neighbor using my second parking without permission.,Parking,Low,In Progress,Ravi Patel
CMP49312,Whispering Willows CHS,A-1229,Rakesh Sinha,Gym timings board removed.,Gym,Medium,Assigned,Sachin Joshi
CMP86799,Pearl Residency,A-1379,Ajay Joshi,Lift madhe khup awaaz yetoy,Lift,High,In Progress,Amit Iyer
CMP94737,Ocean View CHS,B-933,Saurabh Das,Yoga room floor mat torn and unhygienic.,Clubhouse,Low,Assigned,Varun Kulkarni
CMP91224,Diamond Plaza,A-306,Shweta Verma,CCTV camera kaam nahi kar raha,Security,Low,Open,Kavita Sinha
CMP43197,Hillview Cooperative Housing Society,C-2136,Pallavi Das,Ants everywhere in kitchen despite cleaning.,Pest Control,Critical,Resolved,Varun Reddy
CMP65626,Victoria Apartments,C-1841,Anil Iyer,Mere parking mein koi aur gaadi khadi hai,Parking,High,Resolved,Dinesh Kapoor
CMP74156,Serene Waters Society,B-1740,Sneha Singh,Heavy furniture being dragged at odd hours.,Noise,Critical,In Progress,Shweta Iyer
CMP24352,Skyline Residency,B-754,Sachin Pillai,Majhya parking madhe dusryachi gaadi ubhi ahe,Parking,Medium,In Progress,Rupali Desai
CMP96974,Shanti Vihar Apartments,B-1485,Shruti Menon,Tube light flickering continuously.,Electrical,Critical,In Progress,Abhishek Sharma
CMP94653,Maple Woods Enclave,B-258,Sachin Kapoor,Depth markings not visible.,Swimming Pool,Medium,In Progress,Manisha Das
CMP51867,The Meadows,D-435,Sandeep Verma,Lift cabin light not working - dark inside.,Lift,Low,Assigned,Amit Iyer
CMP54807,Hillview Cooperative Housing Society,C-2399,Rajesh Shah,Geyser chalu nahi ho raha,Plumbing,Critical,Assigned,Shruti Singh
CMP35761,Maple Woods Enclave,D-1116,Shweta Shah,Emergency exit door jammed and locked.,Common Area,Critical,Assigned,Jyoti Desai
CMP73045,Ocean View CHS,B-248,Rohit Agarwal,Bathroom exhaust fan making noise and not working.,Plumbing,Low,In Progress,Ravi Patel
CMP37270,Skyline Residency,C-1087,Ritu Malhotra,Residents not segregating wet and dry waste.,Waste Management,Critical,Assigned,Manisha Das
CMP66946,The Imperial Towers,C-664,Vikas Kumar,Kitchen sink drain clogged completely.,Plumbing,High,In Progress,Nisha Kumar
CMP59183,Lotus Boulevard,A-1232,Seema Kapoor,Housekeeping staff coming late daily.,Housekeeping,Critical,Open,Amit Desai
CMP15382,Sunrise Enclave,C-2171,Ramesh Patel,Intercom system not connecting to gate.,Security,High,In Progress,Rupali Desai
CMP56437,Shanti Vihar Apartments,B-1719,Priya Kumar,Parking slot number faded - need repainting.,Parking,Medium,Resolved,Madhuri Das
CMP79927,Diamond Plaza,B-1198,Manisha Pillai,Fire extinguisher expired - needs refilling.,Common Area,Low,Assigned,Amit Desai
CMP80786,Ruby Residency,A-302,Ravi Malhotra,Security not checking delivery personnel properly.,Security,Low,Open,Shweta Iyer
CMP49283,Ocean View CHS,A-2009,Rupali Malhotra,Staircase railing loose - can cause accident.,Common Area,Medium,Resolved,Madhuri Kulkarni
CMP46457,Banyan Tree Residences,D-2245,Manisha Menon,E-waste collection bin overflowing.,Waste Management,Low,Assigned,Madhuri Das
CMP79683,Eco-Village CHS,D-1747,Suresh Kumar,Dog waste not cleaned from garden regularly.,Garden,Medium,Assigned,Shweta Iyer
CMP70162,The Meadows,C-1590,Sanjay Patel,Shower area not functioning.,Swimming Pool,Medium,Assigned,Ravi Reddy
CMP11370,Sunset Point Apartments,A-1833,Varun Verma,Table tennis rackets and balls missing.,Clubhouse,High,Open,Kavita Sinha
CMP22004,Palm Grove Residences,B-1718,Jyoti Patel,Light jal nahi rahi,Electrical,Low,Assigned,Abhishek Sharma
CMP40246,Vasant Vihar Apartments,D-506,Sanjay Rao,Gym AC insufficient - too hot inside.,Gym,Low,Open,Ravi Das
CMP66104,Vasant Vihar Apartments,D-1233,Komal Desai,E-waste collection bin overflowing.,Waste Management,High,In Progress,Swati Reddy
CMP17015,The Meadows,C-657,Kavita Nair,Weight machine cable broken.,Gym,Medium,Resolved,Deepika Gupta
CMP74206,The Pinnacle CHS,A-1568,Preeti Rao,Loud arguments and shouting from neighbor's flat.,Noise,Medium,Assigned,Mahesh Singh
CMP82597,Paradise Heights,A-1954,Priya Menon,Bathroom cha tap band hot nahi,Plumbing,Medium,Assigned,Ravi Das
CMP28296,Sapphire Heights Cooperative Housing Society,D-2300,Sachin Kulkarni,Gate access card not working.,Security,High,Assigned,Amit Desai
CMP23118,The Meadows,C-2430,Rohit Bose,No water supply since morning in our flat.,Water Supply,Medium,Resolved,Madhuri Kulkarni
CMP46460,Eco-Village CHS,C-2352,Nisha Reddy,Common area notice board glass broken.,Common Area,Critical,Open,Jyoti Desai
CMP82406,Skyline Residency,C-1339,Dinesh Joshi,Termites eating wooden furniture.,Pest Control,High,Resolved,Ritu Malhotra
CMP66912,Crystal Heights,D-2261,Saurabh Shah,Generator running continuously making too much noise.,Noise,Low,Assigned,Ravi Das
CMP27558,Palm Grove Residences,D-2334,Ashok Gupta,Intercom system not connecting to gate.,Security,Low,Resolved,Madhuri Kulkarni
CMP73889,Skyline Residency,C-2325,Komal Kapoor,Lawn grass overgrown - needs cutting.,Garden,Medium,Open,Kavita Sinha
CMP65641,Ocean View CHS,B-1202,Ajay Kulkarni,Staircase very dirty - not cleaned for days.,Housekeeping,Medium,Resolved,Ravi Das
CMP84606,Paradise Heights,A-2268,Rajesh Shah,Drainage pipe blocked - water overflowing in bathroom.,Plumbing,Low,Resolved,Deepika Gupta
CMP45536,Palm Grove Residences,D-1752,Kiran Verma,Overhead tank overflow causing seepage.,Water Supply,Low,Resolved,Manisha Das
CMP88685,Royal Enclave CHS,C-1109,Rupali Chopra,Olakhit vyakti basement madhe phirat hoti,Security,Medium,Open,Dinesh Kapoor
CMP22744,Whispering Willows CHS,D-1621,Sachin Pillai,Lift cabin light not working - dark inside.,Lift,Critical,In Progress,Amit Desai
CMP38100,Eco-Village CHS,B-1814,Ravi Bose,Generator running continuously making too much noise.,Noise,Low,In Progress,Mahesh Singh
CMP34342,Paradise Heights,C-2317,Neha Kulkarni,Underground tank needs urgent cleaning.,Water Supply,Low,Resolved,Mahesh Singh
CMP97417,Silver Springs,C-1172,Suresh Chopra,Water pipe burst in basement.,Water Supply,High,In Progress,Ashok Reddy
CMP77921,Paradise Heights,D-829,Shweta Gupta,Pigeons nesting on AC outdoor unit.,Pest Control,Low,Resolved,Swati Reddy
CMP10291,Palm Grove Residences,C-1079,Ajay Desai,Fan awaaz kar raha hai,Electrical,Medium,Assigned,Ravi Reddy
CMP27966,Royal Enclave CHS,B-1327,Neha Patel,Swimming pool water very dirty - not cleaned.,Clubhouse,Medium,Resolved,Jyoti Desai
CMP34588,The Meadows,B-2293,Ramesh Kapoor,Main gate boom barrier not functioning.,Security,Low,In Progress,Jyoti Desai
CMP94668,Eco-Village CHS,A-1601,Jyoti Patel,Swimming pool water very dirty - not cleaned.,Clubhouse,Critical,In Progress,Varun Reddy
CMP90446,Shanti Vihar Apartments,C-1803,Ajay Gupta,Garbage collection timing too early.,Waste Management,Medium,Open,Rajesh Sinha
CMP31570,Harmony Heights,A-759,Meera Kapoor,Security guard duty pe nahi hai,Security,Low,In Progress,Deepika Gupta
CMP78331,Spring Gardens CHS,A-2406,Vikram Das,Garbage chute door broken.,Housekeeping,Medium,In Progress,Ravi Reddy
CMP22532,Sunset Point Apartments,C-1607,Seema Singh,Spider webs all over balcony.,Pest Control,Low,Assigned,Sachin Joshi
CMP94862,Platinum Towers,D-2024,Ramesh Gupta,Gym timings board removed.,Gym,Medium,Resolved,Jyoti Desai
CMP88350,Harmony Heights,B-2197,Manisha Agarwal,Overhead tank overflow causing seepage.,Water Supply,Critical,Open,Kiran Menon
CMP52134,Serene Waters Society,B-967,Meera Kapoor,Neighbor playing loud music late at night.,Noise,Critical,Assigned,Ashok Reddy
CMP22391,Whispering Willows CHS,D-1987,Vikram Chopra,Lobby ceiling leakage during rain.,Common Area,Low,In Progress,Swati Reddy
CMP89880,Serene Waters Society,B-2322,Jyoti Kapoor,Lizards entering flat from outside.,Pest Control,Medium,Open,Swati Reddy
CMP69364,Sunrise Enclave,C-1807,Ravi Rao,Entrance door closer not working.,Common Area,High,Resolved,Shruti Singh
CMP15253,Maple Woods Enclave,A-1614,Preeti Iyer,Housekeeping staff coming late daily.,Housekeeping,High,In Progress,Manisha Das
CMP59916,Spring Gardens CHS,A-903,Deepika Agarwal,Plants dying due to lack of maintenance.,Garden,Low,In Progress,Ravi Agarwal
CMP38677,The Meadows,B-188,Priya Shah,Common area notice board glass broken.,Common Area,Low,Assigned,Ritu Nair
CMP25881,Paradise Heights,B-801,Sandeep Sharma,Security guard duty pe nahi hai,Security,High,Open,Mahesh Singh
CMP79748,Green Meadows CHS Ltd.,C-955,Jyoti Kulkarni,Overgrown bushes blocking walkway.,Garden,Critical,Assigned,Jyoti Patel
CMP52683,Shanti Vihar Apartments,A-710,Jyoti Mehta,Clubhouse booking system not functioning.,Clubhouse,Critical,Assigned,Ravi Patel
CMP94986,Sunrise Enclave,A-1097,Shweta Desai,Children's play area swings broken.,Garden,Critical,In Progress,Ritu Malhotra
CMP49599,Golden Gate Apartments,D-1002,Ashok Menon,Staircase very dirty - not cleaned for days.,Housekeeping,Low,Resolved,Varun Reddy
CMP36676,The Imperial Towers,C-597,Vikram Joshi,Ceiling fan making noise and wobbling.,Electrical,Low,In Progress,Varun Kulkarni
CMP37782,Palm Grove Residences,C-2490,Pankaj Nair,Plants dying due to lack of maintenance.,Garden,Low,Assigned,Amit Desai
CMP20575,Ruby Residency,C-607,Suresh Rao,Gym equipment broken and unsafe to use.,Clubhouse,High,In Progress,Manisha Das
CMP76374,Desert Rose Apartments,B-2302,Abhishek Rao,Staircase very dirty - not cleaned for days.,Housekeeping,Critical,Assigned,Kiran Menon
CMP72936,Ocean View CHS,B-1158,Priya Patel,Pigeons nesting on AC outdoor unit.,Pest Control,Medium,Open,Ravi Agarwal
CMP84657,Ruby Residency,C-2495,Rohit Chopra,Gym mirror cracked - dangerous.,Gym,Low,Assigned,Rajesh Sinha
CMP16143,Sunrise Enclave,A-1328,Preeti Mehta,Party in neighboring flat - very loud till 2 AM.,Noise,High,Resolved,Sachin Joshi
CMP18609,Victoria Apartments,D-2177,Komal Sharma,Garbage collection timing too early.,Waste Management,High,In Progress,Varun Reddy
CMP67155,Maple Woods Enclave,C-2464,Sandeep Pillai,Garden bench damaged and needs repair.,Garden,Low,In Progress,Nisha Kumar
CMP94514,Ruby Residency,A-564,Manoj Singh,Overgrown bushes blocking walkway.,Garden,Critical,In Progress,Manisha Das
CMP70525,The Pinnacle CHS,C-1455,Meera Kapoor,Car scratched by another vehicle in parking.,Parking,Critical,Assigned,Swati Reddy
CMP16219,Serene Waters Society,A-569,Rakesh Kapoor,No water supply since morning in our flat.,Water Supply,Medium,Resolved,Amit Iyer
CMP60579,Whispering Willows CHS,A-704,Manoj Sinha,Bhai bathroom ke niche se paani leak ho raha hai,Plumbing,Low,Resolved,Rajesh Sinha
CMP54459,Maple Woods Enclave,B-114,Rohit Gupta,Water supply timing irregular - unpredictable.,Water Supply,Medium,In Progress,Rajesh Sinha
CMP65089,Cedar Crest Society,D-884,Nisha Kapoor,Lift ki door properly close nahi hoti,Lift,High,In Progress,Nisha Kumar
CMP79420,Cedar Crest Society,B-1647,Meera Das,Water motor making loud noise at night.,Water Supply,Low,Assigned,Mahesh Singh
CMP10964,Whispering Willows CHS,B-349,Ajay Sinha,Lizards entering flat from outside.,Pest Control,Medium,Resolved,Shruti Singh
CMP92534,Maple Woods Enclave,B-498,Shruti Sinha,Lift cabin smelling bad - needs cleaning.,Housekeeping,Medium,In Progress,Manisha Das
CMP77420,Royal Enclave CHS,C-2376,Nitin Mehta,Fruit flies in kitchen - very unhygienic.,Pest Control,Medium,Open,Sachin Joshi
CMP81589,Cedar Crest Society,A-1739,Meera Das,Garbage not collected from our floor today.,Housekeeping,Low,Resolved,Nisha Kumar
CMP39995,The Pinnacle CHS,C-1292,Anita Patel,Garbage collection timing too early.,Waste Management,Medium,Resolved,Jyoti Desai
CMP39809,Spring Gardens CHS,B-1870,Anil Sinha,Garden gate lock broken.,Garden,Low,Assigned,Swati Reddy
CMP11887,Whispering Willows CHS,C-2230,Rohit Gupta,Neighbor playing loud music late at night.,Noise,Low,Assigned,Ravi Reddy
CMP52115,Sunrise Enclave,C-2004,Saurabh Reddy,Ants everywhere in kitchen despite cleaning.,Pest Control,High,In Progress,Jyoti Patel
CMP11602,Hillview Cooperative Housing Society,C-352,Ajay Das,Life guard absent during pool hours.,Swimming Pool,High,Open,Kiran Menon
CMP40449,Emerald Bay CHS,B-976,Ritu Mehta,Lift ki door properly close nahi hoti,Lift,Critical,In Progress,Manisha Das
CMP88520,Whispering Willows CHS,C-2475,Sandeep Das,Generator running continuously making too much noise.,Noise,High,Assigned,Abhishek Sharma
CMP48726,Cedar Crest Society,D-1556,Vikas Joshi,Vehicle without society sticker parked for many days.,Parking,Low,Open,Varun Kulkarni
CMP53507,Silver Springs,B-739,Sachin Iyer,AC point not providing power.,Electrical,High,In Progress,Ritu Malhotra
CMP38763,Palm Grove Residences,B-2497,Priya Singh,Service lift out of order since morning.,Lift,Critical,Resolved,Jyoti Desai
CMP79129,Diamond Plaza,D-118,Shweta Kapoor,Lift stuck between floors - very dangerous.,Lift,Medium,Open,Ravi Das
CMP26421,Blue Horizons CHS,B-346,Pankaj Shah,Gym AC insufficient - too hot inside.,Gym,Low,Resolved,Ravi Patel
CMP66598,Pearl Residency,A-2421,Seema Malhotra,Treadmill not working for past week.,Gym,Critical,Open,Nisha Kumar
CMP29909,Crystal Heights,D-1529,Kavita Kapoor,Staircase very dirty - not cleaned for days.,Housekeeping,High,Assigned,Nisha Kumar
CMP73531,Shanti Vihar Apartments,B-583,Swati Desai,Bad smell from garbage collection area.,Waste Management,High,Open,Jyoti Desai
CMP29972,Sapphire Heights Cooperative Housing Society,D-2414,Kiran Menon,Plants dying due to lack of maintenance.,Garden,High,Resolved,Mahesh Singh
CMP91138,Cedar Crest Society,A-1347,Dinesh Desai,Weight machine cable broken.,Gym,Low,In Progress,Ritu Nair
CMP81586,Ruby Residency,B-511,Sachin Menon,Guest parking area always full - no space.,Parking,Medium,Resolved,Shruti Singh
CMP75353,Platinum Towers,B-557,Sandeep Sinha,Lobby floor tiles need mopping urgently.,Housekeeping,Medium,Open,Ritu Nair
CMP63895,Royal Enclave CHS,A-1847,Sneha Shah,Pool timings not displayed properly.,Swimming Pool,Low,Assigned,Jyoti Patel
CMP82423,Spring Gardens CHS,C-1412,Rupali Pillai,Vehicle horn being used unnecessarily in society.,Noise,Critical,Open,Jyoti Patel
CMP84394,Silver Springs,D-1377,Preeti Malhotra,Termites eating wooden furniture.,Pest Control,Critical,Open,Kiran Menon
CMP51720,Desert Rose Apartments,D-381,Kavita Joshi,Gym floor mat torn - slipping hazard.,Gym,Medium,In Progress,Ritu Nair
CMP96765,Whispering Willows CHS,C-1597,Mahesh Verma,Water pressure very low in kitchen.,Plumbing,Low,Open,Ravi Das
CMP92684,Golden Gate Apartments,D-528,Shweta Mehta,Kitchen ke sink ke neeche paani leak ho raha hai,Plumbing,High,In Progress,Ravi Patel
CMP52252,Banyan Tree Residences,C-2381,Suresh Reddy,Too many mosquitoes - fogging required.,Pest Control,High,Open,Rupali Desai
CMP91785,Pearl Residency,A-495,Ritu Sinha,Underground tank needs urgent cleaning.,Water Supply,High,In Progress,Ravi Agarwal
CMP10969,Spring Gardens CHS,B-2481,Anita Chopra,Depth markings not visible.,Swimming Pool,Critical,Assigned,Kavita Sinha
CMP12623,Harmony Heights,C-868,Komal Das,Dog waste not cleaned from garden regularly.,Garden,Medium,Assigned,Jyoti Patel
CMP29287,Pearl Residency,C-374,Shweta Kapoor,Parking area mein paani bhara hua hai,Parking,Low,In Progress,Varun Reddy
CMP51229,Desert Rose Apartments,C-809,Sandeep Sinha,Light switch broken - needs replacement.,Electrical,Critical,Open,Varun Kulkarni
CMP38880,Skyline Residency,D-236,Kiran Chopra,Parking slot number faded - need repainting.,Parking,Critical,Open,Abhishek Sharma
CMP63819,Paradise Heights,D-1578,Preeti Gupta,Loud arguments and shouting from neighbor's flat.,Noise,Medium,Assigned,Dinesh Kapoor
CMP12464,Royal Enclave CHS,A-1602,Pallavi Sharma,Party in neighboring flat - very loud till 2 AM.,Noise,Medium,Assigned,Ravi Das
CMP74080,Royal Enclave CHS,C-1124,Vikas Malhotra,Water motor making loud noise at night.,Water Supply,Critical,Assigned,Madhuri Kulkarni
CMP15319,Ocean View CHS,C-2040,Pallavi Sinha,Children running and jumping in flat above ours.,Noise,High,Open,Madhuri Kulkarni
CMP37001,Green Meadows CHS Ltd.,C-1652,Mahesh Desai,Clubhouse washroom taps not working.,Clubhouse,High,Resolved,Abhishek Sharma
CMP30917,Blue Horizons CHS,B-1271,Pooja Bose,Lobby ceiling leakage during rain.,Common Area,Low,Resolved,Swati Reddy
CMP91616,Banyan Tree Residences,A-2203,Shruti Verma,Dustbin overflowing in common area.,Housekeeping,Low,Assigned,Kavita Sinha
CMP19806,The Meadows,A-638,Kiran Kapoor,Unauthorized vehicle parked in society.,Security,Critical,Assigned,Jyoti Patel
CMP29975,Cedar Crest Society,D-575,Varun Chopra,Clubhouse lights not working in evening.,Clubhouse,High,Open,Rajesh Sinha
CMP54385,Pearl Residency,A-456,Swati Iyer,AC point not providing power.,Electrical,Low,In Progress,Kiran Menon
CMP28126,Vasant Vihar Apartments,B-2330,Neha Sinha,Bathroom cha tap band hot nahi,Plumbing,Medium,Open,Shweta Iyer
CMP50896,Maple Woods Enclave,A-1415,Sachin Kumar,Lift ki door properly close nahi hoti,Lift,High,Open,Abhishek Sharma
CMP88225,Sunset Point Apartments,C-1636,Jyoti Das,Waste segregation bins not provided on our floor.,Waste Management,Critical,Assigned,Amit Desai
CMP78910,Grandeur Park Residences,D-663,Komal Menon,Ceiling fan making noise and wobbling.,Electrical,Low,Resolved,Shruti Singh
CMP88955,Paradise Heights,C-774,Saurabh Chopra,MCB baar baar trip ho raha hai,Electrical,Medium,In Progress,Ravi Patel
CMP40752,Serene Waters Society,A-1932,Rohit Singh,Clubhouse booking system not functioning.,Clubhouse,High,In Progress,Jyoti Patel
CMP14272,Lotus Boulevard,B-1323,Deepika Kumar,Visitor entered without proper verification.,Security,High,In Progress,Mahesh Das
CMP59520,Vasant Vihar Apartments,C-1230,Kavita Reddy,Inverter not charging - keeps beeping.,Electrical,High,In Progress,Shruti Singh
CMP37298,Golden Gate Apartments,A-1970,Nitin Sharma,Staircase very dirty - not cleaned for days.,Housekeeping,Medium,Resolved,Deepika Gupta
CMP94520,Eco-Village CHS,D-2297,Vikas Shah,Overgrown bushes blocking walkway.,Garden,Medium,Open,Rupali Desai
CMP30736,Maple Woods Enclave,C-1153,Sneha Shah,Housekeeping staff coming late daily.,Housekeeping,Medium,In Progress,Madhuri Kulkarni
CMP73126,Sapphire Heights Cooperative Housing Society,C-1934,Sandeep Reddy,Cobwebs all over corridor ceiling.,Housekeeping,Low,Assigned,Shruti Singh
CMP39599,The Pinnacle CHS,A-789,Shweta Chopra,Bore well pump not working.,Water Supply,High,In Progress,Manisha Das
CMP32417,Desert Rose Apartments,B-1378,Rajesh Das,Gym floor mat torn - slipping hazard.,Gym,Critical,Open,Shweta Iyer
CMP85248,Vasant Vihar Apartments,C-1932,Ajay Sinha,Pool tiles broken - can cause injury.,Swimming Pool,Low,Resolved,Ravi Patel
CMP68480,Serene Waters Society,B-997,Sanjay Bose,Heavy furniture being dragged at odd hours.,Noise,Low,Open,Varun Kulkarni
CMP62000,Spring Gardens CHS,A-2097,Pooja Iyer,Bore well pump not working.,Water Supply,High,Assigned,Sachin Joshi
CMP93216,Spring Gardens CHS,D-566,Nisha Das,Pigeons nesting on AC outdoor unit.,Pest Control,Medium,Open,Madhuri Kulkarni
CMP55435,Pearl Residency,B-1432,Ravi Reddy,Power socket in bedroom not working.,Electrical,Low,In Progress,Madhuri Das
CMP67570,Lotus Boulevard,B-155,Mahesh Reddy,Common area wall paint peeling off.,Common Area,Critical,Assigned,Rupali Desai
CMP86360,Zenith Towers,C-1629,Sunita Nair,Dogs barking loudly throughout night.,Noise,High,In Progress,Shruti Singh
CMP32721,Orchid Petals Society,C-1773,Pankaj Sinha,Swimming pool water very dirty - not cleaned.,Clubhouse,High,Assigned,Rupali Desai
CMP42334,Shanti Vihar Apartments,D-1058,Anjali Kapoor,Dog waste not cleaned from garden regularly.,Garden,Medium,Open,Jyoti Desai
CMP13312,The Meadows,B-1547,Suresh Das,Neighbor playing loud music late at night.,Noise,High,In Progress,Abhishek Sharma
CMP87013,Sunset Point Apartments,B-2303,Anil Sharma,Letter box lock broken - security risk.,Common Area,Low,In Progress,Rupali Desai
CMP11779,The Pinnacle CHS,A-1671,Shruti Kulkarni,No separate bin for medical waste.,Waste Management,Medium,Open,Shweta Iyer
CMP41043,Whispering Willows CHS,A-457,Deepika Agarwal,Lift ki door properly close nahi hoti,Lift,Critical,Resolved,Ravi Agarwal
CMP61023,Pearl Residency,A-454,Rajesh Patel,Termites eating wooden furniture.,Pest Control,High,Resolved,Ritu Nair
CMP21693,Desert Rose Apartments,B-1088,Seema Iyer,Clubhouse lights not working in evening.,Clubhouse,Low,In Progress,Ravi Das
CMP82284,Crystal Heights,C-1312,Anjali Agarwal,Emergency exit door jammed and locked.,Common Area,Critical,In Progress,Kavita Sinha
CMP79607,Pearl Residency,B-675,Madhuri Das,Generator running continuously making too much noise.,Noise,Medium,Assigned,Ravi Agarwal
CMP88989,Spring Gardens CHS,D-2124,Sandeep Desai,Composting pit emitting foul odor.,Waste Management,Critical,Open,Jyoti Desai
CMP40148,Pearl Residency,B-1980,Rupali Sharma,Water coming muddy and dirty.,Water Supply,Medium,Open,Mahesh Singh
CMP21070,Golden Gate Apartments,C-1924,Rupali Sinha,Entrance door closer not working.,Common Area,Medium,Open,Varun Reddy
CMP80436,Sunrise Enclave,A-2469,Rohit Verma,Cockroaches coming from neighbor's flat.,Pest Control,Critical,In Progress,Nisha Kumar
CMP99908,Ruby Residency,B-1379,Rakesh Bose,Dog waste not cleaned from garden regularly.,Garden,Low,In Progress,Kiran Menon
CMP84722,Emerald Bay CHS,B-1456,Sneha Reddy,Generator running continuously making too much noise.,Noise,Critical,Resolved,Varun Reddy
CMP56842,Zenith Towers,D-434,Meera Rao,Gym door lock jammed.,Gym,Medium,Assigned,Madhuri Kulkarni
CMP35455,The Pinnacle CHS,D-1782,Ashok Joshi,Lift cha darwaza band hot nahi,Lift,Low,Open,Mahesh Das
CMP20702,Harmony Heights,D-822,Pallavi Kulkarni,Security guard kuch check hi nahi karta entry pe,Security,Medium,In Progress,Madhuri Das
CMP68369,Blue Horizons CHS,B-1384,Saurabh Kulkarni,No water supply since morning in our flat.,Water Supply,Critical,Assigned,Ritu Malhotra
CMP20308,Green Meadows CHS Ltd.,D-314,Meera Das,Visitor entered without proper verification.,Security,Medium,Open,Varun Kulkarni
CMP93063,Harmony Heights,D-283,Abhishek Menon,Gym door lock jammed.,Gym,Medium,Resolved,Varun Reddy
CMP86928,Hillview Cooperative Housing Society,C-926,Rakesh Pillai,Lift kharab ho gayi hai,Lift,Critical,Open,Madhuri Kulkarni
CMP26167,The Imperial Towers,D-1173,Anita Verma,Pool tiles broken - can cause injury.,Swimming Pool,Low,Assigned,Shweta Iyer
CMP79180,Ocean View CHS,A-2487,Shruti Chopra,Children's play area swings broken.,Garden,Low,Assigned,Amit Iyer
CMP43117,Shanti Vihar Apartments,C-197,Swati Shah,Dog waste not cleaned from garden regularly.,Garden,Critical,Open,Varun Reddy
CMP22052,Skyline Residency,B-2381,Manoj Kumar,Bad smell from garbage collection area.,Waste Management,Low,Open,Dinesh Kapoor
CMP81670,Orchid Petals Society,B-1453,Vikas Sinha,Waste segregation bins not provided on our floor.,Waste Management,High,Resolved,Abhishek Sharma
CMP27587,Whispering Willows CHS,A-324,Sachin Shah,Water coming muddy and dirty.,Water Supply,Medium,Assigned,Mahesh Das
CMP27710,Whispering Willows CHS,C-1780,Shruti Agarwal,Lift door not closing properly - safety issue.,Lift,Medium,In Progress,Jyoti Desai
CMP79951,Ruby Residency,B-1092,Vikram Nair,Depth markings not visible.,Swimming Pool,Low,Resolved,Manisha Das
CMP27448,Platinum Towers,D-189,Deepika Sinha,Lift number 2 has stopped working.,Lift,Critical,Open,Rupali Desai
CMP67625,Crystal Heights,A-1695,Rohit Bose,Sweeper not doing job properly.,Housekeeping,Low,Assigned,Shruti Singh
CMP31398,The Imperial Towers,D-2428,Ashok Desai,Corridor light not working - very dark.,Common Area,Critical,Assigned,Nisha Kumar
CMP45492,Whispering Willows CHS,B-604,Ritu Kapoor,Emergency alarm button inside lift not working.,Lift,High,Assigned,Amit Desai
CMP15547,Harmony Heights,A-2264,Swati Kapoor,Gym mirror cracked - dangerous.,Gym,Critical,In Progress,Varun Reddy
CMP81179,Pearl Residency,D-1478,Komal Shah,Water pipe burst in basement.,Water Supply,Low,Assigned,Ashok Reddy
CMP10369,Blue Horizons CHS,C-2291,Sandeep Agarwal,Lobby ceiling leakage during rain.,Common Area,High,Resolved,Sachin Joshi
CMP60620,Golden Gate Apartments,B-698,Suresh Desai,Pool tiles broken - can cause injury.,Swimming Pool,Critical,Open,Ritu Nair
CMP92674,Lotus Boulevard,D-1688,Pooja Sinha,Lift indicator showing wrong floor numbers.,Lift,Low,Assigned,Ravi Das
CMP80796,Orchid Petals Society,B-794,Ravi Singh,Intercom system not connecting to gate.,Security,Medium,Assigned,Ravi Agarwal
CMP49701,Emerald Bay CHS,B-1103,Anil Gupta,Main MCB tripping frequently.,Electrical,High,Assigned,Deepika Gupta
CMP41024,Banyan Tree Residences,D-424,Rohit Das,Neighbor playing loud music late at night.,Noise,High,In Progress,Madhuri Das
CMP43075,Maple Woods Enclave,B-1337,Swati Shah,Shower area not functioning.,Swimming Pool,Critical,Open,Shweta Iyer
CMP80091,Eco-Village CHS,D-1115,Swati Kapoor,Gate access card not working.,Security,Low,Open,Kiran Menon
CMP80501,Victoria Apartments,A-1638,Vikas Verma,Too many mosquitoes - fogging required.,Pest Control,Low,In Progress,Deepika Gupta
CMP38438,Grandeur Park Residences,C-549,Sanjay Malhotra,Fire extinguisher expired - needs refilling.,Common Area,Critical,Resolved,Abhishek Sharma
CMP92486,Crystal Heights,B-133,Kiran Mehta,Society water bill very high - possible leakage.,Water Supply,Low,In Progress,Rupali Desai
CMP84082,Green Meadows CHS Ltd.,D-1612,Sneha Gupta,Gym equipment broken and unsafe to use.,Clubhouse,Critical,Assigned,Rajesh Sinha
CMP44012,Paradise Heights,D-2219,Amit Shah,Security not checking delivery personnel properly.,Security,High,Open,Mahesh Singh
CMP56153,Sunset Point Apartments,B-2111,Anita Patel,Construction noise from upstairs flat during quiet hours.,Noise,Medium,Assigned,Ravi Reddy
CMP63904,Skyline Residency,C-1842,Mahesh Verma,Bed bugs in bedroom - very serious problem.,Pest Control,Critical,Resolved,Ritu Malhotra
CMP19616,Victoria Apartments,A-2292,Nitin Patel,No separate bin for medical waste.,Waste Management,Medium,Open,Rajesh Sinha
CMP38200,The Pinnacle CHS,B-1606,Ashok Nair,Garbage bags torn by stray dogs.,Waste Management,Low,In Progress,Jyoti Patel
CMP96469,Zenith Towers,A-1808,Anita Nair,Kitchen ke sink ke neeche paani leak ho raha hai,Plumbing,Critical,In Progress,Deepika Gupta
CMP78771,Golden Gate Apartments,A-2121,Nisha Menon,Very low water pressure on higher floors.,Water Supply,Medium,Assigned,Amit Iyer
CMP22191,Paradise Heights,C-702,Anita Shah,Underground tank needs urgent cleaning.,Water Supply,Low,Resolved,Shruti Singh
CMP39600,Zenith Towers,B-1535,Sachin Kumar,Lizards entering flat from outside.,Pest Control,High,Resolved,Dinesh Kapoor
CMP60676,Harmony Heights,B-1701,Dinesh Sinha,Mere slot mein kisi ne gaadi park kar di hai yaar,Parking,Medium,Assigned,Deepika Gupta
CMP24369,The Pinnacle CHS,D-1527,Shruti Kumar,Lift making strange grinding noise.,Lift,Low,Open,Ashok Reddy
CMP82377,The Meadows,A-1118,Swati Iyer,Theft reported - jewellery stolen from flat.,Security,High,Resolved,Ravi Reddy
CMP65989,Banyan Tree Residences,A-817,Nitin Menon,Someone has parked in my allotted space.,Parking,Medium,Open,Madhuri Kulkarni
CMP26186,Hillview Cooperative Housing Society,C-1767,Shruti Desai,Ants everywhere in kitchen despite cleaning.,Pest Control,High,Open,Shruti Singh
CMP77239,Crystal Heights,B-2439,Neha Singh,Waste segregation bins not provided on our floor.,Waste Management,Medium,Assigned,Sachin Joshi
CMP60522,Vasant Vihar Apartments,D-483,Varun Kapoor,Fruit flies in kitchen - very unhygienic.,Pest Control,Medium,Assigned,Rajesh Sinha
CMP39877,Paradise Heights,B-1206,Sachin Shah,Security not checking delivery personnel properly.,Security,Medium,In Progress,Sachin Joshi
CMP49800,Platinum Towers,D-2491,Rakesh Joshi,Party in neighboring flat - very loud till 2 AM.,Noise,Medium,Resolved,Amit Iyer
CMP81065,Orchid Petals Society,D-1716,Rakesh Reddy,Fruit flies in kitchen - very unhygienic.,Pest Control,Low,Resolved,Amit Iyer
CMP86453,Banyan Tree Residences,A-2274,Amit Rao,Depth markings not visible.,Swimming Pool,Medium,Open,Ashok Reddy
CMP34834,Platinum Towers,D-157,Varun Patel,There is water leakage below the kitchen sink.,Plumbing,Critical,Resolved,Abhishek Sharma
CMP80941,Cedar Crest Society,C-544,Pallavi Pillai,Staircase very dirty - not cleaned for days.,Housekeeping,High,In Progress,Deepika Gupta
CMP75821,Grandeur Park Residences,C-1826,Shruti Kulkarni,Flush is not working properly - water keeps running.,Plumbing,Low,Open,Ravi Patel
CMP59106,Silver Oaks Apartment Owners Association,A-2013,Rajesh Shah,Heavy furniture being dragged at odd hours.,Noise,Critical,Open,Sachin Joshi
CMP83526,Blue Horizons CHS,A-2474,Nisha Chopra,Visitor entered without proper verification.,Security,Critical,Assigned,Jyoti Desai
CMP31143,Silver Oaks Apartment Owners Association,B-1058,Madhuri Kumar,Unauthorized persons using clubhouse facilities.,Clubhouse,Low,Resolved,Ravi Agarwal
CMP61374,Harmony Heights,A-445,Anjali Joshi,There is water leakage below the kitchen sink.,Plumbing,Low,Open,Shruti Singh
CMP56757,The Meadows,B-1827,Preeti Agarwal,Life guard absent during pool hours.,Swimming Pool,High,Open,Ashok Reddy
CMP52091,Zenith Towers,B-237,Dinesh Desai,Anjan aadmi basement mein ghoom raha tha,Security,Critical,In Progress,Swati Reddy
CMP65545,Shanti Vihar Apartments,A-1032,Saurabh Das,Emergency exit door jammed and locked.,Common Area,Critical,Open,Mahesh Das
CMP55215,Zenith Towers,C-1452,Sachin Rao,Clubhouse lights not working in evening.,Clubhouse,High,In Progress,Rupali Desai
CMP16483,Banyan Tree Residences,D-1183,Amit Iyer,Staircase light not working for past 3 days.,Electrical,Low,Assigned,Jyoti Patel
CMP20911,Silver Oaks Apartment Owners Association,C-2434,Ravi Das,Ants everywhere in kitchen despite cleaning.,Pest Control,High,Resolved,Madhuri Das
CMP67049,Orchid Petals Society,A-820,Shruti Agarwal,Composting pit emitting foul odor.,Waste Management,Critical,Assigned,Ravi Das
CMP60808,Desert Rose Apartments,D-2262,Nisha Agarwal,Dustbin overflowing in common area.,Housekeeping,Critical,Open,Swati Reddy
CMP86733,Paradise Heights,C-1885,Anjali Verma,E-waste collection bin overflowing.,Waste Management,High,Open,Jyoti Desai
CMP93292,Silver Springs,B-1691,Jyoti Reddy,CCTV camera kaam nahi kar raha,Security,Critical,Open,Abhishek Sharma
CMP55760,Sunrise Enclave,B-964,Sachin Gupta,Power socket in bedroom not working.,Electrical,High,Resolved,Ravi Das
CMP56596,Sunset Point Apartments,B-513,Neha Agarwal,Sweeper not doing job properly.,Housekeeping,High,Open,Mahesh Das
CMP11652,Hillview Cooperative Housing Society,D-1134,Swati Bose,There is water leakage below the kitchen sink.,Plumbing,Critical,Resolved,Dinesh Kapoor
CMP49800,Golden Heights,B-501,Ritu Menon,Electric meter showing wrong reading.,Electrical,High,In Progress,Sachin Joshi
CMP45323,Hillview Cooperative Housing Society,B-1319,Swati Mehta,Cockroaches coming from neighbor's flat.,Pest Control,Critical,Open,Rajesh Sinha
CMP21890,Ruby Residency,A-1848,Ramesh Patel,Bore well pump not working.,Water Supply,Critical,Resolved,Jyoti Patel
CMP88366,Sunrise Enclave,D-1069,Ashok Agarwal,Residents not segregating wet and dry waste.,Waste Management,Medium,Resolved,Shruti Singh
CMP39649,Lotus Boulevard,C-2465,Madhuri Shah,Bench press bench wobbling - unsafe.,Gym,Low,Open,Varun Kulkarni
CMP43334,Harmony Heights,A-2102,Priya Patel,Parking area mein paani bhara hua hai,Parking,Low,In Progress,Ravi Agarwal
CMP69213,Golden Heights,A-2474,Amit Kulkarni,E-waste collection bin overflowing.,Waste Management,Low,Open,Amit Desai
CMP23839,Banyan Tree Residences,C-714,Anita Desai,Electric meter showing wrong reading.,Electrical,High,Assigned,Ravi Patel
CMP95707,Eco-Village CHS,A-1154,Jyoti Agarwal,Dustbin overflowing in common area.,Housekeeping,Medium,Open,Swati Reddy
CMP76698,Palm Grove Residences,C-936,Nisha Patel,Children running and jumping in flat above ours.,Noise,High,Resolved,Amit Iyer
CMP74362,Spring Gardens CHS,B-587,Rupali Reddy,Water pipe burst in basement.,Water Supply,High,Resolved,Ritu Malhotra
CMP85383,Sapphire Heights Cooperative Housing Society,C-1710,Manoj Das,Ants everywhere in kitchen despite cleaning.,Pest Control,High,Assigned,Ritu Malhotra
CMP32190,Harmony Heights,C-1735,Rupali Chopra,Dogs barking loudly throughout night.,Noise,Low,Resolved,Amit Iyer
CMP95197,Ocean View CHS,D-1736,Vikram Shah,Clubhouse washroom taps not working.,Clubhouse,Low,Assigned,Mahesh Das
CMP69111,Crystal Heights,C-1497,Sneha Singh,Main gate boom barrier not functioning.,Security,Medium,In Progress,Madhuri Kulkarni
CMP55632,Victoria Apartments,A-470,Abhishek Malhotra,Gym mirror cracked - dangerous.,Gym,Critical,Resolved,Varun Kulkarni
CMP22776,Paradise Heights,D-1322,Komal Gupta,Housekeeping staff coming late daily.,Housekeeping,Critical,Open,Jyoti Patel
CMP22644,Palm Grove Residences,B-722,Pallavi Malhotra,Kitchen madhe sink khali pani ghalat ahe,Plumbing,High,Resolved,Nisha Kumar
CMP27430,Golden Heights,D-499,Mahesh Malhotra,Vehicle without society sticker parked for many days.,Parking,Critical,Assigned,Amit Desai
CMP15935,Desert Rose Apartments,C-1342,Sachin Desai,Cobwebs all over corridor ceiling.,Housekeeping,Critical,In Progress,Ravi Agarwal
CMP48927,Desert Rose Apartments,B-1625,Mahesh Singh,Yoga room floor mat torn and unhygienic.,Clubhouse,Critical,Open,Kiran Menon
CMP67481,Paradise Heights,C-1156,Kavita Desai,Clubhouse washroom taps not working.,Clubhouse,High,Resolved,Kiran Menon
CMP63340,Eco-Village CHS,D-1376,Abhishek Kapoor,Fruit flies in kitchen - very unhygienic.,Pest Control,Low,Open,Amit Desai
CMP41822,Silver Oaks Apartment Owners Association,D-828,Meera Shah,Water pressure very low in kitchen.,Plumbing,Low,Assigned,Abhishek Sharma
CMP17122,Green Meadows CHS Ltd.,C-822,Ramesh Agarwal,Water coming muddy and dirty.,Water Supply,High,Assigned,Amit Iyer
CMP33575,Cedar Crest Society,A-2013,Sneha Joshi,Gym equipment broken and unsafe to use.,Clubhouse,Low,Resolved,Manisha Das
CMP83409,Sapphire Heights Cooperative Housing Society,A-2274,Ritu Nair,Staircase railing loose - can cause accident.,Common Area,Critical,Resolved,Kiran Menon
CMP62026,Serene Waters Society,C-828,Priya Gupta,Pigeons nesting on AC outdoor unit.,Pest Control,Medium,Resolved,Dinesh Kapoor
CMP28956,Skyline Residency,C-1003,Suresh Bose,Sweeper not doing job properly.,Housekeeping,Critical,Resolved,Dinesh Kapoor
CMP93167,Diamond Plaza,C-2336,Shruti Chopra,Children's pool empty and dirty.,Swimming Pool,Low,In Progress,Rupali Desai
CMP32451,Maple Woods Enclave,D-678,Sachin Singh,Doorbell not functioning.,Electrical,Critical,Assigned,Jyoti Desai
CMP56323,The Imperial Towers,A-2422,Jyoti Kumar,Lift full kharab hai bhai,Lift,Critical,In Progress,Kiran Menon
CMP18983,Zenith Towers,A-1410,Rupali Malhotra,Dustbin overflowing in common area.,Housekeeping,Low,Resolved,Abhishek Sharma
CMP85480,Eco-Village CHS,A-391,Shweta Pillai,Underground tank needs urgent cleaning.,Water Supply,Low,Open,Abhishek Sharma
CMP20635,Eco-Village CHS,C-491,Nitin Sinha,Light switch broken - needs replacement.,Electrical,High,Resolved,Ravi Das
CMP74927,Sunrise Enclave,D-1291,Rakesh Rao,Plastic waste burning in society - health hazard.,Waste Management,High,Resolved,Kavita Sinha
CMP83114,Zenith Towers,D-1923,Priya Agarwal,Bathroom exhaust fan making noise and not working.,Plumbing,Critical,Assigned,Varun Reddy
CMP73824,Royal Enclave CHS,D-1591,Saurabh Reddy,Socket kaam nahi kar raha hai boss,Electrical,Medium,In Progress,Ravi Reddy
CMP19038,Blue Horizons CHS,A-1768,Pankaj Patel,Bed bugs in bedroom - very serious problem.,Pest Control,Critical,Assigned,Varun Kulkarni
CMP54528,Ruby Residency,A-1188,Sandeep Rao,Unauthorized persons using clubhouse facilities.,Clubhouse,Critical,Resolved,Ravi Reddy
CMP74515,Crystal Heights,A-1095,Anil Malhotra,Lift making strange grinding noise.,Lift,Low,In Progress,Rupali Desai
CMP98623,Skyline Residency,B-1719,Suresh Mehta,Heavy furniture being dragged at odd hours.,Noise,High,In Progress,Madhuri Das
CMP43183,Paradise Heights,C-2075,Rohit Rao,Vehicle horn being used unnecessarily in society.,Noise,Critical,In Progress,Amit Iyer
CMP65932,Green Meadows CHS Ltd.,D-512,Preeti Kumar,Common area washroom very dirty.,Housekeeping,Low,Open,Ravi Das
CMP53830,Harmony Heights,C-1173,Mahesh Chopra,Lift making strange grinding noise.,Lift,Critical,Assigned,Nisha Kumar
CMP40909,Orchid Petals Society,C-629,Komal Verma,Gym AC insufficient - too hot inside.,Gym,High,In Progress,Jyoti Patel
CMP31462,Silver Oaks Apartment Owners Association,A-267,Deepika Shah,Too many mosquitoes due to stagnant water in garden.,Garden,Medium,Open,Ashok Reddy
CMP26223,Silver Springs,C-685,Ramesh Menon,Too many mosquitoes - fogging required.,Pest Control,Critical,In Progress,Manisha Das
CMP32701,Silver Oaks Apartment Owners Association,C-1040,Rohit Mehta,Lift kharab ho gayi hai,Lift,Critical,In Progress,Nisha Kumar
CMP97874,Silver Springs,A-1535,Shweta Patel,Letter box lock broken - security risk.,Common Area,High,Resolved,Amit Desai
CMP27118,Serene Waters Society,C-862,Shweta Chopra,No separate bin for medical waste.,Waste Management,Critical,In Progress,Ashok Reddy
CMP68757,Golden Gate Apartments,B-2308,Rupali Menon,Emergency alarm button inside lift not working.,Lift,Critical,In Progress,Rajesh Sinha
CMP76389,Golden Heights,A-722,Kavita Pillai,Bedroom madhil socket kaam karat nahi,Electrical,Critical,Open,Amit Iyer
CMP22456,Skyline Residency,D-2328,Madhuri Gupta,Power socket in bedroom not working.,Electrical,Critical,Assigned,Nisha Kumar
CMP60595,Harmony Heights,C-2338,Ashok Chopra,Entrance door closer not working.,Common Area,Low,Resolved,Kiran Menon
CMP16542,Blue Horizons CHS,C-295,Shruti Mehta,Spider webs all over balcony.,Pest Control,Medium,Open,Ravi Reddy
CMP92008,Desert Rose Apartments,C-249,Pallavi Agarwal,Ants everywhere in kitchen despite cleaning.,Pest Control,Low,Resolved,Nisha Kumar
CMP27343,Skyline Residency,C-1610,Saurabh Joshi,Generator running continuously making too much noise.,Noise,Low,Open,Ashok Reddy
CMP85683,Victoria Apartments,B-412,Ritu Verma,Clubhouse closed without prior notice.,Clubhouse,Critical,Resolved,Ravi Das
CMP88459,The Pinnacle CHS,C-2221,Sachin Pillai,Children's pool empty and dirty.,Swimming Pool,Low,Resolved,Jyoti Desai
CMP13240,Blue Horizons CHS,B-1194,Shruti Patel,Music practice during afternoon quiet hours.,Noise,High,Resolved,Kiran Menon
CMP39433,The Meadows,D-1380,Swati Desai,Lizards entering flat from outside.,Pest Control,Medium,Resolved,Shweta Iyer
CMP16810,Harmony Heights,C-1274,Pankaj Verma,Bathroom exhaust fan making noise and not working.,Plumbing,Medium,Assigned,Amit Iyer
CMP83231,Paradise Heights,A-442,Pooja Mehta,Neighbor playing loud music late at night.,Noise,Low,Assigned,Ravi Agarwal
CMP46255,Skyline Residency,C-1621,Shruti Sharma,Waste segregation bins not provided on our floor.,Waste Management,Critical,In Progress,Abhishek Sharma
CMP86314,Golden Heights,D-1455,Ramesh Kumar,Garbage bags torn by stray dogs.,Waste Management,High,Resolved,Mahesh Das
CMP88920,Ruby Residency,B-1098,Swati Nair,Mere parking mein koi aur gaadi khadi hai,Parking,Critical,Assigned,Manisha Das
CMP96988,Ocean View CHS,D-609,Sunita Gupta,Treadmill not working for past week.,Gym,Critical,Assigned,Amit Iyer
CMP10072,Pearl Residency,C-1061,Dinesh Nair,Ceiling fan making noise and wobbling.,Electrical,Medium,In Progress,Varun Reddy
CMP27891,Cedar Crest Society,B-112,Neha Sharma,Water pressure very low in kitchen.,Plumbing,Medium,Open,Ritu Nair
CMP67370,Royal Enclave CHS,A-346,Rupali Sinha,Lift cabin smelling bad - needs cleaning.,Housekeeping,Low,Resolved,Varun Reddy
CMP13881,Lotus Boulevard,C-433,Anita Iyer,Pool filtration system not working.,Swimming Pool,Low,Assigned,Jyoti Patel
CMP88832,Pearl Residency,C-1648,Nisha Verma,There is water leakage below the kitchen sink.,Plumbing,Critical,Resolved,Jyoti Patel
CMP18022,The Pinnacle CHS,C-1596,Pallavi Nair,Majhya parking madhe dusryachi gaadi ubhi ahe,Parking,Low,Assigned,Rajesh Sinha
CMP52584,The Meadows,D-306,Varun Kapoor,Underground tank needs urgent cleaning.,Water Supply,Low,Open,Abhishek Sharma
CMP81573,Vasant Vihar Apartments,B-864,Nisha Iyer,Bathroom tap is dripping continuously - water wastage.,Plumbing,Low,In Progress,Rupali Desai
CMP49512,Harmony Heights,A-605,Shweta Kumar,Life guard absent during pool hours.,Swimming Pool,Medium,In Progress,Amit Iyer
CMP12253,Whispering Willows CHS,D-795,Vikas Patel,Children's pool empty and dirty.,Swimming Pool,Medium,Resolved,Madhuri Kulkarni
CMP79251,Golden Heights,D-150,Suresh Verma,Heavy furniture being dragged at odd hours.,Noise,High,Open,Amit Iyer
CMP36926,Paradise Heights,B-1542,Suresh Sharma,Generator running continuously making too much noise.,Noise,High,Resolved,Varun Reddy
CMP44155,Emerald Bay CHS,C-2305,Pooja Kumar,Garden bench damaged and needs repair.,Garden,Medium,Assigned,Varun Kulkarni
CMP89753,Sapphire Heights Cooperative Housing Society,A-547,Ritu Desai,Lift cabin light not working - dark inside.,Lift,Medium,Resolved,Deepika Gupta
CMP52042,Pearl Residency,B-426,Meera Sinha,Parking slot number faded - need repainting.,Parking,High,Open,Shruti Singh
CMP65402,Blue Horizons CHS,C-349,Pooja Nair,MCB baar baar trip ho raha hai,Electrical,High,Open,Madhuri Das
CMP43225,Paradise Heights,A-2263,Rohit Mehta,Pigeons nesting on AC outdoor unit.,Pest Control,High,Open,Madhuri Kulkarni
CMP17838,Banyan Tree Residences,B-986,Abhishek Patel,Gym exhaust fan not working - suffocating.,Gym,Medium,Resolved,Rajesh Sinha
CMP37310,Blue Horizons CHS,B-559,Abhishek Sharma,Weight machine cable broken.,Gym,High,Open,Mahesh Das
CMP71730,Royal Enclave CHS,C-1455,Dinesh Joshi,CCTV camera kaam nahi kar raha,Security,Critical,Assigned,Nisha Kumar
CMP86095,Golden Gate Apartments,A-420,Jyoti Kumar,Plants dying due to lack of maintenance.,Garden,Critical,Open,Swati Reddy
CMP17581,Silver Oaks Apartment Owners Association,B-196,Preeti Sinha,Main gate boom barrier not functioning.,Security,High,Open,Mahesh Singh
CMP15540,Pearl Residency,A-180,Anil Verma,Water motor making loud noise at night.,Water Supply,Medium,Open,Rajesh Sinha
CMP49183,Spring Gardens CHS,B-294,Swati Agarwal,Fan awaaz kar raha hai,Electrical,Medium,Open,Jyoti Patel
CMP47759,Golden Gate Apartments,A-224,Kavita Joshi,Sweeper not doing job properly.,Housekeeping,High,In Progress,Ravi Patel
CMP95573,Shanti Vihar Apartments,A-1617,Ajay Verma,Flush kharab hai,Plumbing,High,Open,Deepika Gupta
CMP48476,Silver Oaks Apartment Owners Association,D-546,Pallavi Menon,Bad smell from garbage collection area.,Waste Management,Critical,Resolved,Kiran Menon
CMP33474,Vasant Vihar Apartments,B-1029,Shruti Mehta,Anjan aadmi basement mein ghoom raha tha,Security,High,Assigned,Jyoti Desai
CMP19327,Vasant Vihar Apartments,C-628,Priya Gupta,Underground tank needs urgent cleaning.,Water Supply,Medium,Assigned,Mahesh Singh
CMP30037,The Meadows,C-1697,Ajay Singh,Ants everywhere in kitchen despite cleaning.,Pest Control,Low,In Progress,Shweta Iyer
CMP34497,Vasant Vihar Apartments,B-760,Pallavi Agarwal,Cockroaches coming from neighbor's flat.,Pest Control,Critical,Resolved,Ravi Agarwal
CMP78564,Palm Grove Residences,A-611,Preeti Gupta,No separate bin for medical waste.,Waste Management,Medium,Open,Kiran Menon
CMP77362,Vasant Vihar Apartments,B-482,Deepika Joshi,Depth markings not visible.,Swimming Pool,High,In Progress,Ritu Nair
CMP46620,Ocean View CHS,D-1801,Anita Desai,Lawn grass overgrown - needs cutting.,Garden,High,Resolved,Mahesh Singh
CMP46728,Vasant Vihar Apartments,C-1148,Anil Desai,Pankha awaaz karto,Electrical,Low,Open,Rajesh Sinha
CMP42987,Serene Waters Society,B-1767,Nitin Patel,Electric meter showing wrong reading.,Electrical,Medium,In Progress,Ravi Reddy
CMP96364,Sapphire Heights Cooperative Housing Society,A-1596,Sandeep Kulkarni,Tube light flickering continuously.,Electrical,Low,Resolved,Kavita Sinha
CMP53784,Sunset Point Apartments,A-1230,Ravi Gupta,Treadmill not working for past week.,Gym,Medium,Resolved,Jyoti Patel
CMP91428,Sapphire Heights Cooperative Housing Society,C-1744,Amit Nair,Water coming muddy and dirty.,Water Supply,High,Open,Nisha Kumar
CMP22019,Whispering Willows CHS,B-1557,Komal Joshi,Lift kharab ho gayi hai,Lift,High,Resolved,Swati Reddy
CMP16252,Whispering Willows CHS,D-830,Abhishek Das,Lift number 2 has stopped working.,Lift,Critical,In Progress,Amit Desai
CMP79363,Royal Enclave CHS,B-1478,Ajay Agarwal,Kitchen madhe sink khali pani ghalat ahe,Plumbing,High,In Progress,Dinesh Kapoor
CMP50509,Palm Grove Residences,C-1217,Komal Sharma,Party in neighboring flat - very loud till 2 AM.,Noise,Critical,Resolved,Kiran Menon
CMP65545,Vasant Vihar Apartments,C-1280,Rohit Kulkarni,Gym AC insufficient - too hot inside.,Gym,Low,Resolved,Amit Desai
CMP16818,The Imperial Towers,D-1220,Vikas Reddy,Overhead tank overflow causing seepage.,Water Supply,Medium,Assigned,Mahesh Singh
CMP23956,Skyline Residency,D-1650,Sachin Kulkarni,Gym floor mat torn - slipping hazard.,Gym,Critical,Resolved,Mahesh Singh
CMP86561,Silver Oaks Apartment Owners Association,B-1551,Amit Agarwal,Pigeons nesting on AC outdoor unit.,Pest Control,Low,Assigned,Deepika Gupta
CMP95599,Blue Horizons CHS,B-2024,Seema Shah,Inverter not charging - keeps beeping.,Electrical,Low,Resolved,Ashok Reddy
CMP28207,The Imperial Towers,A-583,Anjali Sinha,Main MCB tripping frequently.,Electrical,Low,Open,Kavita Sinha
CMP92911,Emerald Bay CHS,D-1940,Anil Desai,No separate bin for medical waste.,Waste Management,Medium,In Progress,Jyoti Patel
CMP22139,Vasant Vihar Apartments,A-1737,Preeti Bose,No separate bin for medical waste.,Waste Management,Critical,In Progress,Ravi Agarwal
CMP26259,Emerald Bay CHS,A-1488,Abhishek Rao,Parking slot number faded - need repainting.,Parking,Medium,In Progress,Ravi Agarwal
CMP27411,Ocean View CHS,C-1254,Nisha Das,Water supply timing irregular - unpredictable.,Water Supply,Low,Assigned,Kavita Sinha
CMP67554,Orchid Petals Society,C-461,Manoj Bose,Neighbor using my second parking without permission.,Parking,Medium,Assigned,Varun Reddy
CMP20116,Ruby Residency,B-2184,Varun Iyer,CCTV camera kaam karat nahi,Security,Medium,Resolved,Swati Reddy
CMP12664,Grandeur Park Residences,D-1607,Ravi Reddy,Staircase railing loose - can cause accident.,Common Area,High,Open,Ravi Patel
CMP65788,Pearl Residency,D-105,Ajay Patel,Ants everywhere in kitchen despite cleaning.,Pest Control,Critical,Open,Jyoti Desai
CMP18148,Cedar Crest Society,A-1524,Nisha Shah,Vehicle horn being used unnecessarily in society.,Noise,Medium,In Progress,Mahesh Singh
CMP88651,Crystal Heights,A-2451,Anil Desai,Security guard duty pe nahi hai,Security,Low,Assigned,Kavita Sinha
CMP24349,Vasant Vihar Apartments,A-657,Anjali Iyer,Garbage bags torn by stray dogs.,Waste Management,Medium,Resolved,Amit Iyer
CMP50701,Victoria Apartments,D-1356,Sneha Desai,Termites eating wooden furniture.,Pest Control,Low,Resolved,Kavita Sinha
CMP79712,Lotus Boulevard,A-1129,Rupali Desai,Water motor making loud noise at night.,Water Supply,Medium,Open,Varun Reddy
CMP87265,Serene Waters Society,A-1925,Rajesh Nair,MCB baar baar trip ho raha hai,Electrical,High,Assigned,Shweta Iyer
CMP14268,Sapphire Heights Cooperative Housing Society,C-176,Nitin Shah,Hot water geyser not functioning.,Plumbing,Medium,In Progress,Kiran Menon
CMP46294,Platinum Towers,C-1102,Manisha Reddy,Children's play area swings broken.,Garden,Critical,Resolved,Deepika Gupta
CMP66337,Silver Oaks Apartment Owners Association,D-281,Amit Rao,Plastic waste burning in society - health hazard.,Waste Management,Critical,Assigned,Sachin Joshi
CMP61926,Platinum Towers,C-2146,Shweta Kulkarni,Lift number 2 has stopped working.,Lift,High,Resolved,Sachin Joshi
CMP66468,Silver Oaks Apartment Owners Association,D-2278,Kiran Agarwal,No water supply since morning in our flat.,Water Supply,Medium,Open,Madhuri Kulkarni
CMP86309,Spring Gardens CHS,A-847,Swati Nair,Lift stuck between floors - very dangerous.,Lift,Medium,Resolved,Kavita Sinha
CMP35250,Platinum Towers,C-1477,Ajay Malhotra,Dumbbell weights missing - incomplete set.,Gym,Critical,In Progress,Varun Kulkarni
CMP85186,Eco-Village CHS,C-2080,Sneha Joshi,Lift cabin light not working - dark inside.,Lift,Low,Open,Ravi Agarwal
CMP83762,Spring Gardens CHS,A-632,Jyoti Kumar,Corridor light not working - very dark.,Common Area,Low,In Progress,Rupali Desai
CMP69435,Maple Woods Enclave,A-1844,Shweta Desai,Gym mirror cracked - dangerous.,Gym,Low,Open,Kiran Menon
CMP23932,Silver Oaks Apartment Owners Association,B-1066,Swati Chopra,Doorbell not functioning.,Electrical,High,Open,Varun Kulkarni
CMP16136,Palm Grove Residences,A-2499,Vikas Pillai,Table tennis rackets and balls missing.,Clubhouse,Critical,Assigned,Ravi Das
CMP48697,Harmony Heights,C-1220,Anita Joshi,Lawn grass overgrown - needs cutting.,Garden,Critical,In Progress,Ritu Malhotra
CMP57162,Ruby Residency,C-1794,Sandeep Gupta,Mere slot mein kisi ne gaadi park kar di hai yaar,Parking,Low,Open,Nisha Kumar
CMP37796,Golden Gate Apartments,D-1994,Ramesh Iyer,Plastic waste burning in society - health hazard.,Waste Management,Low,Resolved,Jyoti Patel
CMP67966,Desert Rose Apartments,A-2383,Nitin Gupta,Fan awaaz kar raha hai,Electrical,Medium,Open,Mahesh Singh
CMP29033,Vasant Vihar Apartments,C-1468,Pooja Kumar,Gym door lock jammed.,Gym,Critical,Open,Sachin Joshi
CMP53721,Zenith Towers,D-2333,Suresh Mehta,Party in neighboring flat - very loud till 2 AM.,Noise,Critical,Assigned,Ravi Agarwal
CMP76841,Grandeur Park Residences,B-1166,Ritu Kumar,Party in neighboring flat - very loud till 2 AM.,Noise,Critical,Resolved,Mahesh Das
CMP43889,Eco-Village CHS,B-136,Amit Kapoor,Very low water pressure on higher floors.,Water Supply,Critical,Assigned,Shruti Singh
CMP80410,Cedar Crest Society,D-2039,Ajay Mehta,Lift door sensor faulty - closes too fast.,Lift,Medium,Resolved,Ravi Das
CMP72588,Hillview Cooperative Housing Society,C-1557,Anil Menon,Car scratched by another vehicle in parking.,Parking,Critical,Resolved,Varun Kulkarni
CMP87402,Ruby Residency,B-560,Shweta Desai,Pool tiles broken - can cause injury.,Swimming Pool,Critical,Open,Mahesh Das
CMP50484,Hillview Cooperative Housing Society,B-2041,Ravi Agarwal,There is water leakage below the kitchen sink.,Plumbing,High,Open,Nisha Kumar
CMP88638,Ocean View CHS,A-1935,Kavita Reddy,Lift cabin light not working - dark inside.,Lift,Medium,In Progress,Rupali Desai
CMP51699,Golden Gate Apartments,B-325,Manoj Nair,Pool ladder rusted and unsafe.,Swimming Pool,High,Resolved,Manisha Das
CMP86913,Platinum Towers,C-948,Madhuri Reddy,Clubhouse booking system not functioning.,Clubhouse,Medium,Open,Shweta Iyer
CMP19595,Vasant Vihar Apartments,D-947,Deepika Kulkarni,Garbage collection timing too early.,Waste Management,Low,Assigned,Madhuri Das
CMP11638,Palm Grove Residences,D-845,Suresh Iyer,Garbage chute door broken.,Housekeeping,Critical,Resolved,Nisha Kumar
CMP72130,Sapphire Heights Cooperative Housing Society,B-1049,Neha Kapoor,Garden lights not functioning at night.,Garden,Low,Resolved,Rupali Desai
CMP50157,Diamond Plaza,A-1593,Rupali Reddy,Gym exhaust fan not working - suffocating.,Gym,Medium,Open,Varun Reddy
CMP78323,Ruby Residency,A-696,Manoj Verma,Two-wheeler parked in car parking area.,Parking,Medium,In Progress,Ritu Nair
CMP30995,Vasant Vihar Apartments,B-464,Varun Sharma,Yoga room floor mat torn and unhygienic.,Clubhouse,Medium,Open,Ravi Reddy
CMP63498,Crystal Heights,A-1033,Sandeep Verma,Gym mirror cracked - dangerous.,Gym,Critical,In Progress,Varun Reddy
CMP51801,Whispering Willows CHS,C-846,Suresh Joshi,Children's pool empty and dirty.,Swimming Pool,Low,Resolved,Madhuri Kulkarni
CMP58776,Banyan Tree Residences,C-181,Amit Rao,Hot water geyser not functioning.,Plumbing,Low,In Progress,Kiran Menon
CMP18288,The Pinnacle CHS,C-474,Shweta Mehta,Neighbor playing loud music late at night.,Noise,Critical,Assigned,Ravi Das
CMP13821,Grandeur Park Residences,A-1415,Ajay Pillai,Pigeons nesting on AC outdoor unit.,Pest Control,Medium,Resolved,Deepika Gupta
CMP27066,Green Meadows CHS Ltd.,B-232,Vikram Agarwal,Lift number 2 has stopped working.,Lift,High,In Progress,Kiran Menon
CMP81010,Banyan Tree Residences,A-2395,Suresh Sinha,Garbage collection timing too early.,Waste Management,Low,In Progress,Ritu Nair
CMP90499,Harmony Heights,A-915,Vikram Kumar,Gym timings board removed.,Gym,Medium,Resolved,Ravi Das
CMP61278,Orchid Petals Society,D-1150,Seema Reddy,A vehicle is blocking my parking slot.,Parking,Critical,Assigned,Ravi Das
CMP30568,Hillview Cooperative Housing Society,C-1593,Rohit Chopra,Spider webs all over balcony.,Pest Control,Low,Assigned,Rupali Desai
CMP84554,Maple Woods Enclave,D-1052,Suresh Nair,A vehicle is blocking my parking slot.,Parking,Low,Open,Nisha Kumar
CMP83063,Skyline Residency,D-2056,Kavita Sharma,Dustbin overflowing in common area.,Housekeeping,High,In Progress,Swati Reddy
CMP92298,Sapphire Heights Cooperative Housing Society,D-1359,Pallavi Gupta,Music practice during afternoon quiet hours.,Noise,Critical,Open,Jyoti Desai
CMP88965,Lotus Boulevard,D-1086,Komal Menon,Boom barrier hitting car roof - too low.,Parking,High,Assigned,Swati Reddy
CMP94868,Lotus Boulevard,B-2365,Sachin Sharma,Leakage from ceiling - upstairs neighbor may have issue.,Plumbing,High,Resolved,Rajesh Sinha
CMP70754,The Pinnacle CHS,A-2237,Amit Sharma,Letter box lock broken - security risk.,Common Area,High,Assigned,Jyoti Desai
CMP14053,The Imperial Towers,A-1559,Anil Bose,Underground tank needs urgent cleaning.,Water Supply,High,Resolved,Ravi Agarwal
CMP33039,Vasant Vihar Apartments,C-565,Jyoti Rao,Garden gate lock broken.,Garden,Medium,In Progress,Varun Reddy
CMP40309,Orchid Petals Society,C-2276,Sunita Shah,Very low water pressure on higher floors.,Water Supply,Medium,In Progress,Rupali Desai
CMP81122,Silver Springs,A-404,Sanjay Chopra,Service lift out of order since morning.,Lift,Low,Resolved,Amit Iyer
CMP34770,Harmony Heights,C-1810,Shruti Singh,Common area notice board glass broken.,Common Area,Medium,Assigned,Kiran Menon
CMP14759,Orchid Petals Society,C-1933,Pallavi Pillai,Corridor light not working - very dark.,Common Area,High,Resolved,Ritu Malhotra
CMP29723,Eco-Village CHS,B-436,Anita Bose,Visitor entered without proper verification.,Security,Critical,In Progress,Rajesh Sinha
CMP97122,Green Meadows CHS Ltd.,C-1575,Shweta Desai,Cobwebs all over corridor ceiling.,Housekeeping,Critical,Open,Abhishek Sharma
CMP17705,Green Meadows CHS Ltd.,C-367,Anjali Gupta,Lift kharab jhali ahe,Lift,High,Assigned,Manisha Das
CMP89213,Desert Rose Apartments,C-856,Vikram Kapoor,Lift making strange grinding noise.,Lift,High,Resolved,Nisha Kumar
CMP44111,Sapphire Heights Cooperative Housing Society,A-788,Vikas Verma,Clubhouse washroom taps not working.,Clubhouse,Medium,Open,Amit Desai
CMP92424,The Meadows,C-2157,Abhishek Iyer,Table tennis rackets and balls missing.,Clubhouse,Medium,Assigned,Mahesh Singh
CMP46305,Diamond Plaza,A-842,Suresh Sharma,Gym equipment broken and unsafe to use.,Clubhouse,Low,Open,Madhuri Das
CMP32057,Spring Gardens CHS,A-1073,Rajesh Iyer,Neighbor playing loud music late at night.,Noise,High,Open,Manisha Das
CMP81990,Blue Horizons CHS,D-1964,Neha Singh,Gym equipment broken and unsafe to use.,Clubhouse,High,Open,Shruti Singh
CMP54179,Shanti Vihar Apartments,A-1418,Shruti Gupta,Bhai bathroom ke niche se paani leak ho raha hai,Plumbing,Critical,Resolved,Ravi Reddy
CMP38086,Blue Horizons CHS,A-712,Sandeep Shah,Clubhouse washroom taps not working.,Clubhouse,Critical,Open,Jyoti Desai
CMP97675,Platinum Towers,A-1331,Pallavi Desai,Kitchen ka tap drip kar raha hai continuously,Plumbing,Medium,Resolved,Rupali Desai
CMP56834,Ocean View CHS,C-1250,Anita Sinha,Bore well pump not working.,Water Supply,Critical,Assigned,Rajesh Sinha
CMP17860,Sunrise Enclave,A-176,Pooja Reddy,Lift overload alarm malfunctioning.,Lift,Critical,Assigned,Ravi Reddy
CMP93518,Harmony Heights,D-1795,Preeti Pillai,Plastic waste burning in society - health hazard.,Waste Management,High,Open,Amit Iyer
CMP20931,Sunrise Enclave,C-343,Preeti Malhotra,Ants everywhere in kitchen despite cleaning.,Pest Control,Low,Resolved,Nisha Kumar
CMP12116,Cedar Crest Society,A-1260,Neha Pillai,Kitchen ka tap drip kar raha hai continuously,Plumbing,High,Open,Amit Desai
CMP84252,Sunrise Enclave,A-337,Kavita Sharma,Garden bench damaged and needs repair.,Garden,High,Resolved,Sachin Joshi
CMP47405,The Pinnacle CHS,D-388,Seema Mehta,Overhead tank overflow causing seepage.,Water Supply,Critical,Open,Abhishek Sharma
CMP22657,Emerald Bay CHS,B-1106,Neha Malhotra,Lift cabin light not working - dark inside.,Lift,High,Resolved,Mahesh Singh
CMP83691,Skyline Residency,B-342,Saurabh Verma,CCTV camera kaam nahi kar raha,Security,High,Open,Ravi Patel
CMP83537,The Imperial Towers,B-2213,Rupali Gupta,Loud arguments and shouting from neighbor's flat.,Noise,Medium,Assigned,Ravi Agarwal
CMP45968,Royal Enclave CHS,A-134,Pallavi Malhotra,Pool timings not displayed properly.,Swimming Pool,Critical,Resolved,Swati Reddy
CMP27381,Lotus Boulevard,C-2072,Swati Nair,Children's play area swings broken.,Garden,High,In Progress,Ravi Patel
CMP16405,Ruby Residency,C-2502,Sunita Desai,Lawn grass overgrown - needs cutting.,Garden,Critical,In Progress,Ritu Nair
CMP75875,Green Meadows CHS Ltd.,B-2412,Shweta Rao,Treadmill not working for past week.,Gym,High,Resolved,Ritu Malhotra
CMP65518,Banyan Tree Residences,D-201,Suresh Joshi,Children running and jumping in flat above ours.,Noise,Low,Assigned,Abhishek Sharma
CMP34014,Shanti Vihar Apartments,C-761,Ajay Shah,Lift making strange grinding noise.,Lift,High,Open,Varun Kulkarni
CMP44046,Banyan Tree Residences,B-1624,Neha Desai,Underground tank needs urgent cleaning.,Water Supply,Low,Resolved,Amit Iyer
CMP32344,Vasant Vihar Apartments,C-1470,Ramesh Das,Garden bench damaged and needs repair.,Garden,Low,Assigned,Jyoti Desai
CMP55364,Golden Heights,D-337,Mahesh Reddy,Heavy furniture being dragged at odd hours.,Noise,Medium,Open,Rajesh Sinha
CMP56899,Emerald Bay CHS,B-1678,Anjali Rao,Lobby ceiling leakage during rain.,Common Area,Medium,In Progress,Shruti Singh
CMP24394,Green Meadows CHS Ltd.,C-2310,Pankaj Rao,Car scratched by another vehicle in parking.,Parking,Medium,Open,Ravi Agarwal
CMP34310,Grandeur Park Residences,C-2351,Shruti Iyer,Drainage pipe blocked - water overflowing in bathroom.,Plumbing,Low,Open,Madhuri Kulkarni
CMP45461,Shanti Vihar Apartments,D-479,Neha Verma,No water supply since morning in our flat.,Water Supply,Critical,Assigned,Dinesh Kapoor
CMP49104,Maple Woods Enclave,B-2497,Komal Kapoor,Mere parking mein koi aur gaadi khadi hai,Parking,Low,Assigned,Dinesh Kapoor
CMP88275,Whispering Willows CHS,A-290,Nitin Nair,Lift full kharab hai bhai,Lift,Critical,Open,Rajesh Sinha
CMP76290,Orchid Petals Society,C-1328,Komal Sharma,Common area notice board glass broken.,Common Area,Critical,Resolved,Kiran Menon
CMP10796,Shanti Vihar Apartments,B-2350,Pallavi Bose,Clubhouse lights not working in evening.,Clubhouse,Critical,Assigned,Madhuri Kulkarni
CMP87599,Maple Woods Enclave,A-2353,Ravi Bose,Water supply timing irregular - unpredictable.,Water Supply,Low,In Progress,Ravi Agarwal
CMP28746,Palm Grove Residences,B-2327,Madhuri Pillai,E-waste collection bin overflowing.,Waste Management,High,Resolved,Kiran Menon
CMP41559,Maple Woods Enclave,A-2158,Rohit Patel,Theft reported - jewellery stolen from flat.,Security,High,Resolved,Sachin Joshi
CMP89171,Zenith Towers,B-604,Pooja Desai,Cockroaches coming from neighbor's flat.,Pest Control,High,Assigned,Shweta Iyer
CMP94423,Sunset Point Apartments,D-1308,Abhishek Agarwal,Pigeons nesting on AC outdoor unit.,Pest Control,Low,Open,Shruti Singh
CMP11250,Cedar Crest Society,A-1700,Pankaj Kumar,There is water leakage below the kitchen sink.,Plumbing,High,Assigned,Ravi Agarwal
CMP82832,The Pinnacle CHS,B-1507,Sachin Iyer,Emergency exit door jammed and locked.,Common Area,Critical,Resolved,Jyoti Desai
CMP58115,Sapphire Heights Cooperative Housing Society,A-2350,Sunita Mehta,Cobwebs all over corridor ceiling.,Housekeeping,High,Open,Ravi Patel
CMP31408,Pearl Residency,C-313,Meera Sharma,Dog waste not cleaned from garden regularly.,Garden,High,Assigned,Madhuri Das
CMP83430,Palm Grove Residences,A-1111,Dinesh Menon,Plants dying due to lack of maintenance.,Garden,Critical,Resolved,Manisha Das
CMP60546,Sunset Point Apartments,D-2360,Suresh Das,Flush kharab jhala ahe,Plumbing,High,Resolved,Rajesh Sinha
CMP63320,Grandeur Park Residences,A-2092,Neha Das,Lift cabin light not working - dark inside.,Lift,Low,Assigned,Ashok Reddy
CMP55691,Maple Woods Enclave,D-824,Sachin Gupta,Waste segregation bins not provided on our floor.,Waste Management,Medium,Assigned,Madhuri Das
CMP77887,Silver Oaks Apartment Owners Association,D-1599,Shruti Malhotra,Majhya parking madhe dusryachi gaadi ubhi ahe,Parking,High,In Progress,Rajesh Sinha
CMP11724,Sunrise Enclave,C-524,Manoj Iyer,Doorbell not functioning.,Electrical,Critical,In Progress,Madhuri Das
CMP24139,Serene Waters Society,A-868,Madhuri Desai,Dumbbell weights missing - incomplete set.,Gym,Critical,Assigned,Varun Reddy
CMP10699,Silver Springs,D-247,Nitin Das,Kitchen ka tap drip kar raha hai continuously,Plumbing,High,Resolved,Manisha Das
CMP73533,Ocean View CHS,B-1240,Manisha Patel,Water pressure very low in kitchen.,Plumbing,Low,Open,Ravi Patel
CMP57703,Royal Enclave CHS,D-1298,Anjali Mehta,A vehicle is blocking my parking slot.,Parking,Low,Open,Shweta Iyer
CMP30534,Royal Enclave CHS,D-1999,Kavita Gupta,Bore well pump not working.,Water Supply,Low,Open,Madhuri Kulkarni
CMP74517,Desert Rose Apartments,D-458,Rakesh Menon,Lift full kharab hai bhai,Lift,Medium,Resolved,Amit Iyer
CMP43458,Grandeur Park Residences,B-1085,Sanjay Mehta,Common area wall paint peeling off.,Common Area,Critical,In Progress,Jyoti Patel
CMP40544,Harmony Heights,B-2019,Manoj Kapoor,Gym mirror cracked - dangerous.,Gym,High,Open,Kiran Menon
CMP31901,Royal Enclave CHS,B-307,Sanjay Pillai,Loud arguments and shouting from neighbor's flat.,Noise,Critical,In Progress,Swati Reddy
CMP61803,Diamond Plaza,D-1688,Pooja Pillai,Lawn grass overgrown - needs cutting.,Garden,Low,In Progress,Ritu Nair
CMP54074,Sunrise Enclave,A-1034,Neha Kumar,Dogs barking loudly throughout night.,Noise,Medium,In Progress,Mahesh Das
CMP39341,Vasant Vihar Apartments,C-150,Pallavi Bose,Doorbell not functioning.,Electrical,High,In Progress,Madhuri Kulkarni
CMP75288,Skyline Residency,C-1838,Preeti Mehta,Spider webs all over balcony.,Pest Control,High,Assigned,Sachin Joshi
CMP67887,Silver Oaks Apartment Owners Association,A-817,Ravi Shah,Waste segregation bins not provided on our floor.,Waste Management,Medium,Open,Kavita Sinha
CMP45471,Green Meadows CHS Ltd.,C-2114,Rohit Verma,Parking area mein paani bhara hua hai,Parking,Low,Resolved,Sachin Joshi
CMP45289,Royal Enclave CHS,B-897,Ajay Nair,Lizards entering flat from outside.,Pest Control,Low,In Progress,Madhuri Kulkarni
CMP85266,Crystal Heights,A-1501,Anita Sharma,Lift making strange grinding noise.,Lift,Medium,Assigned,Dinesh Kapoor
CMP60539,Orchid Petals Society,C-989,Kavita Joshi,Dog waste not cleaned from garden regularly.,Garden,High,Open,Rajesh Sinha
CMP57260,Palm Grove Residences,A-2384,Sanjay Desai,Lift cabin smelling bad - needs cleaning.,Housekeeping,High,Assigned,Swati Reddy
CMP46108,Pearl Residency,C-2189,Komal Reddy,Garden gate lock broken.,Garden,Medium,In Progress,Ravi Reddy
CMP14239,Grandeur Park Residences,D-660,Ashok Desai,Emergency exit door jammed and locked.,Common Area,Low,Resolved,Manisha Das
CMP84007,Pearl Residency,C-1487,Anil Malhotra,Pool ladder rusted and unsafe.,Swimming Pool,Low,Assigned,Ravi Patel
CMP58971,The Meadows,C-198,Madhuri Menon,Construction noise from upstairs flat during quiet hours.,Noise,Low,Resolved,Kiran Menon
CMP12252,The Pinnacle CHS,D-2303,Kiran Chopra,Very low water pressure on higher floors.,Water Supply,Medium,Resolved,Dinesh Kapoor
CMP51319,Grandeur Park Residences,A-423,Neha Pillai,Pool timings not displayed properly.,Swimming Pool,Critical,Assigned,Ashok Reddy
CMP62739,Victoria Apartments,B-160,Saurabh Mehta,Cobwebs all over corridor ceiling.,Housekeeping,Medium,Assigned,Jyoti Desai
CMP81103,Green Meadows CHS Ltd.,C-116,Sunita Reddy,Dog waste not cleaned from garden regularly.,Garden,Critical,In Progress,Rupali Desai
CMP68378,Spring Gardens CHS,C-1996,Pallavi Mehta,Bathroom ka tap band nahi ho raha,Plumbing,Medium,Assigned,Shruti Singh
CMP53275,Spring Gardens CHS,A-1768,Pallavi Shah,Fruit flies in kitchen - very unhygienic.,Pest Control,High,Assigned,Ritu Malhotra
CMP50570,Blue Horizons CHS,B-2329,Anil Iyer,Table tennis rackets and balls missing.,Clubhouse,Medium,In Progress,Madhuri Kulkarni
CMP79240,The Pinnacle CHS,C-1205,Manoj Pillai,Lobby floor tiles need mopping urgently.,Housekeeping,Low,In Progress,Kiran Menon
CMP18025,Victoria Apartments,D-1308,Suresh Gupta,Water coming muddy and dirty.,Water Supply,Medium,Resolved,Rupali Desai
CMP73562,Hillview Cooperative Housing Society,D-673,Nitin Rao,Common area wall paint peeling off.,Common Area,Critical,Open,Jyoti Desai
CMP35606,Crystal Heights,C-1083,Madhuri Singh,Bhai bathroom ke niche se paani leak ho raha hai,Plumbing,Critical,Open,Madhuri Das
CMP95664,Green Meadows CHS Ltd.,D-1373,Anjali Desai,Lift mein bahut awaaz aa rahi hai,Lift,Critical,In Progress,Ritu Malhotra
CMP58531,Maple Woods Enclave,D-2087,Nitin Pillai,Cobwebs all over corridor ceiling.,Housekeeping,Low,In Progress,Madhuri Kulkarni
CMP83418,The Imperial Towers,D-1461,Sneha Kapoor,Generator running continuously making too much noise.,Noise,Low,Open,Rajesh Sinha
CMP66591,Golden Heights,A-1974,Ramesh Singh,Parking area waterlogged after rain.,Parking,High,Open,Varun Reddy
CMP96543,The Pinnacle CHS,C-627,Kavita Mehta,Flush kharab hai,Plumbing,Medium,Assigned,Ashok Reddy
CMP50475,Sunset Point Apartments,C-2085,Seema Verma,Water motor making loud noise at night.,Water Supply,Medium,In Progress,Rupali Desai
CMP65025,Platinum Towers,A-1914,Saurabh Kumar,Lift number 2 has stopped working.,Lift,Critical,Open,Sachin Joshi
CMP32328,Platinum Towers,B-1789,Preeti Das,Clubhouse closed without prior notice.,Clubhouse,Medium,In Progress,Varun Reddy
CMP88904,Eco-Village CHS,A-824,Ramesh Reddy,Children's play area swings broken.,Garden,Medium,Assigned,Kavita Sinha
CMP71915,Victoria Apartments,B-2304,Vikram Rao,Weight machine cable broken.,Gym,Medium,Resolved,Manisha Das
CMP70517,Lotus Boulevard,D-1798,Manisha Iyer,Pigeons nesting on AC outdoor unit.,Pest Control,Low,Resolved,Ashok Reddy
CMP79107,The Pinnacle CHS,C-245,Vikas Mehta,Hot water geyser not functioning.,Plumbing,Medium,Assigned,Mahesh Das
CMP53765,Sunset Point Apartments,B-1209,Nisha Pillai,Too many mosquitoes - fogging required.,Pest Control,High,Assigned,Shruti Singh
CMP90762,Vasant Vihar Apartments,A-776,Dinesh Agarwal,Plants dying due to lack of maintenance.,Garden,Medium,Resolved,Ravi Reddy
CMP77233,The Pinnacle CHS,A-393,Manoj Pillai,Bhai bathroom ke niche se paani leak ho raha hai,Plumbing,Low,Resolved,Swati Reddy
CMP29106,Diamond Plaza,A-1736,Dinesh Reddy,Nameplate board outside flat damaged.,Common Area,Critical,In Progress,Ritu Malhotra
CMP92768,Diamond Plaza,B-947,Neha Das,Water coming muddy and dirty.,Water Supply,Medium,In Progress,Manisha Das
CMP90067,Sunrise Enclave,B-1898,Manoj Das,Lift overload alarm malfunctioning.,Lift,Critical,Assigned,Ravi Patel
CMP10277,Golden Gate Apartments,A-2007,Varun Joshi,Kitchen madhe sink khali pani ghalat ahe,Plumbing,Medium,Assigned,Ravi Patel
CMP99699,Maple Woods Enclave,A-2182,Rakesh Kulkarni,Garden bench damaged and needs repair.,Garden,Critical,Assigned,Ritu Nair
CMP93775,The Pinnacle CHS,A-1408,Swati Sharma,Termites eating wooden furniture.,Pest Control,Medium,Open,Ritu Malhotra
CMP51207,Maple Woods Enclave,B-130,Ravi Desai,Neighbor playing loud music late at night.,Noise,Low,In Progress,Mahesh Singh
CMP54950,Golden Heights,D-1124,Pooja Sharma,Music practice during afternoon quiet hours.,Noise,Critical,In Progress,Manisha Das
CMP31205,Whispering Willows CHS,A-215,Rohit Malhotra,Socket kaam nahi kar raha hai boss,Electrical,High,Open,Ravi Agarwal
CMP96957,Zenith Towers,A-1427,Nisha Sharma,Children's play area swings broken.,Garden,Medium,Open,Dinesh Kapoor
CMP38436,Hillview Cooperative Housing Society,D-543,Jyoti Verma,Kitchen sink drain clogged completely.,Plumbing,High,Assigned,Manisha Das
CMP60225,Paradise Heights,D-922,Komal Chopra,Garden bench damaged and needs repair.,Garden,Medium,Open,Mahesh Singh
CMP36722,The Pinnacle CHS,B-1582,Komal Kulkarni,Clubhouse washroom taps not working.,Clubhouse,Low,In Progress,Ravi Das
CMP12997,Emerald Bay CHS,D-1506,Komal Patel,CCTV camera kaam karat nahi,Security,Critical,Resolved,Ritu Nair
CMP85683,Hillview Cooperative Housing Society,C-2298,Sanjay Reddy,Leakage from ceiling - upstairs neighbor may have issue.,Plumbing,High,Resolved,Madhuri Kulkarni
CMP75086,Vasant Vihar Apartments,D-1000,Nitin Gupta,Emergency exit door jammed and locked.,Common Area,High,Assigned,Ravi Reddy
CMP56023,Skyline Residency,D-1810,Ritu Menon,Parking area madhe paani jamla ahe,Parking,Critical,In Progress,Madhuri Das
CMP18230,Paradise Heights,C-1472,Ajay Agarwal,Garbage chute door broken.,Housekeeping,Critical,Resolved,Kavita Sinha
CMP11081,Emerald Bay CHS,D-544,Sneha Kulkarni,Clubhouse closed without prior notice.,Clubhouse,Low,Assigned,Varun Kulkarni
CMP73091,Harmony Heights,A-789,Rohit Shah,Gym AC insufficient - too hot inside.,Gym,Low,Resolved,Deepika Gupta
CMP35456,Golden Gate Apartments,C-1112,Mahesh Iyer,Swimming pool water very dirty - not cleaned.,Clubhouse,High,In Progress,Rupali Desai
CMP52508,Sunrise Enclave,B-1809,Deepika Rao,Pankha awaaz karto,Electrical,Critical,Resolved,Ravi Das
CMP46446,Eco-Village CHS,B-1841,Mahesh Chopra,Cockroaches coming from neighbor's flat.,Pest Control,Medium,Assigned,Kiran Menon
CMP34351,Palm Grove Residences,C-1100,Rakesh Reddy,Life guard absent during pool hours.,Swimming Pool,Low,In Progress,Kavita Sinha
CMP68177,Palm Grove Residences,C-1085,Abhishek Pillai,Dogs barking loudly throughout night.,Noise,Critical,In Progress,Madhuri Das
CMP75477,Paradise Heights,C-332,Kiran Shah,Pool tiles broken - can cause injury.,Swimming Pool,High,In Progress,Ravi Das
CMP86075,Golden Heights,D-1404,Pankaj Agarwal,Ants everywhere in kitchen despite cleaning.,Pest Control,Medium,Resolved,Shweta Iyer
CMP43874,Victoria Apartments,A-2375,Ritu Mehta,Lift stuck between floors - very dangerous.,Lift,Critical,Open,Madhuri Das
CMP18671,Crystal Heights,C-2370,Varun Bose,Life guard absent during pool hours.,Swimming Pool,Critical,Resolved,Jyoti Patel
CMP83822,Grandeur Park Residences,D-2179,Deepika Agarwal,Children's play area swings broken.,Garden,Critical,In Progress,Ritu Nair
CMP38209,Platinum Towers,A-1693,Anjali Bose,Clubhouse washroom taps not working.,Clubhouse,Critical,Assigned,Amit Desai
CMP11850,Spring Gardens CHS,B-713,Sanjay Agarwal,Security guard kuch check hi nahi karta entry pe,Security,Medium,Assigned,Manisha Das
CMP17550,Blue Horizons CHS,A-122,Ashok Desai,CCTV toh kaam hi nahi karta,Security,High,Assigned,Swati Reddy
CMP25215,Sapphire Heights Cooperative Housing Society,A-1330,Swati Patel,Lawn grass overgrown - needs cutting.,Garden,Low,Assigned,Deepika Gupta
CMP30560,Golden Gate Apartments,D-2165,Suresh Chopra,Yaar light nahi aa rahi room mein,Electrical,Medium,Open,Sachin Joshi
CMP35264,Blue Horizons CHS,D-546,Seema Pillai,Main gate boom barrier not functioning.,Security,High,Open,Jyoti Patel
CMP99737,Palm Grove Residences,A-1633,Mahesh Verma,Pool tiles broken - can cause injury.,Swimming Pool,Critical,Resolved,Kiran Menon
CMP99773,Vasant Vihar Apartments,D-161,Amit Kapoor,Lift full kharab hai bhai,Lift,Medium,Assigned,Manisha Das
CMP33231,Silver Oaks Apartment Owners Association,A-1858,Nitin Shah,Children running and jumping in flat above ours.,Noise,Low,Assigned,Ravi Reddy
CMP60099,Golden Gate Apartments,A-1231,Saurabh Bose,Power socket in bedroom not working.,Electrical,Low,In Progress,Madhuri Kulkarni
CMP64827,The Meadows,B-1156,Kavita Kulkarni,Bhai bathroom ke niche se paani leak ho raha hai,Plumbing,High,Resolved,Amit Desai
CMP80458,Blue Horizons CHS,B-539,Deepika Gupta,Residents not segregating wet and dry waste.,Waste Management,Critical,Open,Amit Iyer
CMP58701,Platinum Towers,B-1788,Manisha Iyer,Lobby floor tiles need mopping urgently.,Housekeeping,Medium,In Progress,Rupali Desai
CMP82055,Palm Grove Residences,B-2478,Saurabh Kumar,Power socket in bedroom not working.,Electrical,High,Assigned,Mahesh Singh
CMP79751,Sapphire Heights Cooperative Housing Society,D-898,Pallavi Rao,Bathroom ka tap band nahi ho raha,Plumbing,High,Open,Kiran Menon
CMP78729,Banyan Tree Residences,A-489,Shruti Joshi,Dogs barking loudly throughout night.,Noise,Low,In Progress,Mahesh Singh
CMP25786,The Pinnacle CHS,B-928,Saurabh Singh,Hot water geyser not functioning.,Plumbing,High,Resolved,Rajesh Sinha
CMP68892,Silver Springs,D-864,Pooja Sinha,Parking full waterlogged hai,Parking,High,Assigned,Abhishek Sharma
CMP91455,Blue Horizons CHS,D-1448,Abhishek Nair,Water pipe burst in basement.,Water Supply,High,Resolved,Kiran Menon
CMP48238,The Pinnacle CHS,B-661,Sneha Sharma,Garden sprinklers not working properly.,Garden,High,In Progress,Madhuri Kulkarni
CMP23630,Sunrise Enclave,D-522,Anil Das,Letter box lock broken - security risk.,Common Area,Critical,In Progress,Madhuri Das
CMP69489,Pearl Residency,A-838,Ritu Reddy,Children's pool empty and dirty.,Swimming Pool,Medium,In Progress,Ravi Agarwal
CMP82969,Lotus Boulevard,B-818,Abhishek Mehta,Entrance door closer not working.,Common Area,Low,In Progress,Shweta Iyer
CMP46777,The Pinnacle CHS,B-1283,Komal Malhotra,Ants everywhere in kitchen despite cleaning.,Pest Control,Low,Resolved,Kavita Sinha
CMP33206,Shanti Vihar Apartments,B-640,Rupali Reddy,Clubhouse booking system not functioning.,Clubhouse,Low,Resolved,Ravi Das
CMP10676,Sunset Point Apartments,B-1426,Pankaj Joshi,Visitor entered without proper verification.,Security,Low,Resolved,Mahesh Das
CMP18365,Blue Horizons CHS,B-2196,Kavita Menon,Electric meter showing wrong reading.,Electrical,Medium,Resolved,Jyoti Desai
CMP16763,Skyline Residency,C-2251,Kavita Das,Inverter not charging - keeps beeping.,Electrical,Critical,In Progress,Sachin Joshi
CMP34185,The Imperial Towers,D-1239,Rajesh Reddy,Parking slot number faded - need repainting.,Parking,High,Open,Dinesh Kapoor
CMP35482,The Meadows,B-2179,Ajay Kapoor,Parking area mein paani bhara hua hai,Parking,Medium,Resolved,Sachin Joshi
CMP58678,Whispering Willows CHS,B-857,Pankaj Pillai,Waste segregation bins not provided on our floor.,Waste Management,Medium,Resolved,Swati Reddy
CMP66292,Lotus Boulevard,A-1797,Ashok Shah,Garden gate lock broken.,Garden,Low,In Progress,Rupali Desai
CMP75249,Eco-Village CHS,A-1321,Saurabh Nair,Housekeeping staff coming late daily.,Housekeeping,Critical,Open,Manisha Das
CMP61719,The Pinnacle CHS,D-2148,Swati Patel,WC seat broken and needs replacement.,Plumbing,High,Assigned,Rupali Desai
CMP37983,Emerald Bay CHS,D-1295,Madhuri Sharma,Kitchen ka tap drip kar raha hai continuously,Plumbing,High,Open,Jyoti Patel
CMP44434,Sunset Point Apartments,A-898,Swati Rao,Lift madhe khup awaaz yetoy,Lift,High,In Progress,Rupali Desai
CMP52152,Sunset Point Apartments,B-1071,Varun Sinha,Pool tiles broken - can cause injury.,Swimming Pool,Low,Open,Jyoti Desai
CMP35550,Desert Rose Apartments,D-874,Abhishek Desai,Garden lights not functioning at night.,Garden,Medium,Open,Shruti Singh
CMP92487,Cedar Crest Society,D-957,Kavita Shah,Lobby floor tiles need mopping urgently.,Housekeeping,High,Assigned,Shruti Singh
CMP64950,Whispering Willows CHS,D-1308,Mahesh Rao,Cobwebs all over corridor ceiling.,Housekeeping,High,Open,Ravi Das
CMP53556,Cedar Crest Society,D-1574,Shweta Desai,Gym door lock jammed.,Gym,Low,In Progress,Sachin Joshi
CMP32432,Pearl Residency,B-1112,Nitin Patel,Very low water pressure on higher floors.,Water Supply,High,Assigned,Shweta Iyer
CMP12023,Victoria Apartments,A-1451,Ashok Mehta,Gym equipment broken and unsafe to use.,Clubhouse,Low,Open,Ravi Patel
CMP50586,Paradise Heights,B-2131,Pallavi Kulkarni,Ants everywhere in kitchen despite cleaning.,Pest Control,Critical,Open,Mahesh Das
CMP45541,Ruby Residency,B-183,Preeti Malhotra,Bed bugs in bedroom - very serious problem.,Pest Control,Low,Resolved,Ravi Reddy
CMP37329,Lotus Boulevard,C-2488,Rohit Das,Bhai bathroom ke niche se paani leak ho raha hai,Plumbing,Low,In Progress,Amit Iyer
CMP26605,Cedar Crest Society,C-1008,Jyoti Rao,Music practice during afternoon quiet hours.,Noise,High,Assigned,Jyoti Patel
CMP89159,Desert Rose Apartments,A-554,Ramesh Kapoor,Pool ladder rusted and unsafe.,Swimming Pool,High,Resolved,Shruti Singh
CMP94017,Victoria Apartments,C-752,Nitin Joshi,Ants everywhere in kitchen despite cleaning.,Pest Control,High,Assigned,Mahesh Singh
CMP14755,Silver Springs,B-1502,Anil Sinha,Tube light flickering continuously.,Electrical,High,In Progress,Ravi Patel
CMP67286,The Pinnacle CHS,D-1642,Ramesh Pillai,Pool ladder rusted and unsafe.,Swimming Pool,High,Resolved,Amit Desai
CMP73774,Shanti Vihar Apartments,A-2366,Mahesh Reddy,Neighbor using my second parking without permission.,Parking,Low,In Progress,Dinesh Kapoor
CMP93287,Grandeur Park Residences,D-2338,Kavita Chopra,Shower area not functioning.,Swimming Pool,Low,In Progress,Madhuri Das
CMP76873,Ruby Residency,A-2214,Kavita Agarwal,Lizards entering flat from outside.,Pest Control,High,In Progress,Ashok Reddy
CMP49506,Whispering Willows CHS,D-2128,Pallavi Kumar,Cobwebs all over corridor ceiling.,Housekeeping,Medium,Resolved,Mahesh Singh
CMP82898,Whispering Willows CHS,D-1042,Manisha Joshi,Shower area not functioning.,Swimming Pool,Low,Assigned,Ravi Das
CMP49722,Diamond Plaza,B-1915,Priya Menon,Rat problem in our flat - need urgent pest control.,Pest Control,Low,In Progress,Ravi Reddy
CMP55649,Paradise Heights,B-1920,Swati Menon,Loud arguments and shouting from neighbor's flat.,Noise,Critical,Assigned,Amit Iyer
CMP54130,Lotus Boulevard,B-2492,Rohit Agarwal,Lobby floor tiles need mopping urgently.,Housekeeping,Medium,In Progress,Jyoti Patel
CMP74163,Paradise Heights,B-261,Pankaj Malhotra,Swimming pool water very dirty - not cleaned.,Clubhouse,Medium,Assigned,Shruti Singh
CMP19335,Spring Gardens CHS,B-229,Rakesh Reddy,Lift cabin light not working - dark inside.,Lift,High,In Progress,Ravi Agarwal
CMP84443,The Pinnacle CHS,A-519,Sunita Sinha,Swimming pool water very dirty - not cleaned.,Clubhouse,Critical,In Progress,Ashok Reddy
CMP24089,Paradise Heights,A-1860,Rajesh Kapoor,Bhai bathroom ke niche se paani leak ho raha hai,Plumbing,Critical,Resolved,Abhishek Sharma
CMP34078,Desert Rose Apartments,A-1415,Vikram Gupta,Lift ki door properly close nahi hoti,Lift,High,Resolved,Amit Iyer
CMP49132,Sapphire Heights Cooperative Housing Society,A-1224,Shweta Gupta,Emergency exit door jammed and locked.,Common Area,Critical,Resolved,Shweta Iyer
CMP11766,The Meadows,C-2462,Ravi Reddy,Ants everywhere in kitchen despite cleaning.,Pest Control,Critical,Resolved,Shweta Iyer
CMP51696,Golden Heights,B-1973,Vikas Iyer,Vehicle without society sticker parked for many days.,Parking,High,Assigned,Kavita Sinha
CMP91450,Diamond Plaza,D-959,Seema Singh,Socket kaam nahi kar raha hai boss,Electrical,Critical,In Progress,Jyoti Patel
CMP83068,Grandeur Park Residences,B-1111,Swati Desai,Emergency alarm button inside lift not working.,Lift,Critical,Resolved,Amit Iyer
CMP38215,Royal Enclave CHS,C-335,Vikram Reddy,CCTV camera kaam karat nahi,Security,Critical,Open,Ravi Reddy
CMP13569,Crystal Heights,D-2453,Sanjay Shah,Visitor entered without proper verification.,Security,Critical,Resolved,Abhishek Sharma
CMP56658,Platinum Towers,D-1120,Meera Nair,Gym mirror cracked - dangerous.,Gym,Critical,Assigned,Deepika Gupta
CMP17897,Sapphire Heights Cooperative Housing Society,A-1658,Ajay Gupta,E-waste collection bin overflowing.,Waste Management,Low,Resolved,Shweta Iyer
CMP21070,Royal Enclave CHS,A-1186,Pankaj Singh,Light switch broken - needs replacement.,Electrical,High,Open,Swati Reddy
CMP91651,Cedar Crest Society,D-2156,Pankaj Desai,Unauthorized persons using clubhouse facilities.,Clubhouse,Medium,In Progress,Mahesh Das
CMP17358,Grandeur Park Residences,A-2026,Sunita Singh,Unauthorized vehicle parked in society.,Security,Critical,Resolved,Amit Desai
CMP75356,Hillview Cooperative Housing Society,B-1181,Kavita Iyer,Pool water not chlorinated - unhygienic.,Swimming Pool,Low,Open,Manisha Das
CMP64429,Emerald Bay CHS,B-2308,Ravi Agarwal,Common area washroom very dirty.,Housekeeping,Low,Resolved,Mahesh Das
CMP36090,Ruby Residency,D-1091,Swati Kulkarni,Vehicle horn being used unnecessarily in society.,Noise,High,Open,Deepika Gupta
CMP71648,Ruby Residency,A-816,Ajay Reddy,Emergency alarm button inside lift not working.,Lift,Low,Resolved,Manisha Das
CMP33113,Vasant Vihar Apartments,C-1026,Meera Gupta,Two-wheeler parked in car parking area.,Parking,Critical,Open,Madhuri Kulkarni
CMP82035,Desert Rose Apartments,B-360,Nisha Verma,Nameplate board outside flat damaged.,Common Area,Medium,In Progress,Varun Reddy
CMP93400,Orchid Petals Society,B-1191,Preeti Nair,Gym equipment broken and unsafe to use.,Clubhouse,High,Resolved,Shweta Iyer
CMP88649,Maple Woods Enclave,B-126,Nisha Kapoor,Unauthorized persons using clubhouse facilities.,Clubhouse,Critical,In Progress,Amit Iyer
CMP73506,Emerald Bay CHS,A-1408,Vikram Mehta,A vehicle is blocking my parking slot.,Parking,Critical,In Progress,Sachin Joshi
CMP23134,The Imperial Towers,A-438,Rupali Sharma,Dog waste not cleaned from garden regularly.,Garden,High,Resolved,Mahesh Das
CMP16452,Eco-Village CHS,B-603,Shruti Desai,Cobwebs all over corridor ceiling.,Housekeeping,Low,Assigned,Madhuri Das
CMP28237,Golden Heights,C-102,Manisha Desai,Parking slot number faded - need repainting.,Parking,High,Resolved,Rajesh Sinha
CMP33192,Golden Heights,C-1073,Sneha Sharma,Corridor light not working - very dark.,Common Area,Low,Resolved,Rajesh Sinha
CMP43989,Ruby Residency,B-702,Vikram Kapoor,Letter box lock broken - security risk.,Common Area,Critical,Open,Ritu Nair
CMP81389,Maple Woods Enclave,C-1145,Nisha Menon,Geyser chalu nahi ho raha,Plumbing,Critical,Assigned,Amit Desai
CMP31076,Banyan Tree Residences,C-285,Deepika Nair,Dog waste not cleaned from garden regularly.,Garden,Low,Assigned,Nisha Kumar
CMP55588,Royal Enclave CHS,B-1021,Mahesh Agarwal,Dumbbell weights missing - incomplete set.,Gym,Medium,Assigned,Madhuri Das
CMP22081,Grandeur Park Residences,B-738,Ravi Desai,Clubhouse AC not working properly.,Clubhouse,Low,Assigned,Mahesh Singh
CMP27960,Ruby Residency,C-1905,Nisha Patel,Lift full kharab hai bhai,Lift,Medium,In Progress,Sachin Joshi
CMP36114,Silver Springs,D-2137,Ritu Kumar,Lift indicator showing wrong floor numbers.,Lift,Critical,Resolved,Jyoti Desai
CMP17506,Platinum Towers,B-1443,Anjali Rao,Overhead tank overflow causing seepage.,Water Supply,Medium,In Progress,Mahesh Das
CMP51912,Emerald Bay CHS,C-2064,Deepika Mehta,Children running and jumping in flat above ours.,Noise,Low,Assigned,Amit Desai
CMP19009,The Pinnacle CHS,D-643,Anita Reddy,Treadmill not working for past week.,Gym,Medium,Assigned,Rupali Desai
CMP66334,Vasant Vihar Apartments,C-1012,Neha Verma,Plants dying due to lack of maintenance.,Garden,Low,Open,Shruti Singh
CMP28707,Sunset Point Apartments,B-1425,Ritu Rao,Lift full kharab hai bhai,Lift,Low,Open,Ritu Nair
CMP21675,Spring Gardens CHS,C-2162,Vikas Kumar,No water supply since morning in our flat.,Water Supply,High,Resolved,Sachin Joshi
CMP26204,The Meadows,D-594,Swati Mehta,Ants everywhere in kitchen despite cleaning.,Pest Control,Medium,In Progress,Kiran Menon
CMP72135,The Meadows,D-1727,Meera Kapoor,Shower area not functioning.,Swimming Pool,Critical,Open,Amit Desai
CMP89304,Eco-Village CHS,B-2306,Shruti Reddy,Guest parking area always full - no space.,Parking,Critical,In Progress,Mahesh Singh
CMP57856,Sunrise Enclave,D-1375,Manisha Kulkarni,Common area notice board glass broken.,Common Area,Critical,Resolved,Ravi Patel
CMP14780,The Pinnacle CHS,D-181,Abhishek Mehta,Security not checking delivery personnel properly.,Security,Critical,Open,Shruti Singh
CMP16324,Harmony Heights,A-924,Jyoti Singh,Garbage not collected from our floor today.,Housekeeping,Medium,In Progress,Varun Kulkarni
CMP78452,Sapphire Heights Cooperative Housing Society,C-2347,Swati Sinha,Garden bench damaged and needs repair.,Garden,Critical,In Progress,Ravi Agarwal
CMP82488,The Imperial Towers,A-514,Kavita Kulkarni,Yaar light nahi aa rahi room mein,Electrical,Low,Assigned,Dinesh Kapoor
CMP86566,Orchid Petals Society,C-2430,Manisha Kulkarni,Parking slot number faded - need repainting.,Parking,Medium,In Progress,Ravi Das
CMP71791,Palm Grove Residences,C-1981,Shruti Pillai,Heavy furniture being dragged at odd hours.,Noise,Medium,In Progress,Dinesh Kapoor
CMP11747,Diamond Plaza,B-1713,Nitin Joshi,Garden gate lock broken.,Garden,Critical,In Progress,Nisha Kumar
CMP40945,Vasant Vihar Apartments,A-1202,Sneha Iyer,Anjan aadmi basement mein ghoom raha tha,Security,High,In Progress,Manisha Das
CMP83936,Blue Horizons CHS,B-538,Priya Rao,Swimming pool water very dirty - not cleaned.,Clubhouse,Medium,In Progress,Amit Desai
CMP89430,Skyline Residency,C-2429,Dinesh Kapoor,Pool timings not displayed properly.,Swimming Pool,Medium,Assigned,Abhishek Sharma
CMP13656,Cedar Crest Society,D-1452,Ritu Bose,Ceiling fan making noise and wobbling.,Electrical,Low,Open,Deepika Gupta
CMP57476,Serene Waters Society,C-1671,Rajesh Pillai,Yaar light nahi aa rahi room mein,Electrical,High,Assigned,Mahesh Singh
CMP38066,Ruby Residency,B-2238,Ritu Menon,Plants dying due to lack of maintenance.,Garden,Critical,Assigned,Shweta Iyer
CMP86958,Sapphire Heights Cooperative Housing Society,C-2321,Rakesh Rao,Clubhouse washroom taps not working.,Clubhouse,Critical,Open,Nisha Kumar
CMP25526,Victoria Apartments,D-1257,Swati Singh,Visitor entered without proper verification.,Security,Critical,Resolved,Ravi Reddy
CMP44792,Spring Gardens CHS,B-1477,Sanjay Joshi,Too many mosquitoes - fogging required.,Pest Control,Critical,Resolved,Sachin Joshi
CMP17237,Sunset Point Apartments,D-602,Swati Malhotra,Unknown person loitering in basement parking.,Security,High,In Progress,Varun Reddy
CMP80040,Zenith Towers,B-1914,Sanjay Bose,Cobwebs all over corridor ceiling.,Housekeeping,High,Resolved,Kavita Sinha
CMP94877,Blue Horizons CHS,D-1040,Deepika Patel,Bhai bathroom ke niche se paani leak ho raha hai,Plumbing,Low,Open,Kavita Sinha
CMP77028,Cedar Crest Society,B-2178,Madhuri Reddy,Garbage not collected from our floor today.,Housekeeping,Critical,Assigned,Amit Iyer
CMP81344,Lotus Boulevard,B-1370,Anjali Das,Bhai bathroom ke niche se paani leak ho raha hai,Plumbing,High,Open,Abhishek Sharma
CMP58005,Blue Horizons CHS,C-1767,Rupali Agarwal,Ants everywhere in kitchen despite cleaning.,Pest Control,Medium,Open,Deepika Gupta
CMP58679,Whispering Willows CHS,D-474,Sneha Iyer,Vehicle without society sticker parked for many days.,Parking,Critical,Resolved,Mahesh Das
CMP98744,Whispering Willows CHS,B-1567,Ramesh Agarwal,Common area notice board glass broken.,Common Area,Critical,Assigned,Jyoti Patel
CMP66977,Eco-Village CHS,B-1310,Jyoti Menon,Garden bench damaged and needs repair.,Garden,Critical,Assigned,Nisha Kumar
CMP20473,Green Meadows CHS Ltd.,A-444,Ramesh Patel,Garbage chute door broken.,Housekeeping,Low,Assigned,Varun Kulkarni
CMP56965,Sunrise Enclave,D-1436,Amit Pillai,Common area notice board glass broken.,Common Area,Critical,Resolved,Ritu Nair
CMP62287,Orchid Petals Society,A-1754,Sandeep Agarwal,Common area washroom very dirty.,Housekeeping,Medium,Resolved,Manisha Das
CMP45234,Orchid Petals Society,B-2105,Kiran Joshi,Vehicle horn being used unnecessarily in society.,Noise,Low,Resolved,Ravi Reddy
CMP85889,Platinum Towers,C-581,Sneha Shah,Clubhouse washroom taps not working.,Clubhouse,Medium,Resolved,Ravi Reddy
CMP59730,Sapphire Heights Cooperative Housing Society,C-766,Vikas Singh,Dustbin overflowing in common area.,Housekeeping,Critical,Assigned,Jyoti Desai
CMP56352,Grandeur Park Residences,C-934,Mahesh Sinha,Water pipe burst in basement.,Water Supply,Low,Open,Mahesh Singh
CMP49417,Silver Oaks Apartment Owners Association,A-806,Vikram Agarwal,Leakage from ceiling - upstairs neighbor may have issue.,Plumbing,Low,Assigned,Amit Desai
CMP13768,Desert Rose Apartments,A-434,Nitin Kulkarni,Flush kharab jhala ahe,Plumbing,Critical,Assigned,Ritu Malhotra
CMP62846,Paradise Heights,A-273,Komal Kulkarni,Entrance door closer not working.,Common Area,Low,Assigned,Mahesh Das
CMP47679,Diamond Plaza,C-2230,Sachin Sinha,Parking area mein paani bhara hua hai,Parking,Critical,Resolved,Jyoti Patel
CMP87448,Sapphire Heights Cooperative Housing Society,C-382,Nisha Iyer,Shower area not functioning.,Swimming Pool,Critical,Resolved,Swati Reddy
CMP54931,Green Meadows CHS Ltd.,A-1191,Ajay Malhotra,Garbage chute door broken.,Housekeeping,Critical,In Progress,Amit Iyer
CMP23598,Emerald Bay CHS,C-1316,Jyoti Bose,Electric meter showing wrong reading.,Electrical,Medium,Resolved,Ritu Nair
CMP60714,Royal Enclave CHS,A-688,Komal Bose,Lift full kharab hai bhai,Lift,Critical,Open,Dinesh Kapoor
CMP52320,Eco-Village CHS,A-1171,Suresh Patel,Table tennis rackets and balls missing.,Clubhouse,High,Open,Varun Reddy
CMP11806,Pearl Residency,D-140,Ajay Rao,AC point not providing power.,Electrical,Medium,In Progress,Amit Iyer
CMP64724,Golden Heights,A-1547,Varun Agarwal,Light jal nahi rahi,Electrical,High,In Progress,Jyoti Patel
CMP73419,Royal Enclave CHS,D-1701,Pallavi Gupta,Bathroom exhaust fan making noise and not working.,Plumbing,Low,Assigned,Deepika Gupta
CMP34349,Victoria Apartments,A-1613,Saurabh Menon,There is water leakage below the kitchen sink.,Plumbing,Low,Resolved,Ravi Reddy
CMP17725,Silver Oaks Apartment Owners Association,A-792,Preeti Kulkarni,Gym floor mat torn - slipping hazard.,Gym,Medium,Resolved,Amit Desai
CMP21317,The Pinnacle CHS,C-2092,Anil Kapoor,Garden bench damaged and needs repair.,Garden,Critical,Open,Mahesh Das
CMP38068,Serene Waters Society,C-1453,Ravi Kulkarni,Yaar light nahi aa rahi room mein,Electrical,Critical,Assigned,Mahesh Singh
CMP74539,Emerald Bay CHS,A-912,Ravi Iyer,Drainage pipe blocked - water overflowing in bathroom.,Plumbing,High,Assigned,Ravi Agarwal
CMP75176,Sapphire Heights Cooperative Housing Society,C-1118,Pallavi Kulkarni,Water pressure very low in kitchen.,Plumbing,Low,Resolved,Sachin Joshi
CMP41165,Green Meadows CHS Ltd.,B-880,Jyoti Das,Bore well pump not working.,Water Supply,Medium,In Progress,Mahesh Singh
CMP17399,Green Meadows CHS Ltd.,A-1203,Dinesh Verma,Leakage from ceiling - upstairs neighbor may have issue.,Plumbing,Medium,Assigned,Ravi Reddy
CMP93124,Diamond Plaza,D-1371,Jyoti Nair,Theft reported - jewellery stolen from flat.,Security,Medium,Open,Sachin Joshi
CMP79288,Crystal Heights,D-427,Shweta Bose,Dustbin overflowing in common area.,Housekeeping,Medium,Assigned,Dinesh Kapoor
CMP99418,Grandeur Park Residences,C-1668,Rakesh Singh,Clubhouse AC not working properly.,Clubhouse,High,Assigned,Varun Reddy
CMP37721,Diamond Plaza,C-1617,Madhuri Das,Weight machine cable broken.,Gym,High,Assigned,Mahesh Singh
CMP90668,Harmony Heights,A-1868,Priya Joshi,Electric meter showing wrong reading.,Electrical,Critical,Open,Ravi Patel
CMP88759,Orchid Petals Society,B-815,Vikram Kumar,Generator running continuously making too much noise.,Noise,Critical,Open,Kiran Menon
CMP50601,Paradise Heights,C-443,Meera Gupta,Children running and jumping in flat above ours.,Noise,Critical,Assigned,Varun Reddy
CMP51995,Royal Enclave CHS,D-2372,Pooja Singh,Kitchen ka tap drip kar raha hai continuously,Plumbing,Low,In Progress,Jyoti Desai
CMP78691,Paradise Heights,C-1372,Nisha Iyer,Common area notice board glass broken.,Common Area,Medium,Resolved,Ritu Nair
CMP47867,Golden Gate Apartments,A-1042,Priya Rao,Mere slot mein kisi ne gaadi park kar di hai yaar,Parking,Medium,Assigned,Mahesh Das
CMP16720,Desert Rose Apartments,B-2501,Madhuri Bose,Yoga room floor mat torn and unhygienic.,Clubhouse,High,Assigned,Kavita Sinha
CMP47033,Golden Heights,C-1742,Pallavi Bose,Table tennis rackets and balls missing.,Clubhouse,Medium,Resolved,Amit Iyer
CMP57673,Vasant Vihar Apartments,D-756,Vikas Gupta,CCTV toh kaam hi nahi karta,Security,Medium,In Progress,Sachin Joshi
CMP65230,Zenith Towers,D-1493,Sneha Bose,Bathroom exhaust fan making noise and not working.,Plumbing,High,In Progress,Swati Reddy
CMP85550,Ruby Residency,D-1952,Sunita Das,Bathroom tap is dripping continuously - water wastage.,Plumbing,Medium,Resolved,Varun Kulkarni
CMP75549,Hillview Cooperative Housing Society,C-742,Shruti Das,Boom barrier hitting car roof - too low.,Parking,Medium,In Progress,Swati Reddy
CMP45512,Golden Gate Apartments,A-780,Komal Menon,Majhya parking madhe dusryachi gaadi ubhi ahe,Parking,Medium,Assigned,Swati Reddy
CMP66295,Spring Gardens CHS,A-728,Ajay Shah,Lift overload alarm malfunctioning.,Lift,Low,In Progress,Amit Desai
CMP49071,Golden Heights,A-1607,Ravi Chopra,Unauthorized persons using clubhouse facilities.,Clubhouse,Medium,Assigned,Amit Desai
CMP46268,Emerald Bay CHS,C-151,Varun Kapoor,Water motor making loud noise at night.,Water Supply,Medium,Open,Ashok Reddy
CMP23490,Shanti Vihar Apartments,C-2089,Amit Verma,Dogs barking loudly throughout night.,Noise,Low,In Progress,Ravi Agarwal
CMP29589,Pearl Residency,A-1301,Sneha Joshi,Bathroom exhaust fan making noise and not working.,Plumbing,Critical,Open,Rupali Desai
CMP70120,Palm Grove Residences,C-413,Ravi Menon,Mere slot mein kisi ne gaadi park kar di hai yaar,Parking,Critical,Assigned,Ravi Agarwal
CMP79393,Sunrise Enclave,A-835,Manoj Sinha,Sweeper not doing job properly.,Housekeeping,Low,In Progress,Mahesh Singh
CMP27125,Desert Rose Apartments,A-1009,Rakesh Iyer,Mere slot mein kisi ne gaadi park kar di hai yaar,Parking,Low,Open,Jyoti Desai
CMP89029,Shanti Vihar Apartments,C-2157,Abhishek Singh,Yaar light nahi aa rahi room mein,Electrical,High,Resolved,Ravi Agarwal
CMP50580,Palm Grove Residences,A-1558,Meera Kulkarni,Garden sprinklers not working properly.,Garden,Critical,Resolved,Abhishek Sharma
CMP68274,Desert Rose Apartments,B-921,Anjali Menon,Mere slot mein kisi ne gaadi park kar di hai yaar,Parking,Critical,Resolved,Ritu Malhotra
CMP60287,Cedar Crest Society,A-1641,Saurabh Pillai,Neighbor playing loud music late at night.,Noise,Medium,Open,Ritu Malhotra
CMP60110,Silver Oaks Apartment Owners Association,A-319,Varun Nair,Bed bugs in bedroom - very serious problem.,Pest Control,Critical,Open,Ritu Malhotra
CMP60179,Sunset Point Apartments,D-1059,Sunita Gupta,Dumbbell weights missing - incomplete set.,Gym,High,Resolved,Amit Desai
CMP12054,The Pinnacle CHS,D-1234,Sachin Reddy,Majhya parking madhe dusryachi gaadi ubhi ahe,Parking,Low,In Progress,Amit Iyer
CMP64588,Green Meadows CHS Ltd.,A-657,Sunita Menon,Garbage bags torn by stray dogs.,Waste Management,Critical,In Progress,Ashok Reddy
CMP89363,Golden Gate Apartments,B-1240,Ajay Das,Treadmill not working for past week.,Gym,Low,Assigned,Rajesh Sinha
CMP31858,Harmony Heights,A-1669,Saurabh Singh,Cockroaches coming from neighbor's flat.,Pest Control,Critical,Open,Ravi Reddy
CMP81129,Desert Rose Apartments,C-779,Vikas Joshi,Lift ki door properly close nahi hoti,Lift,Low,Assigned,Abhishek Sharma
CMP81732,Silver Oaks Apartment Owners Association,D-2112,Anita Shah,There is water leakage below the kitchen sink.,Plumbing,High,In Progress,Mahesh Das
CMP14370,The Imperial Towers,D-1602,Seema Reddy,Tube light flickering continuously.,Electrical,High,Open,Ravi Das
CMP78905,Golden Gate Apartments,C-430,Sandeep Patel,Pool changing room locks broken.,Swimming Pool,Critical,In Progress,Swati Reddy
CMP97828,Maple Woods Enclave,C-579,Kavita Gupta,Common area wall paint peeling off.,Common Area,High,In Progress,Varun Reddy
CMP91526,Sunset Point Apartments,A-765,Mahesh Patel,Lobby floor tiles need mopping urgently.,Housekeeping,Critical,Assigned,Ravi Agarwal
CMP17911,Emerald Bay CHS,D-1483,Ramesh Menon,Plastic waste burning in society - health hazard.,Waste Management,Medium,In Progress,Kiran Menon
CMP19044,Spring Gardens CHS,A-1197,Preeti Iyer,Garden bench damaged and needs repair.,Garden,Low,Resolved,Sachin Joshi
CMP81431,Shanti Vihar Apartments,B-1883,Kiran Sharma,Overhead tank overflow causing seepage.,Water Supply,Low,Assigned,Varun Kulkarni
CMP35223,Orchid Petals Society,B-526,Ashok Malhotra,Waste segregation bins not provided on our floor.,Waste Management,Low,Open,Rupali Desai
CMP39638,Palm Grove Residences,A-243,Abhishek Iyer,Lift ka darwaza thik se band nahi hota,Lift,Low,Resolved,Jyoti Desai
CMP86683,Orchid Petals Society,A-693,Rohit Rao,Water pipe burst in basement.,Water Supply,Medium,Assigned,Ritu Nair
CMP22753,The Pinnacle CHS,C-2289,Rajesh Kumar,Lawn grass overgrown - needs cutting.,Garden,Critical,In Progress,Ravi Patel
CMP75222,Green Meadows CHS Ltd.,C-147,Shruti Kapoor,Shower area not functioning.,Swimming Pool,High,Resolved,Amit Iyer
CMP85112,Sunrise Enclave,A-1511,Pallavi Sharma,CCTV camera kaam nahi kar raha,Security,Medium,Open,Dinesh Kapoor
CMP75726,Desert Rose Apartments,B-2133,Dinesh Reddy,Neighbor playing loud music late at night.,Noise,Medium,Open,Mahesh Das
CMP36255,Platinum Towers,B-419,Meera Gupta,Party in neighboring flat - very loud till 2 AM.,Noise,High,Open,Deepika Gupta
CMP47104,Crystal Heights,D-518,Komal Kulkarni,Gym AC insufficient - too hot inside.,Gym,Low,Resolved,Madhuri Kulkarni
CMP20022,Golden Heights,C-1811,Vikram Reddy,Fruit flies in kitchen - very unhygienic.,Pest Control,High,In Progress,Ritu Malhotra
CMP97618,Sapphire Heights Cooperative Housing Society,A-1196,Abhishek Chopra,Security guard kuch check hi nahi karta entry pe,Security,Medium,In Progress,Amit Iyer
CMP64746,Emerald Bay CHS,B-229,Nitin Kulkarni,Generator running continuously making too much noise.,Noise,Medium,Open,Rupali Desai
CMP74684,Desert Rose Apartments,D-1250,Anil Verma,Security guard sleeping on duty at night.,Security,Low,Assigned,Amit Desai
CMP26816,Golden Gate Apartments,D-281,Kavita Malhotra,WC seat broken and needs replacement.,Plumbing,Medium,Resolved,Kavita Sinha
CMP11992,Sunrise Enclave,D-1220,Dinesh Gupta,Main gate boom barrier not functioning.,Security,Low,In Progress,Manisha Das
CMP18214,Silver Springs,B-1411,Suresh Rao,Water coming muddy and dirty.,Water Supply,Critical,Open,Madhuri Das
CMP32197,Banyan Tree Residences,B-1988,Neha Kumar,Light jal nahi rahi,Electrical,Critical,In Progress,Madhuri Das
CMP87533,Lotus Boulevard,A-2093,Komal Desai,Garden sprinklers not working properly.,Garden,Low,Resolved,Shweta Iyer
CMP56858,Pearl Residency,A-652,Mahesh Mehta,Termites eating wooden furniture.,Pest Control,Low,Assigned,Jyoti Desai
CMP80366,Grandeur Park Residences,A-1651,Ravi Iyer,Common area washroom very dirty.,Housekeeping,High,Resolved,Swati Reddy
CMP87720,Vasant Vihar Apartments,C-389,Vikram Shah,Plastic waste burning in society - health hazard.,Waste Management,Low,Resolved,Ravi Agarwal
CMP15366,Serene Waters Society,A-1791,Shruti Kulkarni,Gym timings board removed.,Gym,Critical,In Progress,Madhuri Das
CMP77855,Desert Rose Apartments,B-1815,Sneha Kapoor,Bench press bench wobbling - unsafe.,Gym,Low,In Progress,Shweta Iyer
CMP55117,Sunset Point Apartments,C-827,Dinesh Bose,Mere parking mein koi aur gaadi khadi hai,Parking,Low,Assigned,Ravi Agarwal
CMP69473,Serene Waters Society,C-650,Manisha Singh,Unauthorized persons using clubhouse facilities.,Clubhouse,Low,Open,Jyoti Desai
CMP98038,Blue Horizons CHS,C-1437,Pooja Patel,Heavy furniture being dragged at odd hours.,Noise,Critical,Resolved,Jyoti Patel
CMP21823,Sapphire Heights Cooperative Housing Society,A-717,Ravi Nair,Bathroom cha tap band hot nahi,Plumbing,Medium,Assigned,Ravi Patel
CMP91597,Sunset Point Apartments,B-1541,Manoj Kumar,Staircase light not working for past 3 days.,Electrical,High,In Progress,Ashok Reddy
CMP72233,Paradise Heights,C-866,Nisha Joshi,Staircase railing loose - can cause accident.,Common Area,Low,In Progress,Ravi Agarwal
CMP61880,Desert Rose Apartments,D-138,Ravi Sinha,Clubhouse booking system not functioning.,Clubhouse,Low,Open,Ravi Das
CMP26125,The Pinnacle CHS,B-203,Nitin Das,Pool ladder rusted and unsafe.,Swimming Pool,Critical,Resolved,Ashok Reddy
CMP93906,Eco-Village CHS,A-896,Abhishek Kulkarni,Bench press bench wobbling - unsafe.,Gym,High,Assigned,Madhuri Das
CMP33869,Silver Oaks Apartment Owners Association,A-1137,Ravi Mehta,Heavy furniture being dragged at odd hours.,Noise,Low,Resolved,Jyoti Patel
CMP27655,Cedar Crest Society,A-1377,Meera Nair,Construction noise from upstairs flat during quiet hours.,Noise,Low,In Progress,Shruti Singh
CMP98148,Silver Oaks Apartment Owners Association,C-1679,Sanjay Verma,Party in neighboring flat - very loud till 2 AM.,Noise,Medium,Open,Ritu Nair
CMP88661,Sunrise Enclave,A-159,Amit Shah,Life guard absent during pool hours.,Swimming Pool,Low,Open,Madhuri Das
CMP71997,Royal Enclave CHS,A-2074,Dinesh Kapoor,Garden sprinklers not working properly.,Garden,Critical,Assigned,Amit Desai
CMP30579,Orchid Petals Society,B-2062,Nisha Das,Inverter not charging - keeps beeping.,Electrical,High,Resolved,Madhuri Das
CMP35135,Diamond Plaza,C-1746,Rupali Joshi,Garbage collection timing too early.,Waste Management,High,Open,Ashok Reddy
CMP72991,Whispering Willows CHS,B-214,Ashok Mehta,Gym timings board removed.,Gym,Critical,Assigned,Deepika Gupta
CMP77109,Crystal Heights,B-2085,Kiran Das,Lift ki door properly close nahi hoti,Lift,Medium,Assigned,Ritu Nair
CMP48411,Whispering Willows CHS,D-1909,Nisha Das,Pigeons nesting on AC outdoor unit.,Pest Control,Medium,Assigned,Deepika Gupta
CMP82856,Diamond Plaza,A-1130,Rohit Sharma,Pool ladder rusted and unsafe.,Swimming Pool,Critical,Open,Ashok Reddy
CMP29493,The Pinnacle CHS,A-625,Shruti Malhotra,Too many mosquitoes due to stagnant water in garden.,Garden,Medium,Resolved,Dinesh Kapoor
CMP94828,Platinum Towers,A-2472,Ravi Kumar,Boom barrier hitting car roof - too low.,Parking,Medium,Open,Madhuri Das
CMP25902,The Meadows,C-1904,Neha Sinha,Housekeeping staff coming late daily.,Housekeeping,Medium,Assigned,Kiran Menon
CMP39496,Golden Gate Apartments,C-1600,Shweta Desai,Cockroaches coming from neighbor's flat.,Pest Control,Low,Open,Rajesh Sinha
CMP83678,Sunrise Enclave,D-1011,Rakesh Kumar,Children's play area swings broken.,Garden,Critical,Assigned,Ritu Nair
CMP44917,Silver Springs,C-2190,Rakesh Sharma,Lobby ceiling leakage during rain.,Common Area,Medium,Assigned,Ashok Reddy
CMP79205,Harmony Heights,C-2307,Sandeep Gupta,Staircase very dirty - not cleaned for days.,Housekeeping,Critical,Resolved,Rupali Desai
CMP81334,Green Meadows CHS Ltd.,C-574,Varun Rao,Gym mirror cracked - dangerous.,Gym,Low,Assigned,Madhuri Kulkarni
CMP78505,Maple Woods Enclave,A-516,Kavita Nair,Party in neighboring flat - very loud till 2 AM.,Noise,Low,In Progress,Rajesh Sinha
CMP80141,Diamond Plaza,D-283,Rupali Sinha,Garbage chute door broken.,Housekeeping,Medium,Open,Varun Kulkarni
CMP80667,Orchid Petals Society,C-941,Pooja Verma,Mere parking mein koi aur gaadi khadi hai,Parking,Critical,Resolved,Varun Kulkarni
CMP88491,Eco-Village CHS,C-973,Manoj Bose,Kitchen sink drain clogged completely.,Plumbing,Medium,In Progress,Abhishek Sharma
CMP74711,Whispering Willows CHS,C-1348,Nitin Malhotra,Garden lights not functioning at night.,Garden,Low,Assigned,Ravi Patel
CMP94118,Golden Heights,A-1752,Kavita Shah,Bench press bench wobbling - unsafe.,Gym,Critical,Open,Ashok Reddy
CMP36277,Maple Woods Enclave,B-1120,Mahesh Kumar,AC point not providing power.,Electrical,Low,Open,Shweta Iyer
CMP59430,Banyan Tree Residences,A-2450,Seema Shah,Staircase very dirty - not cleaned for days.,Housekeeping,Critical,Open,Swati Reddy
CMP11582,Serene Waters Society,C-1610,Nisha Joshi,Water pipe burst in basement.,Water Supply,High,Open,Deepika Gupta
CMP38776,Harmony Heights,A-1455,Meera Pillai,Socket kaam nahi kar raha hai boss,Electrical,Medium,Resolved,Varun Reddy
CMP22121,Banyan Tree Residences,A-364,Pallavi Agarwal,Vehicle horn being used unnecessarily in society.,Noise,High,In Progress,Swati Reddy
CMP49279,Silver Oaks Apartment Owners Association,D-1123,Vikas Nair,Dustbin overflowing in common area.,Housekeeping,Low,Assigned,Ritu Nair
CMP80948,Serene Waters Society,B-974,Rajesh Mehta,Pool tiles broken - can cause injury.,Swimming Pool,Critical,Resolved,Ravi Patel
CMP67152,The Pinnacle CHS,D-415,Rohit Agarwal,Someone has parked in my allotted space.,Parking,Critical,Open,Amit Iyer
CMP19506,Ocean View CHS,A-2038,Vikram Patel,Common area washroom very dirty.,Housekeeping,High,In Progress,Mahesh Singh
CMP35065,Eco-Village CHS,C-1986,Mahesh Desai,Kitchen ka tap drip kar raha hai continuously,Plumbing,Medium,Resolved,Madhuri Kulkarni
CMP89357,Lotus Boulevard,C-1531,Anita Menon,Lizards entering flat from outside.,Pest Control,High,Assigned,Kavita Sinha
CMP94009,Emerald Bay CHS,B-2474,Madhuri Verma,Main MCB tripping frequently.,Electrical,Medium,In Progress,Ravi Reddy
CMP88657,Skyline Residency,D-186,Vikram Desai,Unauthorized vehicle parked in society.,Security,High,Open,Varun Kulkarni
CMP74395,Silver Springs,D-1057,Ramesh Kumar,A vehicle is blocking my parking slot.,Parking,Critical,Resolved,Shruti Singh
CMP41580,Ocean View CHS,D-2114,Varun Verma,No water supply since morning in our flat.,Water Supply,Low,Resolved,Shruti Singh
CMP58957,Spring Gardens CHS,D-1360,Pooja Kumar,Children's pool empty and dirty.,Swimming Pool,Medium,In Progress,Ritu Nair
CMP50811,Shanti Vihar Apartments,D-1987,Vikas Sharma,No separate bin for medical waste.,Waste Management,High,Resolved,Sachin Joshi
CMP88823,Whispering Willows CHS,D-1595,Meera Verma,Lift cabin smelling bad - needs cleaning.,Housekeeping,Critical,In Progress,Madhuri Kulkarni
CMP76442,Sunset Point Apartments,C-265,Vikram Agarwal,Fire extinguisher expired - needs refilling.,Common Area,Medium,Resolved,Manisha Das
CMP82459,Zenith Towers,A-1092,Kavita Joshi,Weight machine cable broken.,Gym,Critical,Open,Madhuri Kulkarni
CMP83528,The Imperial Towers,D-664,Preeti Singh,Clubhouse washroom taps not working.,Clubhouse,Medium,Resolved,Jyoti Patel
CMP36826,Golden Heights,D-1224,Preeti Shah,Parking area waterlogged after rain.,Parking,Medium,Assigned,Ravi Das
CMP12078,Sunset Point Apartments,B-878,Anjali Sharma,Unauthorized persons using clubhouse facilities.,Clubhouse,High,Assigned,Kiran Menon
CMP78322,Vasant Vihar Apartments,C-1845,Sneha Shah,Car scratched by another vehicle in parking.,Parking,Medium,In Progress,Ravi Agarwal
CMP32522,Green Meadows CHS Ltd.,B-1317,Varun Chopra,Pool water not chlorinated - unhygienic.,Swimming Pool,Low,Open,Ravi Patel
CMP47353,The Imperial Towers,B-1324,Abhishek Desai,Heavy furniture being dragged at odd hours.,Noise,High,Resolved,Dinesh Kapoor
CMP54801,Pearl Residency,A-2016,Pooja Singh,Society water bill very high - possible leakage.,Water Supply,Critical,Open,Madhuri Das
CMP23870,Sapphire Heights Cooperative Housing Society,C-1663,Shweta Singh,Vehicle without society sticker parked for many days.,Parking,Medium,Assigned,Shruti Singh
CMP39393,Platinum Towers,A-2375,Rupali Kapoor,Pool ladder rusted and unsafe.,Swimming Pool,Medium,Assigned,Jyoti Desai
CMP53051,Victoria Apartments,D-2277,Anil Chopra,Water coming muddy and dirty.,Water Supply,Low,Resolved,Mahesh Singh
CMP29801,Sunrise Enclave,C-2271,Rohit Singh,Mere parking mein koi aur gaadi khadi hai,Parking,Critical,In Progress,Ritu Malhotra
CMP62648,Pearl Residency,C-2339,Neha Chopra,Music practice during afternoon quiet hours.,Noise,High,Open,Ashok Reddy
CMP31492,Whispering Willows CHS,B-628,Mahesh Reddy,Pool filtration system not working.,Swimming Pool,Critical,In Progress,Kavita Sinha
CMP70789,The Meadows,C-882,Nisha Kulkarni,Bed bugs in bedroom - very serious problem.,Pest Control,Critical,In Progress,Madhuri Das
CMP74230,Shanti Vihar Apartments,D-735,Rohit Rao,Loud arguments and shouting from neighbor's flat.,Noise,Critical,Resolved,Kiran Menon
CMP47782,Eco-Village CHS,C-1276,Jyoti Nair,Pankha awaaz karto,Electrical,Critical,Resolved,Jyoti Desai
CMP35376,Sunset Point Apartments,D-121,Pooja Malhotra,Tube light flickering continuously.,Electrical,Medium,Resolved,Nisha Kumar
CMP43293,Palm Grove Residences,B-1509,Preeti Nair,Too many mosquitoes due to stagnant water in garden.,Garden,Critical,Resolved,Jyoti Desai
CMP62381,Sunset Point Apartments,A-2167,Anil Sharma,Pool tiles broken - can cause injury.,Swimming Pool,Medium,Resolved,Ravi Patel
CMP14615,Ruby Residency,C-178,Vikas Singh,Gym floor mat torn - slipping hazard.,Gym,High,Open,Jyoti Desai
CMP29375,Serene Waters Society,B-628,Vikas Reddy,Common area wall paint peeling off.,Common Area,High,Resolved,Ritu Nair
CMP15322,Pearl Residency,C-1184,Sneha Reddy,Bore well pump not working.,Water Supply,Low,Assigned,Ravi Das
CMP32557,Desert Rose Apartments,A-2184,Seema Kumar,Security guard sleeping on duty at night.,Security,High,Resolved,Mahesh Das
CMP52312,Blue Horizons CHS,D-318,Kiran Shah,Boom barrier hitting car roof - too low.,Parking,Medium,Assigned,Madhuri Kulkarni
CMP81846,Serene Waters Society,C-1607,Varun Malhotra,Unauthorized persons using clubhouse facilities.,Clubhouse,Medium,Resolved,Amit Iyer
CMP38388,Harmony Heights,D-276,Rakesh Bose,Pool water not chlorinated - unhygienic.,Swimming Pool,Medium,In Progress,Mahesh Das
CMP58674,Grandeur Park Residences,B-102,Varun Reddy,Staircase very dirty - not cleaned for days.,Housekeeping,Medium,Open,Dinesh Kapoor
CMP40699,Shanti Vihar Apartments,C-875,Nisha Desai,Table tennis rackets and balls missing.,Clubhouse,Medium,In Progress,Ravi Agarwal
CMP58628,The Imperial Towers,B-1916,Swati Das,Sweeper not doing job properly.,Housekeeping,High,Assigned,Rupali Desai
CMP30108,The Imperial Towers,A-2186,Pallavi Pillai,Corridor light not working - very dark.,Common Area,Low,Resolved,Ritu Malhotra
CMP96125,Green Meadows CHS Ltd.,A-236,Sneha Shah,Anjan aadmi basement mein ghoom raha tha,Security,Critical,Assigned,Ravi Patel
CMP35541,Whispering Willows CHS,C-551,Abhishek Patel,Parking area mein paani bhara hua hai,Parking,Low,Assigned,Ravi Patel
CMP66869,Sunset Point Apartments,B-2125,Ashok Sharma,There is water leakage below the kitchen sink.,Plumbing,Critical,Assigned,Varun Kulkarni
CMP92988,Desert Rose Apartments,A-1849,Rajesh Das,Letter box lock broken - security risk.,Common Area,Medium,In Progress,Sachin Joshi
CMP80290,Palm Grove Residences,C-2036,Neha Malhotra,Staircase very dirty - not cleaned for days.,Housekeeping,Critical,In Progress,Shruti Singh
CMP70697,Royal Enclave CHS,B-2191,Rakesh Malhotra,Gym AC insufficient - too hot inside.,Gym,Critical,In Progress,Rajesh Sinha
CMP77268,The Meadows,C-740,Deepika Desai,Pool filtration system not working.,Swimming Pool,Critical,Assigned,Ashok Reddy
CMP36749,Ocean View CHS,A-2149,Ritu Sharma,Parking slot number faded - need repainting.,Parking,High,In Progress,Amit Desai
CMP13546,Orchid Petals Society,A-564,Shweta Mehta,Fan awaaz kar raha hai,Electrical,High,Open,Nisha Kumar
CMP45342,Sunset Point Apartments,A-1551,Preeti Kapoor,Light jaldi nahi,Electrical,Critical,In Progress,Dinesh Kapoor
CMP71134,Orchid Petals Society,D-1576,Anjali Nair,Dog waste not cleaned from garden regularly.,Garden,Low,In Progress,Ravi Agarwal
CMP81982,Sunset Point Apartments,D-1329,Sunita Verma,Garden bench damaged and needs repair.,Garden,Critical,Resolved,Jyoti Patel
CMP21400,Crystal Heights,C-1075,Kavita Malhotra,Garbage chute door broken.,Housekeeping,Critical,Assigned,Jyoti Desai
CMP67897,Harmony Heights,A-2488,Anita Sharma,Table tennis rackets and balls missing.,Clubhouse,Critical,Assigned,Sachin Joshi
CMP66601,Silver Springs,A-2189,Pallavi Chopra,Gym exhaust fan not working - suffocating.,Gym,Critical,Resolved,Ravi Agarwal
CMP50257,Grandeur Park Residences,C-2391,Saurabh Menon,Gym door lock jammed.,Gym,High,Open,Madhuri Das
CMP26461,The Meadows,C-191,Manoj Rao,Common area washroom very dirty.,Housekeeping,Low,In Progress,Varun Kulkarni
CMP94847,Ocean View CHS,C-1420,Saurabh Kapoor,Guest parking area always full - no space.,Parking,Low,Open,Varun Kulkarni
CMP60226,Harmony Heights,D-1612,Manoj Shah,Car scratched by another vehicle in parking.,Parking,Critical,Assigned,Rupali Desai
CMP94900,Paradise Heights,C-2330,Vikram Iyer,Party in neighboring flat - very loud till 2 AM.,Noise,Critical,Assigned,Ravi Agarwal
CMP84258,Skyline Residency,C-1193,Komal Sharma,Parking area waterlogged after rain.,Parking,Critical,In Progress,Kiran Menon
CMP31284,Banyan Tree Residences,D-1427,Abhishek Verma,Gym mirror cracked - dangerous.,Gym,Critical,Open,Ravi Das
CMP82966,Golden Heights,A-702,Rupali Bose,Emergency alarm button inside lift not working.,Lift,Critical,In Progress,Manisha Das
CMP69089,Desert Rose Apartments,D-2427,Kavita Kulkarni,Lift kharab jhali ahe,Lift,Medium,Assigned,Ritu Malhotra
CMP45621,The Pinnacle CHS,D-2217,Sachin Pillai,Dumbbell weights missing - incomplete set.,Gym,Low,Assigned,Ravi Das
CMP35936,Platinum Towers,C-1063,Saurabh Sharma,Bulk waste dumped in common area.,Waste Management,Critical,Resolved,Kavita Sinha
CMP30151,Victoria Apartments,B-1034,Mahesh Agarwal,No water supply since morning in our flat.,Water Supply,Medium,In Progress,Ravi Reddy
CMP66910,Sapphire Heights Cooperative Housing Society,A-1723,Suresh Agarwal,Life guard absent during pool hours.,Swimming Pool,Critical,Resolved,Varun Kulkarni
CMP83322,Sunset Point Apartments,C-1451,Rohit Bose,Pool water not chlorinated - unhygienic.,Swimming Pool,Low,In Progress,Amit Desai
CMP43987,Serene Waters Society,B-1536,Rohit Patel,There is water leakage below the kitchen sink.,Plumbing,Low,Assigned,Rupali Desai
CMP36989,Victoria Apartments,C-1565,Saurabh Kumar,Gym equipment broken and unsafe to use.,Clubhouse,Medium,Resolved,Swati Reddy
CMP38795,The Pinnacle CHS,D-1756,Mahesh Singh,Too many mosquitoes - fogging required.,Pest Control,Medium,Assigned,Ashok Reddy
CMP94663,Sapphire Heights Cooperative Housing Society,B-2021,Manoj Menon,Garden sprinklers not working properly.,Garden,High,Resolved,Amit Iyer
CMP53661,Vasant Vihar Apartments,A-554,Ashok Reddy,Housekeeping staff coming late daily.,Housekeeping,Critical,Assigned,Varun Reddy
CMP24699,Grandeur Park Residences,C-2176,Anil Kulkarni,Weight machine cable broken.,Gym,High,In Progress,Ravi Reddy
CMP86688,Skyline Residency,C-545,Nisha Sharma,Lift mein bahut awaaz aa rahi hai,Lift,Low,Assigned,Ritu Nair
CMP32440,Shanti Vihar Apartments,C-1902,Rakesh Kapoor,Staircase light not working for past 3 days.,Electrical,High,Open,Ravi Agarwal
CMP78787,Eco-Village CHS,C-1582,Kiran Chopra,Lift stuck between floors - very dangerous.,Lift,Critical,Assigned,Ravi Agarwal
CMP92870,Zenith Towers,B-647,Rajesh Agarwal,Gym AC insufficient - too hot inside.,Gym,Critical,Open,Rupali Desai
CMP37373,Platinum Towers,A-1643,Vikas Malhotra,Fruit flies in kitchen - very unhygienic.,Pest Control,Critical,Resolved,Varun Reddy
CMP53930,The Pinnacle CHS,B-1056,Rajesh Kapoor,Loud arguments and shouting from neighbor's flat.,Noise,Medium,In Progress,Ravi Das
CMP49162,Banyan Tree Residences,D-1184,Priya Sharma,Composting pit emitting foul odor.,Waste Management,High,Resolved,Ravi Patel
CMP93718,Sunrise Enclave,C-2033,Anjali Iyer,A vehicle is blocking my parking slot.,Parking,Medium,Assigned,Dinesh Kapoor
CMP68838,Zenith Towers,D-421,Anita Kumar,CCTV toh kaam hi nahi karta,Security,Critical,Assigned,Ravi Das
CMP33665,Desert Rose Apartments,B-1553,Pooja Kulkarni,Overgrown bushes blocking walkway.,Garden,Critical,Assigned,Sachin Joshi
CMP62731,Vasant Vihar Apartments,B-1505,Madhuri Sharma,Sweeper not doing job properly.,Housekeeping,High,Open,Madhuri Kulkarni
CMP74973,Paradise Heights,C-1880,Abhishek Agarwal,Gym equipment broken and unsafe to use.,Clubhouse,Critical,In Progress,Ravi Patel
CMP76593,Spring Gardens CHS,C-1921,Shruti Das,Spider webs all over balcony.,Pest Control,High,In Progress,Ravi Reddy
CMP66149,Blue Horizons CHS,C-1968,Kavita Kapoor,Weight machine cable broken.,Gym,Low,In Progress,Varun Reddy
CMP75300,Crystal Heights,C-797,Nisha Nair,Yoga room floor mat torn and unhygienic.,Clubhouse,High,Resolved,Kiran Menon
CMP97269,Palm Grove Residences,D-177,Pankaj Patel,Cockroaches coming from neighbor's flat.,Pest Control,High,Resolved,Mahesh Das
CMP39016,Diamond Plaza,B-1872,Ramesh Sharma,Kitchen ka tap drip kar raha hai continuously,Plumbing,High,Assigned,Ravi Agarwal
CMP40221,Green Meadows CHS Ltd.,A-851,Nitin Chopra,Lift mein bahut awaaz aa rahi hai,Lift,High,Open,Ashok Reddy
CMP55068,Orchid Petals Society,C-1856,Rohit Mehta,Sweeper not doing job properly.,Housekeeping,Low,Resolved,Madhuri Das
CMP67158,Green Meadows CHS Ltd.,D-1700,Meera Sinha,Neighbor playing loud music late at night.,Noise,High,Assigned,Ravi Patel
CMP98398,Vasant Vihar Apartments,C-2270,Shruti Mehta,Entrance door closer not working.,Common Area,Low,In Progress,Ravi Patel
CMP38197,Paradise Heights,C-1684,Suresh Kapoor,Lift overload alarm malfunctioning.,Lift,High,Resolved,Manisha Das
CMP44797,Golden Gate Apartments,A-1958,Varun Shah,Garbage not collected from our floor today.,Housekeeping,Low,In Progress,Manisha Das
CMP66098,Victoria Apartments,B-233,Saurabh Iyer,Car scratched by another vehicle in parking.,Parking,High,Assigned,Madhuri Das
CMP69283,Pearl Residency,B-2177,Shweta Patel,Garden lights not functioning at night.,Garden,Medium,Resolved,Mahesh Das
CMP99648,Harmony Heights,A-2386,Deepika Gupta,Kitchen madhe sink khali pani ghalat ahe,Plumbing,High,In Progress,Varun Reddy
CMP97902,Shanti Vihar Apartments,A-2360,Varun Patel,Bore well pump not working.,Water Supply,Low,In Progress,Nisha Kumar
CMP19023,Orchid Petals Society,A-751,Suresh Kapoor,Gym exhaust fan not working - suffocating.,Gym,High,Open,Madhuri Das
CMP86393,Sunset Point Apartments,D-774,Sneha Menon,Doorbell not functioning.,Electrical,Medium,Open,Varun Reddy
CMP17270,Spring Gardens CHS,B-718,Rakesh Mehta,Garbage bags torn by stray dogs.,Waste Management,Low,Assigned,Abhishek Sharma
CMP89618,Golden Gate Apartments,D-1714,Abhishek Sharma,Neighbor using my second parking without permission.,Parking,Critical,Assigned,Ravi Agarwal
CMP93234,Desert Rose Apartments,D-1609,Pallavi Joshi,Depth markings not visible.,Swimming Pool,High,Assigned,Ravi Das
CMP72163,Green Meadows CHS Ltd.,B-187,Swati Das,Plastic waste burning in society - health hazard.,Waste Management,Critical,In Progress,Kiran Menon
CMP71479,Diamond Plaza,A-2199,Suresh Kumar,Pool tiles broken - can cause injury.,Swimming Pool,Low,Open,Ritu Nair
CMP25992,Paradise Heights,D-203,Ashok Bose,Leakage from ceiling - upstairs neighbor may have issue.,Plumbing,Medium,Resolved,Amit Iyer
CMP89697,Crystal Heights,B-1186,Komal Kulkarni,Rat problem in our flat - need urgent pest control.,Pest Control,Medium,Assigned,Kavita Sinha
CMP62105,Skyline Residency,B-1954,Ravi Sharma,Lift number 2 has stopped working.,Lift,Critical,Open,Swati Reddy
CMP57811,Grandeur Park Residences,B-2094,Sneha Kulkarni,Lift door sensor faulty - closes too fast.,Lift,Low,Open,Jyoti Desai
CMP34741,Emerald Bay CHS,D-2356,Ramesh Mehta,Staircase railing loose - can cause accident.,Common Area,Low,Open,Deepika Gupta
CMP94395,Eco-Village CHS,A-1140,Sanjay Shah,Gym equipment broken and unsafe to use.,Clubhouse,Medium,Open,Ritu Malhotra
CMP88816,Blue Horizons CHS,C-2308,Preeti Pillai,Parking full waterlogged hai,Parking,High,In Progress,Ritu Malhotra
CMP70926,Crystal Heights,A-1570,Dinesh Nair,Table tennis rackets and balls missing.,Clubhouse,Low,Resolved,Abhishek Sharma
CMP50578,Platinum Towers,D-1550,Priya Kulkarni,Lift door sensor faulty - closes too fast.,Lift,Low,Open,Abhishek Sharma
CMP64425,Zenith Towers,B-895,Varun Das,Depth markings not visible.,Swimming Pool,High,Resolved,Varun Kulkarni
CMP88484,Whispering Willows CHS,D-737,Suresh Nair,Parking slot number faded - need repainting.,Parking,Low,Resolved,Ritu Malhotra
CMP74211,Sunset Point Apartments,D-1310,Manisha Reddy,Lobby ceiling leakage during rain.,Common Area,High,Assigned,Manisha Das
CMP97092,Golden Heights,D-1723,Ramesh Agarwal,Water supply timing irregular - unpredictable.,Water Supply,High,Open,Ritu Malhotra
CMP46862,Paradise Heights,A-509,Sunita Kumar,Lift cabin light not working - dark inside.,Lift,Low,Open,Varun Kulkarni
CMP88615,Skyline Residency,A-457,Anita Nair,Neighbor using my second parking without permission.,Parking,High,Assigned,Amit Iyer
CMP55242,Emerald Bay CHS,B-1938,Sunita Menon,Neighbor using my second parking without permission.,Parking,Critical,Assigned,Amit Desai
CMP48814,Hillview Cooperative Housing Society,A-514,Deepika Shah,E-waste collection bin overflowing.,Waste Management,Critical,In Progress,Ashok Reddy
CMP55145,Maple Woods Enclave,D-1245,Shweta Das,Water supply timing irregular - unpredictable.,Water Supply,Medium,Resolved,Abhishek Sharma
CMP88653,Crystal Heights,C-370,Seema Kumar,Gym floor mat torn - slipping hazard.,Gym,High,Open,Ravi Das
CMP97483,Victoria Apartments,C-1725,Vikas Malhotra,Olakhit vyakti basement madhe phirat hoti,Security,High,Resolved,Jyoti Patel
CMP53224,Golden Gate Apartments,D-2182,Vikram Bose,Service lift out of order since morning.,Lift,Medium,Resolved,Nisha Kumar
CMP26046,Sunset Point Apartments,B-1190,Sandeep Desai,Plants dying due to lack of maintenance.,Garden,High,Assigned,Ashok Reddy
CMP46821,Serene Waters Society,A-875,Kiran Verma,Fruit flies in kitchen - very unhygienic.,Pest Control,Critical,In Progress,Jyoti Desai
CMP50625,Golden Gate Apartments,A-172,Rohit Bose,Plants dying due to lack of maintenance.,Garden,Medium,Resolved,Ashok Reddy
CMP44495,Skyline Residency,C-2427,Neha Nair,Common area notice board glass broken.,Common Area,Medium,Assigned,Kavita Sinha
CMP43069,Victoria Apartments,A-1288,Kavita Patel,Gym exhaust fan not working - suffocating.,Gym,Critical,Open,Ashok Reddy
CMP74469,Eco-Village CHS,C-287,Anita Nair,Lobby ceiling leakage during rain.,Common Area,Critical,In Progress,Kiran Menon
CMP27002,Spring Gardens CHS,D-1078,Pallavi Sinha,Society water bill very high - possible leakage.,Water Supply,Medium,Resolved,Ritu Nair
CMP71669,Emerald Bay CHS,B-113,Jyoti Nair,Lift mein bahut awaaz aa rahi hai,Lift,Critical,Open,Varun Kulkarni
CMP45741,Pearl Residency,C-724,Suresh Rao,Gym door lock jammed.,Gym,Medium,Assigned,Rajesh Sinha
CMP18819,Green Meadows CHS Ltd.,B-1089,Nisha Gupta,Bad smell from garbage collection area.,Waste Management,High,Open,Dinesh Kapoor
CMP89419,Ocean View CHS,A-2449,Vikas Patel,Bedroom ka socket kaam nahi kar raha,Electrical,Medium,Resolved,Ritu Nair
CMP68408,Sunset Point Apartments,D-582,Nisha Nair,Unauthorized persons using clubhouse facilities.,Clubhouse,Low,In Progress,Manisha Das
CMP98678,Emerald Bay CHS,A-1573,Nitin Malhotra,Life guard absent during pool hours.,Swimming Pool,High,Resolved,Shruti Singh
CMP14457,Hillview Cooperative Housing Society,B-2031,Shruti Kumar,Cobwebs all over corridor ceiling.,Housekeeping,High,Resolved,Dinesh Kapoor
CMP14094,Maple Woods Enclave,C-733,Rakesh Sinha,Someone has parked in my allotted space.,Parking,Critical,Open,Nisha Kumar
CMP20858,Platinum Towers,D-1822,Saurabh Menon,Mere parking mein koi aur gaadi khadi hai,Parking,Medium,Assigned,Nisha Kumar
CMP33051,Sunset Point Apartments,D-873,Deepika Nair,Fruit flies in kitchen - very unhygienic.,Pest Control,Critical,Assigned,Swati Reddy
CMP66681,Silver Springs,A-2259,Sanjay Agarwal,Music practice during afternoon quiet hours.,Noise,Low,Resolved,Mahesh Das
CMP74043,Palm Grove Residences,B-467,Vikram Pillai,Ceiling fan making noise and wobbling.,Electrical,Critical,Resolved,Ravi Reddy
CMP73523,Sunset Point Apartments,D-412,Priya Agarwal,Pool water not chlorinated - unhygienic.,Swimming Pool,Low,Assigned,Madhuri Das
CMP99008,Sapphire Heights Cooperative Housing Society,C-1820,Shweta Kapoor,Society water bill very high - possible leakage.,Water Supply,Critical,Assigned,Abhishek Sharma
CMP36391,The Imperial Towers,C-1185,Pooja Shah,Plastic waste burning in society - health hazard.,Waste Management,Low,Open,Jyoti Patel
CMP29043,Harmony Heights,B-2470,Sachin Das,Children's pool empty and dirty.,Swimming Pool,High,Open,Ravi Patel
CMP10072,Victoria Apartments,D-476,Deepika Pillai,Bad smell from garbage collection area.,Waste Management,High,Open,Rupali Desai
CMP56352,Skyline Residency,A-1288,Suresh Iyer,Clubhouse booking system not functioning.,Clubhouse,Medium,Assigned,Shweta Iyer
CMP82540,Paradise Heights,A-1504,Anil Mehta,Gym floor mat torn - slipping hazard.,Gym,Critical,Assigned,Deepika Gupta
CMP96043,Serene Waters Society,B-133,Vikas Malhotra,No water supply since morning in our flat.,Water Supply,Critical,In Progress,Varun Reddy
CMP85690,Blue Horizons CHS,C-1960,Suresh Rao,Staircase railing loose - can cause accident.,Common Area,High,Open,Mahesh Singh
CMP89318,Banyan Tree Residences,D-1552,Saurabh Kumar,AC point not providing power.,Electrical,Medium,Resolved,Kiran Menon
CMP96976,Silver Springs,C-354,Anita Chopra,Mere slot mein kisi ne gaadi park kar di hai yaar,Parking,Medium,Resolved,Mahesh Singh
CMP79953,Vasant Vihar Apartments,B-2162,Rakesh Shah,Pool changing room locks broken.,Swimming Pool,High,In Progress,Swati Reddy
CMP29406,Golden Heights,A-1015,Sanjay Pillai,Garbage not collected from our floor today.,Housekeeping,Low,In Progress,Varun Reddy
CMP29805,Palm Grove Residences,D-195,Seema Kapoor,Emergency exit door jammed and locked.,Common Area,Low,Open,Manisha Das
CMP61984,Banyan Tree Residences,D-772,Varun Malhotra,Parking slot number faded - need repainting.,Parking,Medium,Assigned,Ravi Das
CMP37418,Emerald Bay CHS,B-304,Sachin Sinha,Society water bill very high - possible leakage.,Water Supply,High,Resolved,Ritu Malhotra
CMP65880,Zenith Towers,D-2367,Shweta Patel,Garden lights not functioning at night.,Garden,Low,Open,Dinesh Kapoor
CMP86361,Sapphire Heights Cooperative Housing Society,B-1166,Anjali Agarwal,Construction noise from upstairs flat during quiet hours.,Noise,Medium,In Progress,Shruti Singh
CMP63159,Paradise Heights,C-1922,Deepika Menon,Bed bugs in bedroom - very serious problem.,Pest Control,Medium,Open,Madhuri Kulkarni
CMP61977,Serene Waters Society,B-1268,Preeti Verma,Yoga room floor mat torn and unhygienic.,Clubhouse,Critical,Resolved,Amit Desai
CMP18699,Sunrise Enclave,B-1545,Pallavi Kulkarni,Lift indicator showing wrong floor numbers.,Lift,Critical,Open,Mahesh Singh
CMP83684,Paradise Heights,A-697,Sachin Agarwal,Common area notice board glass broken.,Common Area,Low,Assigned,Nisha Kumar
CMP53483,Victoria Apartments,B-1111,Saurabh Kumar,Unauthorized persons using clubhouse facilities.,Clubhouse,Medium,Resolved,Nisha Kumar
CMP56016,Pearl Residency,D-1936,Varun Gupta,Staircase railing loose - can cause accident.,Common Area,Critical,Assigned,Kavita Sinha
CMP51503,Blue Horizons CHS,A-138,Varun Das,Heavy furniture being dragged at odd hours.,Noise,High,Open,Jyoti Desai
CMP20000,Green Meadows CHS Ltd.,B-1440,Sneha Iyer,Cobwebs all over corridor ceiling.,Housekeeping,Medium,Open,Abhishek Sharma
CMP99895,Maple Woods Enclave,B-1071,Rupali Das,Clubhouse washroom taps not working.,Clubhouse,Medium,Assigned,Sachin Joshi
CMP25455,Emerald Bay CHS,A-879,Ashok Joshi,Party in neighboring flat - very loud till 2 AM.,Noise,Low,Resolved,Shweta Iyer
CMP94445,Golden Gate Apartments,B-1763,Neha Sharma,Sweeper not doing job properly.,Housekeeping,Low,Open,Jyoti Patel
CMP21108,Desert Rose Apartments,A-666,Anjali Menon,Spider webs all over balcony.,Pest Control,Low,Assigned,Ritu Malhotra
CMP90075,Skyline Residency,B-1824,Anita Reddy,Clubhouse lights not working in evening.,Clubhouse,Medium,Assigned,Ritu Nair
CMP74383,Sunrise Enclave,C-599,Sandeep Joshi,Spider webs all over balcony.,Pest Control,High,Resolved,Ritu Malhotra
CMP57533,Ocean View CHS,D-1074,Anita Kulkarni,CCTV toh kaam hi nahi karta,Security,Critical,Resolved,Manisha Das
CMP12570,Shanti Vihar Apartments,C-2300,Rajesh Bose,Inverter not charging - keeps beeping.,Electrical,Low,Resolved,Ravi Das
CMP21576,Hillview Cooperative Housing Society,A-1136,Komal Sharma,Lizards entering flat from outside.,Pest Control,Medium,Assigned,Shweta Iyer
CMP66519,Whispering Willows CHS,B-640,Kiran Nair,Garbage bags torn by stray dogs.,Waste Management,Low,Open,Amit Desai
CMP33676,Ocean View CHS,D-1364,Meera Kumar,Plastic waste burning in society - health hazard.,Waste Management,Low,Open,Deepika Gupta
CMP70768,Grandeur Park Residences,D-461,Ajay Chopra,Gym timings board removed.,Gym,Critical,Assigned,Ravi Patel
CMP77054,Emerald Bay CHS,A-1575,Seema Das,Gym door lock jammed.,Gym,Critical,Resolved,Mahesh Das
CMP27911,Ocean View CHS,B-1868,Rakesh Nair,Lift making strange grinding noise.,Lift,High,Assigned,Nisha Kumar
CMP83625,Victoria Apartments,C-1014,Nisha Reddy,Lift stuck between floors - very dangerous.,Lift,Critical,Open,Swati Reddy
CMP53352,Platinum Towers,D-1081,Rajesh Sharma,Entrance door closer not working.,Common Area,Critical,Open,Ravi Agarwal
CMP53647,Whispering Willows CHS,D-2023,Anjali Pillai,Garbage not collected from our floor today.,Housekeeping,Critical,Open,Kiran Menon
CMP10583,Skyline Residency,A-1573,Kavita Agarwal,Security guard sleeping on duty at night.,Security,Medium,In Progress,Mahesh Singh
CMP94828,Golden Gate Apartments,C-478,Ravi Sinha,Gym floor mat torn - slipping hazard.,Gym,Low,Resolved,Abhishek Sharma
CMP31690,Vasant Vihar Apartments,B-205,Rupali Sinha,Loud arguments and shouting from neighbor's flat.,Noise,Low,Open,Ritu Nair
CMP26323,Silver Springs,B-1461,Kavita Reddy,Corridor light not working - very dark.,Common Area,Low,Open,Varun Reddy
CMP49520,The Pinnacle CHS,A-1702,Meera Rao,Children running and jumping in flat above ours.,Noise,Medium,Open,Nisha Kumar
CMP32552,Shanti Vihar Apartments,C-892,Rupali Singh,Water pressure very low in kitchen.,Plumbing,Medium,Resolved,Ritu Nair
CMP13263,The Pinnacle CHS,C-295,Pooja Desai,Cobwebs all over corridor ceiling.,Housekeeping,High,In Progress,Ravi Patel
CMP48194,Lotus Boulevard,A-2011,Priya Sinha,Depth markings not visible.,Swimming Pool,Medium,Open,Jyoti Desai
CMP17491,The Imperial Towers,D-2144,Komal Bose,Table tennis rackets and balls missing.,Clubhouse,Low,In Progress,Abhishek Sharma
CMP61006,Victoria Apartments,B-1322,Nisha Agarwal,Bore well pump not working.,Water Supply,Low,Open,Mahesh Singh
CMP68888,Shanti Vihar Apartments,B-215,Amit Kumar,Light jaldi nahi,Electrical,Medium,Assigned,Rajesh Sinha
CMP88945,Zenith Towers,A-837,Manoj Chopra,Bore well pump not working.,Water Supply,Critical,Assigned,Amit Desai
CMP22440,Banyan Tree Residences,A-1566,Mahesh Rao,Pool water not chlorinated - unhygienic.,Swimming Pool,Medium,Assigned,Varun Kulkarni
CMP57979,Vasant Vihar Apartments,B-1298,Meera Das,Sweeper not doing job properly.,Housekeeping,Critical,Assigned,Ritu Malhotra
CMP42350,Emerald Bay CHS,D-991,Jyoti Kulkarni,Bore well pump not working.,Water Supply,Low,Assigned,Ravi Patel
CMP54033,Sunrise Enclave,D-1869,Shruti Chopra,Someone has parked in my allotted space.,Parking,Low,Resolved,Ashok Reddy
CMP21710,Sapphire Heights Cooperative Housing Society,C-2309,Anil Rao,Lift number 2 has stopped working.,Lift,Critical,Assigned,Nisha Kumar
CMP55804,Paradise Heights,A-1849,Sandeep Rao,Weight machine cable broken.,Gym,Medium,Resolved,Kavita Sinha
CMP91774,The Imperial Towers,A-501,Abhishek Menon,Weight machine cable broken.,Gym,Low,In Progress,Madhuri Kulkarni
CMP96155,Hillview Cooperative Housing Society,D-1588,Saurabh Pillai,Common area notice board glass broken.,Common Area,High,Assigned,Amit Iyer
CMP63121,The Imperial Towers,C-697,Mahesh Pillai,Depth markings not visible.,Swimming Pool,Medium,Resolved,Manisha Das
CMP84161,Desert Rose Apartments,A-2152,Deepika Kumar,Party in neighboring flat - very loud till 2 AM.,Noise,High,In Progress,Rupali Desai
CMP48053,The Meadows,C-1955,Sunita Joshi,Fire extinguisher expired - needs refilling.,Common Area,Medium,Assigned,Amit Iyer
CMP99228,Sapphire Heights Cooperative Housing Society,A-862,Rohit Pillai,Pool changing room locks broken.,Swimming Pool,Low,Assigned,Abhishek Sharma
CMP60270,Serene Waters Society,B-1720,Ashok Malhotra,Gym floor mat torn - slipping hazard.,Gym,Medium,In Progress,Ritu Nair
CMP59456,The Pinnacle CHS,A-725,Shruti Reddy,Gym AC insufficient - too hot inside.,Gym,Medium,Resolved,Abhishek Sharma
CMP94689,Victoria Apartments,D-850,Kavita Das,E-waste collection bin overflowing.,Waste Management,Medium,Resolved,Mahesh Singh
CMP32341,Grandeur Park Residences,D-1208,Anita Sharma,Garbage collection timing too early.,Waste Management,Low,Resolved,Deepika Gupta
CMP30228,The Meadows,C-2079,Anjali Kapoor,Waste segregation bins not provided on our floor.,Waste Management,High,Open,Ravi Das
CMP10365,Hillview Cooperative Housing Society,D-208,Kiran Singh,Yoga room floor mat torn and unhygienic.,Clubhouse,Low,Assigned,Ravi Reddy
CMP36836,Silver Springs,D-338,Pankaj Menon,Garbage bags torn by stray dogs.,Waste Management,High,Assigned,Amit Iyer
CMP84746,Green Meadows CHS Ltd.,C-966,Suresh Rao,Too many mosquitoes - fogging required.,Pest Control,Critical,Resolved,Nisha Kumar
CMP38728,Blue Horizons CHS,A-1131,Neha Sharma,Guest parking area always full - no space.,Parking,Low,Resolved,Amit Iyer
CMP99072,Green Meadows CHS Ltd.,D-1672,Sanjay Verma,Security guard duty pe nahi hai,Security,Medium,In Progress,Kavita Sinha
CMP80689,Grandeur Park Residences,B-1922,Anjali Mehta,CCTV toh kaam hi nahi karta,Security,Low,Assigned,Ravi Patel
CMP44279,Emerald Bay CHS,D-227,Anjali Sharma,Neighbor using my second parking without permission.,Parking,Medium,Resolved,Rajesh Sinha
CMP91499,Cedar Crest Society,B-1042,Mahesh Mehta,Common area wall paint peeling off.,Common Area,Medium,In Progress,Ritu Malhotra
CMP64994,Sunrise Enclave,C-197,Amit Bose,Bench press bench wobbling - unsafe.,Gym,High,Assigned,Jyoti Patel
CMP61935,Silver Oaks Apartment Owners Association,B-465,Sanjay Desai,Common area notice board glass broken.,Common Area,Medium,In Progress,Manisha Das
CMP28478,Sapphire Heights Cooperative Housing Society,A-1508,Rohit Sinha,Entrance door closer not working.,Common Area,Medium,Open,Rajesh Sinha
CMP84308,Silver Oaks Apartment Owners Association,A-1622,Madhuri Verma,Vehicle horn being used unnecessarily in society.,Noise,Medium,Open,Ravi Patel
CMP72149,Maple Woods Enclave,C-1615,Priya Chopra,Sweeper not doing job properly.,Housekeeping,Critical,Open,Ravi Agarwal
CMP18778,The Meadows,A-1175,Rupali Chopra,Water coming muddy and dirty.,Water Supply,Medium,Assigned,Jyoti Desai
CMP25627,Ruby Residency,C-1109,Meera Chopra,Dog waste not cleaned from garden regularly.,Garden,Low,In Progress,Abhishek Sharma
CMP23101,The Pinnacle CHS,D-249,Sanjay Reddy,Common area wall paint peeling off.,Common Area,High,Open,Nisha Kumar
CMP19669,Banyan Tree Residences,A-328,Sachin Kumar,Gym equipment broken and unsafe to use.,Clubhouse,Critical,Open,Varun Reddy
CMP60257,Hillview Cooperative Housing Society,D-472,Saurabh Agarwal,Main MCB tripping frequently.,Electrical,Low,In Progress,Nisha Kumar
CMP20844,The Meadows,B-1509,Komal Nair,Depth markings not visible.,Swimming Pool,High,Open,Swati Reddy
CMP24813,Silver Oaks Apartment Owners Association,C-346,Kavita Malhotra,Leakage from ceiling - upstairs neighbor may have issue.,Plumbing,Medium,Open,Kavita Sinha
CMP59118,Ruby Residency,D-232,Dinesh Joshi,Fire extinguisher expired - needs refilling.,Common Area,Critical,Assigned,Shweta Iyer
CMP79762,Skyline Residency,A-1239,Anjali Nair,Too many mosquitoes - fogging required.,Pest Control,Medium,In Progress,Ravi Das
CMP20436,Sunset Point Apartments,A-863,Ramesh Kapoor,Bad smell from garbage collection area.,Waste Management,High,In Progress,Rajesh Sinha
CMP73554,Desert Rose Apartments,D-1062,Suresh Shah,Water pipe burst in basement.,Water Supply,Medium,Assigned,Amit Iyer
CMP34901,Cedar Crest Society,A-2385,Neha Menon,No water supply since morning in our flat.,Water Supply,High,Assigned,Shweta Iyer
CMP13888,Spring Gardens CHS,D-715,Kiran Rao,Water supply timing irregular - unpredictable.,Water Supply,Low,Open,Deepika Gupta
CMP30444,Diamond Plaza,A-1966,Ramesh Joshi,Rat problem in our flat - need urgent pest control.,Pest Control,Low,Assigned,Shweta Iyer
CMP14091,Harmony Heights,B-974,Anjali Gupta,Garden bench damaged and needs repair.,Garden,Critical,Resolved,Varun Kulkarni
CMP72435,Platinum Towers,D-1573,Varun Shah,Yaar light nahi aa rahi room mein,Electrical,Critical,In Progress,Kiran Menon
CMP79225,Silver Springs,B-837,Sanjay Sharma,Light switch broken - needs replacement.,Electrical,Medium,Assigned,Mahesh Singh
CMP83587,Orchid Petals Society,D-605,Sneha Gupta,Flush is not working properly - water keeps running.,Plumbing,Critical,Assigned,Jyoti Desai
CMP46140,Crystal Heights,A-611,Sunita Mehta,Pool filtration system not working.,Swimming Pool,Low,Assigned,Rajesh Sinha
CMP75427,The Pinnacle CHS,A-1988,Vikas Gupta,Spider webs all over balcony.,Pest Control,Low,Open,Rupali Desai
CMP50102,Platinum Towers,B-1992,Shruti Pillai,Garbage chute door broken.,Housekeeping,Low,Open,Mahesh Das
CMP84190,Paradise Heights,A-1859,Anjali Sharma,Clubhouse closed without prior notice.,Clubhouse,Medium,Resolved,Amit Desai
CMP94046,Whispering Willows CHS,C-1241,Kavita Malhotra,Bad smell from garbage collection area.,Waste Management,Critical,In Progress,Swati Reddy
CMP60534,Sapphire Heights Cooperative Housing Society,A-1130,Kavita Kulkarni,Clubhouse closed without prior notice.,Clubhouse,Low,In Progress,Amit Iyer
CMP44499,The Imperial Towers,C-408,Amit Das,Service lift out of order since morning.,Lift,Low,Resolved,Ravi Agarwal
CMP44115,Spring Gardens CHS,D-982,Madhuri Gupta,Garbage not collected from our floor today.,Housekeeping,Critical,Resolved,Amit Iyer
CMP16587,Ocean View CHS,A-837,Ritu Kapoor,Underground tank needs urgent cleaning.,Water Supply,Medium,Resolved,Ravi Das
CMP69629,Cedar Crest Society,D-737,Kiran Joshi,Security not checking delivery personnel properly.,Security,Medium,Assigned,Ritu Malhotra
CMP58937,Zenith Towers,D-1663,Anjali Singh,Garbage bags torn by stray dogs.,Waste Management,High,Open,Ravi Patel
CMP68076,Sunset Point Apartments,D-1038,Rajesh Agarwal,Vehicle horn being used unnecessarily in society.,Noise,Low,In Progress,Jyoti Desai
CMP74822,Emerald Bay CHS,B-421,Shweta Kapoor,Pool filtration system not working.,Swimming Pool,High,In Progress,Madhuri Kulkarni
CMP52129,Hillview Cooperative Housing Society,B-917,Rohit Sinha,No separate bin for medical waste.,Waste Management,Low,Resolved,Shruti Singh
CMP53819,Diamond Plaza,B-314,Ravi Das,Lift full kharab hai bhai,Lift,High,Resolved,Abhishek Sharma
CMP89601,Ocean View CHS,C-1985,Meera Gupta,Generator running continuously making too much noise.,Noise,Critical,Open,Varun Reddy
CMP84627,Shanti Vihar Apartments,A-1228,Madhuri Malhotra,Sweeper not doing job properly.,Housekeeping,High,Assigned,Mahesh Singh
CMP20332,Serene Waters Society,D-1846,Amit Kapoor,Children's pool empty and dirty.,Swimming Pool,High,In Progress,Jyoti Patel
CMP17699,Eco-Village CHS,D-883,Mahesh Singh,Lift making strange grinding noise.,Lift,Critical,Resolved,Dinesh Kapoor
CMP28014,Spring Gardens CHS,A-1681,Jyoti Mehta,Heavy furniture being dragged at odd hours.,Noise,Critical,Assigned,Amit Desai
CMP57503,Maple Woods Enclave,A-270,Madhuri Desai,Visitor entered without proper verification.,Security,High,Assigned,Sachin Joshi
CMP34616,Royal Enclave CHS,D-1318,Jyoti Das,Plastic waste burning in society - health hazard.,Waste Management,Critical,Open,Nisha Kumar
CMP99171,The Pinnacle CHS,C-552,Anita Singh,Water supply timing irregular - unpredictable.,Water Supply,Low,In Progress,Kavita Sinha
CMP88706,Pearl Residency,C-1535,Shweta Desai,Garbage chute door broken.,Housekeeping,Critical,Resolved,Ritu Nair
CMP33559,Cedar Crest Society,A-407,Nitin Nair,Parking full waterlogged hai,Parking,High,Assigned,Kavita Sinha
CMP55197,Orchid Petals Society,A-1294,Vikas Kapoor,Underground tank needs urgent cleaning.,Water Supply,Low,Assigned,Ravi Reddy
CMP58130,Ocean View CHS,D-2051,Sandeep Sinha,Dustbin overflowing in common area.,Housekeeping,Low,Open,Jyoti Patel
CMP92768,Lotus Boulevard,D-1569,Priya Pillai,Gym AC insufficient - too hot inside.,Gym,Low,Open,Madhuri Das
CMP24389,The Meadows,B-2237,Seema Das,Vehicle without society sticker parked for many days.,Parking,Medium,Open,Ritu Nair
CMP31409,Cedar Crest Society,A-1512,Neha Nair,Shower area not functioning.,Swimming Pool,Critical,Resolved,Ritu Nair
CMP42764,Blue Horizons CHS,D-328,Jyoti Malhotra,Corridor light not working - very dark.,Common Area,Critical,Open,Jyoti Desai
CMP20813,Blue Horizons CHS,C-2294,Rakesh Rao,Garden lights not functioning at night.,Garden,Medium,Resolved,Ravi Reddy
CMP82602,The Pinnacle CHS,A-2412,Ashok Shah,Garden gate lock broken.,Garden,Medium,In Progress,Rupali Desai
CMP63646,Whispering Willows CHS,B-1075,Rajesh Sinha,Neighbor playing loud music late at night.,Noise,Critical,In Progress,Swati Reddy
CMP45845,Orchid Petals Society,B-1975,Rupali Mehta,Clubhouse washroom taps not working.,Clubhouse,Critical,Open,Jyoti Patel
CMP17354,The Pinnacle CHS,B-1672,Priya Gupta,CCTV toh kaam hi nahi karta,Security,Low,Resolved,Rajesh Sinha
CMP95470,Whispering Willows CHS,A-2501,Saurabh Verma,Guest parking area always full - no space.,Parking,Critical,Assigned,Ashok Reddy
CMP70535,Crystal Heights,B-690,Priya Kulkarni,Garden bench damaged and needs repair.,Garden,Critical,Resolved,Manisha Das
CMP38867,Desert Rose Apartments,A-686,Rajesh Kulkarni,Garbage collection timing too early.,Waste Management,Critical,Resolved,Varun Kulkarni
CMP74112,Whispering Willows CHS,B-1999,Amit Singh,Pool water not chlorinated - unhygienic.,Swimming Pool,High,Assigned,Ashok Reddy
CMP34414,Banyan Tree Residences,C-1204,Manisha Rao,Lift full kharab hai bhai,Lift,High,Open,Ritu Nair
CMP14591,Platinum Towers,B-752,Preeti Shah,Society water bill very high - possible leakage.,Water Supply,Critical,In Progress,Mahesh Das
CMP33136,Palm Grove Residences,A-1315,Seema Malhotra,Clubhouse lights not working in evening.,Clubhouse,Critical,Resolved,Rajesh Sinha
CMP38656,Harmony Heights,A-1899,Sneha Verma,Very low water pressure on higher floors.,Water Supply,Low,In Progress,Shruti Singh
CMP56250,Vasant Vihar Apartments,B-202,Nisha Malhotra,Depth markings not visible.,Swimming Pool,Medium,Open,Ravi Patel
CMP47636,Silver Springs,A-1169,Kiran Malhotra,Flush kharab hai,Plumbing,Low,Assigned,Abhishek Sharma
CMP32595,Victoria Apartments,D-335,Vikas Patel,Society water bill very high - possible leakage.,Water Supply,Critical,Assigned,Jyoti Desai
CMP19669,Emerald Bay CHS,B-581,Sachin Gupta,Mere parking mein koi aur gaadi khadi hai,Parking,High,Open,Kavita Sinha
CMP31177,Banyan Tree Residences,B-2421,Nitin Singh,Water pipe burst in basement.,Water Supply,Medium,Assigned,Kavita Sinha
CMP28119,The Imperial Towers,C-1645,Sunita Bose,Light jal nahi rahi,Electrical,Low,Resolved,Mahesh Das
CMP54882,Vasant Vihar Apartments,D-672,Vikram Joshi,Gym floor mat torn - slipping hazard.,Gym,Medium,Open,Mahesh Singh
CMP69638,Victoria Apartments,A-158,Meera Bose,Very low water pressure on higher floors.,Water Supply,Critical,Open,Rajesh Sinha
CMP60749,Paradise Heights,B-1364,Seema Kulkarni,Bathroom ka tap band nahi ho raha,Plumbing,High,Assigned,Amit Iyer
CMP35549,Palm Grove Residences,A-1065,Manisha Kapoor,Common area notice board glass broken.,Common Area,High,Resolved,Madhuri Das
CMP54980,The Meadows,C-1298,Manoj Shah,Majhya parking madhe dusryachi gaadi ubhi ahe,Parking,Critical,Assigned,Abhishek Sharma
CMP51434,Lotus Boulevard,C-1747,Amit Patel,Overgrown bushes blocking walkway.,Garden,Critical,Resolved,Manisha Das
CMP76524,Pearl Residency,C-1781,Sneha Kulkarni,Parking area mein paani bhara hua hai,Parking,Low,Assigned,Mahesh Singh
CMP75228,Emerald Bay CHS,B-931,Shweta Desai,Tube light flickering continuously.,Electrical,High,In Progress,Deepika Gupta
CMP44055,Orchid Petals Society,A-1057,Madhuri Sharma,Plastic waste burning in society - health hazard.,Waste Management,Medium,Open,Jyoti Desai
CMP21526,Shanti Vihar Apartments,C-715,Nitin Das,Children's pool empty and dirty.,Swimming Pool,High,Assigned,Ravi Patel
CMP72940,The Meadows,B-461,Ritu Rao,Life guard absent during pool hours.,Swimming Pool,Critical,Assigned,Madhuri Kulkarni
CMP88319,Harmony Heights,C-2005,Ashok Mehta,Common area wall paint peeling off.,Common Area,High,In Progress,Shweta Iyer
CMP37744,Royal Enclave CHS,C-1930,Ajay Reddy,Bed bugs in bedroom - very serious problem.,Pest Control,Critical,Open,Dinesh Kapoor
CMP80202,Shanti Vihar Apartments,B-685,Deepika Patel,Heavy furniture being dragged at odd hours.,Noise,High,Open,Ritu Nair
CMP16829,Paradise Heights,D-2184,Priya Chopra,Unauthorized vehicle parked in society.,Security,Critical,Open,Jyoti Patel
CMP23329,Cedar Crest Society,B-701,Madhuri Das,Lift overload alarm malfunctioning.,Lift,Low,Open,Kiran Menon
CMP54146,Serene Waters Society,B-2324,Komal Sinha,Vehicle without society sticker parked for many days.,Parking,Low,Assigned,Amit Desai
CMP83285,Golden Gate Apartments,C-2421,Preeti Kapoor,Bad smell from garbage collection area.,Waste Management,Low,Open,Mahesh Singh
CMP65263,Ocean View CHS,D-616,Priya Bose,Entrance door closer not working.,Common Area,High,Open,Ravi Patel
CMP48846,Silver Springs,A-1661,Kavita Sinha,Drainage pipe blocked - water overflowing in bathroom.,Plumbing,Medium,Resolved,Ravi Das
CMP25037,Golden Gate Apartments,B-1564,Pallavi Kapoor,Lift ki door properly close nahi hoti,Lift,Medium,Assigned,Kiran Menon
CMP22246,The Meadows,A-1406,Komal Malhotra,Lift kharab ho gayi hai,Lift,High,Resolved,Abhishek Sharma
CMP54276,Blue Horizons CHS,B-171,Rupali Das,Parking area madhe paani jamla ahe,Parking,Medium,Assigned,Ravi Patel
CMP75433,Skyline Residency,C-1268,Sunita Kulkarni,Emergency exit door jammed and locked.,Common Area,Medium,Open,Rupali Desai
CMP47326,Golden Gate Apartments,C-2102,Mahesh Nair,Weight machine cable broken.,Gym,High,In Progress,Madhuri Das
CMP54122,Orchid Petals Society,B-1613,Sneha Rao,There is water leakage below the kitchen sink.,Plumbing,Medium,Assigned,Ravi Patel
CMP16080,The Meadows,D-2244,Priya Kapoor,CCTV toh kaam hi nahi karta,Security,Medium,In Progress,Kiran Menon
CMP77118,Maple Woods Enclave,D-2231,Priya Nair,Service lift out of order since morning.,Lift,Critical,Resolved,Swati Reddy
CMP57719,Eco-Village CHS,D-2182,Ramesh Chopra,Music practice during afternoon quiet hours.,Noise,High,Open,Mahesh Das
CMP57948,Royal Enclave CHS,D-915,Anita Kulkarni,Loud arguments and shouting from neighbor's flat.,Noise,Critical,In Progress,Ravi Agarwal
CMP43445,Silver Springs,B-2274,Vikram Verma,Vehicle without society sticker parked for many days.,Parking,High,Resolved,Deepika Gupta
CMP60017,Victoria Apartments,C-1772,Rupali Bose,Pool timings not displayed properly.,Swimming Pool,High,Assigned,Ravi Das
CMP72699,Cedar Crest Society,A-1777,Ajay Nair,Construction noise from upstairs flat during quiet hours.,Noise,High,Assigned,Varun Kulkarni
CMP97431,The Imperial Towers,A-113,Rajesh Menon,Clubhouse AC not working properly.,Clubhouse,Medium,Open,Swati Reddy
CMP66755,Whispering Willows CHS,D-1116,Rohit Singh,Bathroom tap is dripping continuously - water wastage.,Plumbing,Medium,Resolved,Varun Reddy
CMP56504,Platinum Towers,B-2372,Ravi Rao,Residents not segregating wet and dry waste.,Waste Management,Critical,Assigned,Jyoti Desai
CMP97882,Spring Gardens CHS,A-570,Manoj Sharma,Dogs barking loudly throughout night.,Noise,Low,Open,Varun Reddy
CMP81870,The Imperial Towers,B-1393,Amit Sharma,Children's play area swings broken.,Garden,Medium,In Progress,Ritu Malhotra
CMP99395,Orchid Petals Society,D-341,Ritu Iyer,Clubhouse washroom taps not working.,Clubhouse,Medium,In Progress,Rajesh Sinha
CMP25700,The Meadows,A-1538,Nitin Kapoor,Dumbbell weights missing - incomplete set.,Gym,High,In Progress,Kiran Menon
CMP11261,Golden Gate Apartments,C-871,Amit Kulkarni,Pool water not chlorinated - unhygienic.,Swimming Pool,Critical,In Progress,Shweta Iyer
CMP71675,Silver Springs,D-2119,Rakesh Mehta,Doorbell not functioning.,Electrical,Medium,Resolved,Sachin Joshi
CMP16544,Emerald Bay CHS,D-899,Manisha Rao,CCTV camera in our floor not working.,Security,Critical,In Progress,Madhuri Das
CMP34633,Harmony Heights,B-1074,Mahesh Mehta,Treadmill not working for past week.,Gym,Low,Resolved,Ashok Reddy
CMP50539,Paradise Heights,A-2244,Neha Iyer,Too many mosquitoes - fogging required.,Pest Control,Medium,Assigned,Sachin Joshi
CMP35467,Maple Woods Enclave,B-1043,Manisha Reddy,Children's pool empty and dirty.,Swimming Pool,Low,Assigned,Varun Reddy
CMP28693,The Pinnacle CHS,C-2114,Anita Reddy,Staircase light not working for past 3 days.,Electrical,High,Assigned,Abhishek Sharma
CMP70243,Sunrise Enclave,A-1759,Shweta Malhotra,Shower area not functioning.,Swimming Pool,Medium,Open,Ashok Reddy
CMP78317,Golden Heights,A-116,Mahesh Bose,Intercom system not connecting to gate.,Security,Medium,Resolved,Varun Kulkarni
CMP72051,Green Meadows CHS Ltd.,A-1933,Rakesh Pillai,Mere parking mein koi aur gaadi khadi hai,Parking,Low,Resolved,Rupali Desai
CMP39658,Silver Oaks Apartment Owners Association,B-322,Meera Singh,Construction noise from upstairs flat during quiet hours.,Noise,Critical,In Progress,Madhuri Kulkarni
CMP70815,Grandeur Park Residences,B-1206,Dinesh Sharma,Children's play area swings broken.,Garden,Medium,Assigned,Manisha Das
CMP39165,Spring Gardens CHS,C-510,Rohit Iyer,Waste segregation bins not provided on our floor.,Waste Management,Medium,Assigned,Swati Reddy
CMP33762,Lotus Boulevard,D-1551,Vikas Reddy,Tube light flickering continuously.,Electrical,Critical,Assigned,Varun Kulkarni
CMP35246,The Imperial Towers,B-1495,Ashok Chopra,Common area wall paint peeling off.,Common Area,Low,In Progress,Sachin Joshi
CMP22126,Emerald Bay CHS,B-139,Kiran Mehta,Anjan aadmi basement mein ghoom raha tha,Security,Critical,In Progress,Ravi Reddy
CMP70099,Maple Woods Enclave,C-599,Abhishek Bose,Lift mein bahut awaaz aa rahi hai,Lift,High,Assigned,Mahesh Das
CMP45803,Crystal Heights,D-1603,Suresh Patel,Overhead tank overflow causing seepage.,Water Supply,Low,Open,Mahesh Singh
CMP32886,Desert Rose Apartments,D-2021,Sanjay Iyer,Dog waste not cleaned from garden regularly.,Garden,High,Assigned,Ravi Reddy
CMP82301,Cedar Crest Society,C-2023,Ravi Joshi,Pool filtration system not working.,Swimming Pool,Medium,Resolved,Deepika Gupta
CMP35289,Golden Gate Apartments,A-746,Anjali Malhotra,Service lift out of order since morning.,Lift,Critical,Resolved,Abhishek Sharma
CMP26730,Hillview Cooperative Housing Society,C-1592,Preeti Sharma,AC point not providing power.,Electrical,Medium,In Progress,Ritu Nair
CMP16679,Crystal Heights,A-1912,Vikram Iyer,Lift full kharab hai bhai,Lift,Low,In Progress,Madhuri Das
CMP49580,Pearl Residency,D-402,Jyoti Nair,Depth markings not visible.,Swimming Pool,Critical,Open,Ashok Reddy
CMP40746,Sunrise Enclave,B-2457,Sachin Shah,Parking full waterlogged hai,Parking,High,Assigned,Ritu Nair
CMP36364,Victoria Apartments,A-412,Anil Das,Garbage chute door broken.,Housekeeping,Low,Assigned,Jyoti Desai
CMP74400,Eco-Village CHS,C-2221,Swati Verma,Staircase very dirty - not cleaned for days.,Housekeeping,Low,Assigned,Ritu Malhotra
CMP29097,Shanti Vihar Apartments,C-2227,Anita Bose,Dog waste not cleaned from garden regularly.,Garden,Low,In Progress,Shweta Iyer
CMP61323,Spring Gardens CHS,C-1250,Kavita Das,Too many mosquitoes - fogging required.,Pest Control,Critical,Assigned,Ritu Malhotra
CMP20934,Maple Woods Enclave,A-2439,Shweta Verma,Gym door lock jammed.,Gym,Medium,Resolved,Ravi Reddy
CMP23375,Golden Gate Apartments,C-468,Amit Bose,Clubhouse closed without prior notice.,Clubhouse,Low,Resolved,Rupali Desai
CMP95437,The Pinnacle CHS,A-138,Sunita Verma,Pool filtration system not working.,Swimming Pool,High,In Progress,Deepika Gupta
CMP17874,Victoria Apartments,A-497,Seema Kulkarni,Bathroom cha tap band hot nahi,Plumbing,Medium,Assigned,Ravi Patel
CMP34920,Sunset Point Apartments,A-1335,Anjali Chopra,Clubhouse AC not working properly.,Clubhouse,Critical,Assigned,Nisha Kumar
CMP54550,Desert Rose Apartments,D-918,Rajesh Kumar,Bathroom exhaust fan making noise and not working.,Plumbing,Low,Assigned,Kiran Menon
CMP34809,Shanti Vihar Apartments,B-131,Preeti Gupta,Residents not segregating wet and dry waste.,Waste Management,Low,Assigned,Rajesh Sinha
CMP82320,Spring Gardens CHS,D-673,Madhuri Mehta,Bedroom madhil socket kaam karat nahi,Electrical,Low,In Progress,Nisha Kumar
CMP64780,Sapphire Heights Cooperative Housing Society,A-1630,Nitin Desai,Children's play area swings broken.,Garden,Medium,Open,Nisha Kumar
CMP18320,Spring Gardens CHS,A-2383,Jyoti Bose,Garbage chute door broken.,Housekeeping,High,Assigned,Madhuri Kulkarni
CMP55276,Harmony Heights,D-1244,Manisha Mehta,Neighbor using my second parking without permission.,Parking,Low,Open,Abhishek Sharma
CMP51079,Ruby Residency,D-524,Mahesh Shah,Geyser chalu nahi ho raha,Plumbing,High,In Progress,Ravi Agarwal
CMP17356,Whispering Willows CHS,C-298,Sunita Bose,Overhead tank overflow causing seepage.,Water Supply,Critical,Resolved,Mahesh Das
CMP87941,Royal Enclave CHS,B-1043,Nisha Iyer,Shower area not functioning.,Swimming Pool,Low,Assigned,Varun Kulkarni
CMP12322,Shanti Vihar Apartments,A-2269,Ritu Iyer,Gym exhaust fan not working - suffocating.,Gym,Critical,Open,Kavita Sinha
CMP81210,Lotus Boulevard,C-549,Vikram Chopra,Clubhouse washroom taps not working.,Clubhouse,High,Assigned,Shruti Singh
CMP30072,Golden Gate Apartments,D-2190,Madhuri Desai,Gym timings board removed.,Gym,High,Resolved,Madhuri Das
CMP41164,Shanti Vihar Apartments,C-841,Madhuri Pillai,Children's play area swings broken.,Garden,Low,Resolved,Mahesh Das
CMP29028,Platinum Towers,B-183,Kiran Desai,Termites eating wooden furniture.,Pest Control,High,Open,Manisha Das
CMP80030,Cedar Crest Society,C-1079,Ritu Singh,Water pipe burst in basement.,Water Supply,High,Open,Sachin Joshi
CMP58445,Grandeur Park Residences,D-676,Anita Desai,A vehicle is blocking my parking slot.,Parking,Critical,Resolved,Swati Reddy
CMP43695,Whispering Willows CHS,D-2016,Sanjay Kulkarni,Tube light flickering continuously.,Electrical,Critical,Resolved,Ravi Das
CMP56675,Green Meadows CHS Ltd.,C-115,Amit Sharma,Bed bugs in bedroom - very serious problem.,Pest Control,Critical,In Progress,Varun Reddy
CMP29467,Crystal Heights,C-145,Sanjay Sharma,Dogs barking loudly throughout night.,Noise,Critical,Open,Mahesh Singh
CMP32032,Lotus Boulevard,D-2269,Jyoti Menon,Water pipe burst in basement.,Water Supply,Low,Resolved,Swati Reddy
CMP57992,Hillview Cooperative Housing Society,D-1371,Deepika Menon,Unauthorized persons using clubhouse facilities.,Clubhouse,Medium,Resolved,Ritu Malhotra
CMP45994,Royal Enclave CHS,A-2366,Manoj Agarwal,Spider webs all over balcony.,Pest Control,High,Open,Ritu Nair
CMP26087,Pearl Residency,D-2376,Meera Nair,Electric meter showing wrong reading.,Electrical,High,In Progress,Amit Desai
CMP82336,Desert Rose Apartments,A-1799,Pooja Verma,Children's pool empty and dirty.,Swimming Pool,High,In Progress,Rupali Desai
CMP69092,Zenith Towers,D-1077,Rupali Nair,Very low water pressure on higher floors.,Water Supply,Medium,Resolved,Jyoti Desai
CMP20528,Spring Gardens CHS,D-1797,Deepika Gupta,E-waste collection bin overflowing.,Waste Management,Low,In Progress,Jyoti Patel
CMP30412,Ocean View CHS,C-1676,Pallavi Desai,Mere slot mein kisi ne gaadi park kar di hai yaar,Parking,Critical,Resolved,Rajesh Sinha
CMP68763,Sunset Point Apartments,C-742,Pooja Kumar,Very low water pressure on higher floors.,Water Supply,Medium,Resolved,Amit Iyer
CMP24879,Spring Gardens CHS,D-1789,Nitin Verma,Table tennis rackets and balls missing.,Clubhouse,Low,Resolved,Ashok Reddy
CMP27974,Royal Enclave CHS,D-2092,Sanjay Sharma,Sweeper not doing job properly.,Housekeeping,Critical,Assigned,Ritu Malhotra
CMP88041,Banyan Tree Residences,D-288,Ashok Iyer,Lobby floor tiles need mopping urgently.,Housekeeping,High,Resolved,Shweta Iyer
CMP96091,The Pinnacle CHS,C-632,Shweta Sinha,Garden gate lock broken.,Garden,Low,In Progress,Swati Reddy
CMP64426,Maple Woods Enclave,A-1254,Ravi Bose,Too many mosquitoes due to stagnant water in garden.,Garden,Medium,Open,Ritu Nair
CMP69596,Sunrise Enclave,D-1329,Ajay Mehta,CCTV camera in our floor not working.,Security,Critical,In Progress,Mahesh Das
CMP54913,Silver Oaks Apartment Owners Association,A-732,Seema Agarwal,Yoga room floor mat torn and unhygienic.,Clubhouse,High,Assigned,Madhuri Das
CMP93765,Harmony Heights,A-2189,Ajay Verma,Underground tank needs urgent cleaning.,Water Supply,High,Open,Ritu Malhotra
CMP71407,Ocean View CHS,B-1335,Shweta Bose,Bedroom ka socket kaam nahi kar raha,Electrical,Critical,Resolved,Amit Iyer
CMP56584,Ruby Residency,A-748,Komal Das,Children's pool empty and dirty.,Swimming Pool,Low,Resolved,Shruti Singh
CMP83417,Blue Horizons CHS,A-2028,Sneha Malhotra,Plastic waste burning in society - health hazard.,Waste Management,High,Open,Amit Desai
CMP19913,The Meadows,C-1553,Ritu Desai,Flush kharab jhala ahe,Plumbing,Medium,Open,Ashok Reddy
CMP40158,Golden Heights,D-1757,Nitin Verma,Waste segregation bins not provided on our floor.,Waste Management,High,In Progress,Ritu Nair
CMP22535,Blue Horizons CHS,C-1107,Nitin Reddy,Main MCB tripping frequently.,Electrical,Medium,Open,Nisha Kumar
CMP98440,Palm Grove Residences,A-1205,Abhishek Shah,Vehicle without society sticker parked for many days.,Parking,Critical,Resolved,Abhishek Sharma
CMP30840,Pearl Residency,D-137,Ashok Rao,Garbage chute door broken.,Housekeeping,Medium,Assigned,Kavita Sinha
CMP28610,Lotus Boulevard,A-515,Meera Menon,Lift ka darwaza thik se band nahi hota,Lift,Low,Assigned,Madhuri Kulkarni
CMP20511,Royal Enclave CHS,B-2375,Vikram Menon,Flush kharab jhala ahe,Plumbing,High,Assigned,Manisha Das
CMP35236,Harmony Heights,A-1999,Madhuri Nair,Dog waste not cleaned from garden regularly.,Garden,Low,Open,Ravi Reddy
CMP71268,Golden Heights,B-1045,Rajesh Rao,Staircase railing loose - can cause accident.,Common Area,Critical,Resolved,Ritu Nair
CMP21559,Ruby Residency,B-2349,Saurabh Das,Overhead tank overflow causing seepage.,Water Supply,Low,In Progress,Jyoti Patel
CMP78783,The Imperial Towers,D-2028,Sneha Gupta,Bathroom tap is dripping continuously - water wastage.,Plumbing,Low,Resolved,Ravi Das
CMP81611,Maple Woods Enclave,B-1983,Suresh Patel,Table tennis rackets and balls missing.,Clubhouse,Critical,Assigned,Varun Reddy
CMP45382,Royal Enclave CHS,A-1738,Ajay Reddy,Gym floor mat torn - slipping hazard.,Gym,Medium,In Progress,Jyoti Patel
CMP70761,Golden Heights,C-1573,Suresh Patel,Residents not segregating wet and dry waste.,Waste Management,High,In Progress,Ashok Reddy
CMP86248,Golden Heights,B-1509,Meera Patel,Kitchen sink drain clogged completely.,Plumbing,High,Resolved,Manisha Das
CMP67120,Lotus Boulevard,D-197,Manoj Gupta,Swimming pool water very dirty - not cleaned.,Clubhouse,Critical,Assigned,Ravi Patel
CMP49570,The Pinnacle CHS,A-473,Kavita Kulkarni,Emergency alarm button inside lift not working.,Lift,Low,Resolved,Ravi Agarwal
CMP39368,Green Meadows CHS Ltd.,A-2210,Nitin Gupta,Pigeons nesting on AC outdoor unit.,Pest Control,High,Open,Mahesh Das
CMP90791,Emerald Bay CHS,A-1946,Priya Kulkarni,No separate bin for medical waste.,Waste Management,Medium,In Progress,Ravi Reddy
CMP48886,Orchid Petals Society,B-2125,Vikram Singh,Vehicle without society sticker parked for many days.,Parking,Medium,In Progress,Ravi Patel
CMP22113,Green Meadows CHS Ltd.,C-1370,Madhuri Joshi,Staircase very dirty - not cleaned for days.,Housekeeping,Medium,Assigned,Jyoti Patel
CMP18893,Hillview Cooperative Housing Society,C-1126,Sunita Singh,Water coming muddy and dirty.,Water Supply,High,Open,Amit Iyer
CMP44974,Green Meadows CHS Ltd.,D-1092,Pallavi Pillai,No separate bin for medical waste.,Waste Management,Medium,Assigned,Swati Reddy
CMP87655,The Imperial Towers,C-1766,Pooja Nair,Lift cabin light not working - dark inside.,Lift,Medium,Assigned,Abhishek Sharma
CMP29935,Pearl Residency,B-2233,Preeti Shah,E-waste collection bin overflowing.,Waste Management,Low,Open,Ravi Patel
CMP72152,The Imperial Towers,A-2400,Kiran Malhotra,Plants dying due to lack of maintenance.,Garden,Medium,In Progress,Shruti Singh
CMP86986,Grandeur Park Residences,D-1494,Sanjay Sharma,Water supply timing irregular - unpredictable.,Water Supply,Medium,Assigned,Ritu Nair
CMP92236,Sunset Point Apartments,A-1663,Rupali Desai,Staircase light not working for past 3 days.,Electrical,Low,Assigned,Jyoti Desai
CMP68116,Hillview Cooperative Housing Society,B-1754,Pooja Chopra,Car scratched by another vehicle in parking.,Parking,Low,Assigned,Madhuri Das
CMP29873,Harmony Heights,A-911,Sneha Rao,Shower area not functioning.,Swimming Pool,Low,Resolved,Kavita Sinha
CMP96542,Emerald Bay CHS,B-2251,Vikas Kumar,Society water bill very high - possible leakage.,Water Supply,Critical,Resolved,Rupali Desai
CMP68107,Golden Gate Apartments,A-1328,Vikram Agarwal,Very low water pressure on higher floors.,Water Supply,Critical,Assigned,Deepika Gupta
CMP46064,Skyline Residency,D-2499,Seema Sinha,Entrance door closer not working.,Common Area,Critical,Assigned,Ravi Agarwal
CMP99919,Vasant Vihar Apartments,A-568,Dinesh Rao,Lift door not closing properly - safety issue.,Lift,Medium,Assigned,Kavita Sinha
CMP55904,Golden Gate Apartments,A-345,Preeti Patel,Entrance door closer not working.,Common Area,Low,Resolved,Madhuri Das
CMP97500,Shanti Vihar Apartments,A-1438,Sanjay Gupta,Lobby ceiling leakage during rain.,Common Area,High,In Progress,Shruti Singh
CMP58972,Crystal Heights,D-1320,Anita Iyer,Children running and jumping in flat above ours.,Noise,Low,In Progress,Dinesh Kapoor
CMP48381,Hillview Cooperative Housing Society,D-589,Madhuri Patel,Composting pit emitting foul odor.,Waste Management,High,Resolved,Ravi Patel
CMP70144,Cedar Crest Society,B-2379,Saurabh Kapoor,Boom barrier hitting car roof - too low.,Parking,Medium,In Progress,Kiran Menon
CMP95678,Maple Woods Enclave,A-2063,Madhuri Reddy,Gym floor mat torn - slipping hazard.,Gym,Low,In Progress,Jyoti Desai
CMP12111,Crystal Heights,C-1506,Neha Iyer,Entrance door closer not working.,Common Area,Low,In Progress,Dinesh Kapoor
CMP21057,Paradise Heights,A-1994,Sneha Kumar,Emergency alarm button inside lift not working.,Lift,Critical,Resolved,Shruti Singh
CMP89654,Zenith Towers,D-1977,Rohit Reddy,Pool changing room locks broken.,Swimming Pool,Medium,Open,Ravi Patel
CMP88997,Crystal Heights,D-1205,Deepika Chopra,Dustbin overflowing in common area.,Housekeeping,Critical,Assigned,Ritu Malhotra
CMP24585,Royal Enclave CHS,D-719,Jyoti Singh,Staircase railing loose - can cause accident.,Common Area,High,Resolved,Mahesh Singh
CMP89431,Blue Horizons CHS,A-873,Nitin Gupta,Lobby floor tiles need mopping urgently.,Housekeeping,High,Resolved,Kavita Sinha
CMP54571,Vasant Vihar Apartments,B-1159,Shruti Bose,Clubhouse washroom taps not working.,Clubhouse,Medium,Assigned,Swati Reddy
CMP83758,Emerald Bay CHS,B-1611,Pankaj Sharma,Cobwebs all over corridor ceiling.,Housekeeping,Medium,Open,Rupali Desai
CMP16503,Desert Rose Apartments,A-2360,Preeti Agarwal,Underground tank needs urgent cleaning.,Water Supply,High,Resolved,Manisha Das
CMP19602,Sunset Point Apartments,D-319,Kiran Desai,CCTV camera in our floor not working.,Security,Critical,Open,Deepika Gupta
CMP97547,Silver Springs,C-1672,Manoj Gupta,Bed bugs in bedroom - very serious problem.,Pest Control,Critical,Open,Ravi Patel
CMP69391,Sunrise Enclave,C-1840,Seema Joshi,Garden gate lock broken.,Garden,Low,Resolved,Madhuri Kulkarni
CMP84552,Platinum Towers,B-138,Saurabh Malhotra,Staircase very dirty - not cleaned for days.,Housekeeping,Medium,Open,Shweta Iyer
CMP91683,Paradise Heights,B-2166,Nisha Joshi,Kitchen madhe sink khali pani ghalat ahe,Plumbing,High,Assigned,Amit Iyer
CMP15316,Vasant Vihar Apartments,C-1295,Manisha Iyer,Sweeper not doing job properly.,Housekeeping,Medium,Resolved,Mahesh Das
CMP74300,Sapphire Heights Cooperative Housing Society,B-139,Preeti Agarwal,Car scratched by another vehicle in parking.,Parking,Low,Resolved,Rajesh Sinha
CMP17758,Golden Heights,B-677,Nitin Singh,Common area notice board glass broken.,Common Area,Critical,Open,Ravi Reddy
CMP89629,Golden Gate Apartments,B-317,Jyoti Malhotra,Lift number 2 has stopped working.,Lift,High,Open,Ritu Nair
CMP28994,Vasant Vihar Apartments,B-1227,Abhishek Menon,Dumbbell weights missing - incomplete set.,Gym,High,Resolved,Madhuri Das
CMP62387,Diamond Plaza,A-1324,Varun Reddy,Table tennis rackets and balls missing.,Clubhouse,Critical,Open,Kavita Sinha
CMP11457,Skyline Residency,A-728,Ritu Sinha,Gym floor mat torn - slipping hazard.,Gym,High,Assigned,Deepika Gupta
CMP77855,Sunrise Enclave,A-147,Nitin Sinha,Too many mosquitoes due to stagnant water in garden.,Garden,Medium,Open,Ravi Agarwal
CMP43491,Desert Rose Apartments,D-890,Ravi Shah,No separate bin for medical waste.,Waste Management,Critical,Assigned,Jyoti Patel
CMP57114,Grandeur Park Residences,A-1122,Neha Rao,Garbage not collected from our floor today.,Housekeeping,Low,Assigned,Manisha Das
CMP21373,Victoria Apartments,C-2342,Manoj Kulkarni,Common area washroom very dirty.,Housekeeping,High,Resolved,Ritu Malhotra
CMP89313,Whispering Willows CHS,D-994,Jyoti Sharma,Service lift out of order since morning.,Lift,Low,Resolved,Ravi Das
CMP69539,The Pinnacle CHS,C-1976,Anita Das,Neighbor playing loud music late at night.,Noise,Low,Resolved,Deepika Gupta
CMP99348,Platinum Towers,A-1570,Neha Reddy,Rat problem in our flat - need urgent pest control.,Pest Control,Low,Open,Abhishek Sharma
CMP45274,Diamond Plaza,D-1894,Sachin Kapoor,Garbage collection timing too early.,Waste Management,Medium,In Progress,Madhuri Das
CMP59792,Ocean View CHS,B-829,Deepika Singh,Weight machine cable broken.,Gym,Medium,Resolved,Rupali Desai
CMP78395,Green Meadows CHS Ltd.,A-153,Kiran Das,Underground tank needs urgent cleaning.,Water Supply,High,In Progress,Nisha Kumar
CMP22017,Sunset Point Apartments,A-1163,Rupali Iyer,Residents not segregating wet and dry waste.,Waste Management,Critical,In Progress,Deepika Gupta
CMP71879,Royal Enclave CHS,D-849,Manoj Menon,Termites eating wooden furniture.,Pest Control,Critical,Open,Ritu Nair
CMP74534,Sunset Point Apartments,D-1953,Vikram Kumar,Party in neighboring flat - very loud till 2 AM.,Noise,Low,Open,Ritu Malhotra
CMP99996,Sunrise Enclave,C-624,Shweta Sinha,Theft reported - jewellery stolen from flat.,Security,Critical,Resolved,Madhuri Das
CMP97950,Silver Oaks Apartment Owners Association,A-2326,Rohit Sharma,Treadmill not working for past week.,Gym,High,Resolved,Ravi Das
CMP12387,Paradise Heights,C-947,Ramesh Rao,Common area washroom very dirty.,Housekeeping,Low,In Progress,Dinesh Kapoor
CMP42813,Whispering Willows CHS,D-1384,Anjali Iyer,Fan awaaz kar raha hai,Electrical,Critical,Open,Swati Reddy
CMP68557,Spring Gardens CHS,C-1357,Rupali Kumar,Theft reported - jewellery stolen from flat.,Security,Medium,Assigned,Kiran Menon
CMP70195,The Pinnacle CHS,C-577,Pooja Gupta,Treadmill not working for past week.,Gym,Medium,Resolved,Ritu Malhotra
CMP77738,Maple Woods Enclave,C-146,Ramesh Patel,Society water bill very high - possible leakage.,Water Supply,High,Open,Rupali Desai
CMP87404,Blue Horizons CHS,A-2151,Rohit Kumar,No separate bin for medical waste.,Waste Management,Critical,Assigned,Amit Desai
CMP96063,Whispering Willows CHS,C-1179,Vikram Desai,Children's pool empty and dirty.,Swimming Pool,Low,Resolved,Ravi Agarwal
CMP99857,Maple Woods Enclave,B-1775,Rajesh Desai,Table tennis rackets and balls missing.,Clubhouse,High,In Progress,Abhishek Sharma
CMP12645,Crystal Heights,B-2275,Anil Nair,Gym door lock jammed.,Gym,Low,Open,Jyoti Desai
CMP80746,Silver Oaks Apartment Owners Association,B-802,Vikram Sharma,Security guard duty pe nahi hai,Security,High,In Progress,Varun Kulkarni
CMP82877,Hillview Cooperative Housing Society,A-2136,Sachin Kumar,Hot water geyser not functioning.,Plumbing,Low,Assigned,Varun Reddy
CMP25344,The Pinnacle CHS,A-1422,Pooja Das,Garden gate lock broken.,Garden,Low,Open,Ravi Patel
CMP63039,Zenith Towers,A-2282,Seema Desai,Yaar light nahi aa rahi room mein,Electrical,Medium,Assigned,Kiran Menon
CMP14879,The Pinnacle CHS,C-1128,Suresh Singh,Lift making strange grinding noise.,Lift,Critical,In Progress,Mahesh Das
CMP40744,Diamond Plaza,D-1280,Amit Malhotra,Pool filtration system not working.,Swimming Pool,Low,Open,Deepika Gupta
CMP22794,Ocean View CHS,C-2220,Ravi Nair,Lift mein bahut awaaz aa rahi hai,Lift,Critical,In Progress,Jyoti Patel
CMP19927,Sapphire Heights Cooperative Housing Society,B-2314,Preeti Reddy,Underground tank needs urgent cleaning.,Water Supply,Low,Open,Mahesh Singh
CMP20188,Shanti Vihar Apartments,D-646,Shweta Malhotra,Housekeeping staff coming late daily.,Housekeeping,High,In Progress,Kiran Menon
CMP35148,Zenith Towers,D-822,Varun Pillai,Doorbell not functioning.,Electrical,Critical,Assigned,Ashok Reddy
CMP96963,Shanti Vihar Apartments,C-275,Varun Singh,Lift cha darwaza band hot nahi,Lift,Low,Assigned,Nisha Kumar
CMP12213,Zenith Towers,A-1372,Swati Menon,Lift ki door properly close nahi hoti,Lift,High,Open,Nisha Kumar
CMP57666,The Pinnacle CHS,D-444,Seema Kumar,Too many mosquitoes - fogging required.,Pest Control,High,In Progress,Ravi Agarwal
CMP69838,Shanti Vihar Apartments,B-685,Mahesh Kumar,Socket kaam nahi kar raha hai boss,Electrical,High,Assigned,Jyoti Desai
CMP32682,Silver Oaks Apartment Owners Association,B-1858,Manisha Sharma,Too many mosquitoes due to stagnant water in garden.,Garden,Critical,Resolved,Varun Kulkarni
CMP48380,Eco-Village CHS,C-1974,Sunita Gupta,Light switch broken - needs replacement.,Electrical,Critical,Resolved,Shweta Iyer
CMP16743,Golden Gate Apartments,C-1795,Jyoti Reddy,Garden lights not functioning at night.,Garden,Medium,Resolved,Jyoti Patel
CMP79245,Cedar Crest Society,C-2353,Ravi Mehta,Pigeons nesting on AC outdoor unit.,Pest Control,Critical,Open,Madhuri Das
CMP50722,Skyline Residency,D-763,Nitin Patel,Nameplate board outside flat damaged.,Common Area,Medium,Open,Ritu Nair
CMP77469,Serene Waters Society,D-921,Sandeep Gupta,Bad smell from garbage collection area.,Waste Management,Low,In Progress,Swati Reddy
CMP10348,Sunrise Enclave,A-1676,Shweta Singh,Parking area mein paani bhara hua hai,Parking,Low,Assigned,Rajesh Sinha
CMP69596,Lotus Boulevard,B-1182,Anita Verma,Main MCB tripping frequently.,Electrical,Medium,Assigned,Ravi Patel
CMP73523,Ruby Residency,A-299,Mahesh Verma,Water supply timing irregular - unpredictable.,Water Supply,Medium,Assigned,Shweta Iyer
CMP26003,The Meadows,D-1445,Deepika Gupta,Bathroom exhaust fan making noise and not working.,Plumbing,Low,Open,Rupali Desai
CMP91042,Shanti Vihar Apartments,B-279,Ashok Patel,Staircase light not working for past 3 days.,Electrical,Medium,Resolved,Ravi Patel
CMP42594,Harmony Heights,C-2404,Meera Kulkarni,Staircase railing loose - can cause accident.,Common Area,Medium,Resolved,Ravi Patel
CMP12663,Maple Woods Enclave,B-2360,Swati Bose,Too many mosquitoes due to stagnant water in garden.,Garden,High,In Progress,Ashok Reddy
CMP10053,Harmony Heights,C-2358,Mahesh Kumar,Cobwebs all over corridor ceiling.,Housekeeping,Medium,Assigned,Swati Reddy
CMP32560,Orchid Petals Society,D-919,Shweta Kapoor,Neighbor using my second parking without permission.,Parking,Critical,Resolved,Deepika Gupta
CMP43552,Emerald Bay CHS,B-1849,Jyoti Pillai,Garbage not collected from our floor today.,Housekeeping,Medium,Resolved,Manisha Das
CMP59756,Lotus Boulevard,D-127,Preeti Sinha,Underground tank needs urgent cleaning.,Water Supply,Critical,Open,Dinesh Kapoor
CMP36942,The Imperial Towers,C-566,Ramesh Malhotra,Parking full waterlogged hai,Parking,High,In Progress,Madhuri Das
CMP53114,Ruby Residency,C-1675,Shweta Chopra,Gym equipment broken and unsafe to use.,Clubhouse,Critical,Assigned,Jyoti Desai
CMP62046,Ocean View CHS,D-206,Rohit Sinha,Swimming pool water very dirty - not cleaned.,Clubhouse,Critical,Resolved,Amit Desai
CMP72028,Diamond Plaza,D-790,Ajay Menon,Underground tank needs urgent cleaning.,Water Supply,Low,Resolved,Mahesh Singh
CMP53563,Serene Waters Society,D-1221,Kavita Singh,Depth markings not visible.,Swimming Pool,Medium,Resolved,Deepika Gupta
CMP30328,Spring Gardens CHS,A-1352,Ashok Reddy,Lift madhe khup awaaz yetoy,Lift,Critical,Open,Kiran Menon
CMP78242,The Pinnacle CHS,A-2424,Preeti Shah,Parking full waterlogged hai,Parking,Medium,In Progress,Kiran Menon
CMP48826,Whispering Willows CHS,B-403,Manisha Verma,CCTV toh kaam hi nahi karta,Security,Critical,In Progress,Mahesh Das
CMP39934,Golden Gate Apartments,C-1953,Amit Verma,No water supply since morning in our flat.,Water Supply,Critical,Assigned,Ravi Agarwal
CMP25725,Zenith Towers,D-1041,Ravi Menon,Bhai bathroom ke niche se paani leak ho raha hai,Plumbing,Medium,Resolved,Ravi Das
CMP51417,Lotus Boulevard,D-1748,Anita Sharma,Socket kaam nahi kar raha hai boss,Electrical,Low,In Progress,Nisha Kumar
CMP42579,Golden Gate Apartments,D-401,Rupali Kulkarni,Letter box lock broken - security risk.,Common Area,Critical,Resolved,Manisha Das
CMP55774,Spring Gardens CHS,D-484,Seema Iyer,Water pipe burst in basement.,Water Supply,Low,Open,Dinesh Kapoor
CMP60415,Emerald Bay CHS,C-964,Sanjay Iyer,Water supply timing irregular - unpredictable.,Water Supply,Low,Open,Deepika Gupta
CMP92342,Palm Grove Residences,B-932,Nisha Patel,Garden lights not functioning at night.,Garden,Low,Open,Ravi Agarwal
CMP58038,Zenith Towers,C-1205,Anita Joshi,Dustbin overflowing in common area.,Housekeeping,Medium,Open,Ravi Das
CMP20336,Hillview Cooperative Housing Society,B-182,Kiran Pillai,Music practice during afternoon quiet hours.,Noise,High,Assigned,Sachin Joshi
CMP59572,Golden Gate Apartments,C-675,Rakesh Rao,Dumbbell weights missing - incomplete set.,Gym,Low,Resolved,Swati Reddy
CMP64064,Sunrise Enclave,C-1250,Vikas Malhotra,Parking area madhe paani jamla ahe,Parking,Low,Resolved,Amit Desai
CMP57166,Sunset Point Apartments,C-2294,Rupali Desai,Cobwebs all over corridor ceiling.,Housekeeping,Critical,In Progress,Jyoti Patel
CMP52674,Desert Rose Apartments,A-763,Vikas Joshi,Fruit flies in kitchen - very unhygienic.,Pest Control,Critical,In Progress,Ravi Agarwal
CMP97501,Crystal Heights,C-1028,Rakesh Agarwal,Common area wall paint peeling off.,Common Area,Critical,Resolved,Ravi Das
CMP91328,Silver Oaks Apartment Owners Association,A-1754,Dinesh Patel,Gate access card not working.,Security,High,Open,Kiran Menon
CMP58649,Emerald Bay CHS,C-1974,Manisha Gupta,CCTV toh kaam hi nahi karta,Security,Critical,Assigned,Varun Kulkarni
CMP66269,Pearl Residency,A-316,Swati Joshi,Loud arguments and shouting from neighbor's flat.,Noise,High,In Progress,Amit Desai
CMP88191,Ocean View CHS,D-1100,Priya Kumar,Emergency exit door jammed and locked.,Common Area,Critical,In Progress,Varun Kulkarni
CMP13437,Desert Rose Apartments,C-2439,Komal Sharma,Unauthorized persons using clubhouse facilities.,Clubhouse,Medium,Assigned,Varun Reddy
CMP42358,Orchid Petals Society,D-551,Saurabh Bose,Ants everywhere in kitchen despite cleaning.,Pest Control,Medium,Resolved,Ravi Agarwal
CMP59187,Desert Rose Apartments,D-1270,Sachin Gupta,Housekeeping staff coming late daily.,Housekeeping,Low,Open,Sachin Joshi
CMP78068,Lotus Boulevard,D-506,Sandeep Rao,Bad smell from garbage collection area.,Waste Management,Low,Assigned,Mahesh Das
CMP99817,Vasant Vihar Apartments,B-2098,Seema Verma,AC point not providing power.,Electrical,Critical,In Progress,Ritu Nair
CMP68579,The Pinnacle CHS,C-2314,Priya Nair,Kitchen sink drain clogged completely.,Plumbing,Critical,In Progress,Amit Iyer
CMP45713,Harmony Heights,C-1108,Kavita Kulkarni,Pool water not chlorinated - unhygienic.,Swimming Pool,High,Assigned,Ravi Patel
CMP58496,Golden Heights,B-342,Ramesh Sinha,Common area notice board glass broken.,Common Area,High,Resolved,Ravi Agarwal
CMP28745,Maple Woods Enclave,B-2391,Preeti Kulkarni,Bore well pump not working.,Water Supply,Low,Open,Varun Reddy
CMP19505,Sunset Point Apartments,A-2359,Manoj Chopra,A vehicle is blocking my parking slot.,Parking,High,Open,Varun Kulkarni
CMP95149,Hillview Cooperative Housing Society,D-574,Shruti Kulkarni,Lift ka darwaza thik se band nahi hota,Lift,Critical,In Progress,Ravi Das
CMP71679,Maple Woods Enclave,B-882,Pankaj Mehta,Bathroom cha tap band hot nahi,Plumbing,Low,Resolved,Rajesh Sinha
CMP55611,Shanti Vihar Apartments,D-1488,Meera Reddy,Clubhouse AC not working properly.,Clubhouse,High,Resolved,Swati Reddy
CMP43988,Sapphire Heights Cooperative Housing Society,B-1072,Rupali Verma,Bench press bench wobbling - unsafe.,Gym,High,Open,Ravi Patel
CMP31260,Ruby Residency,D-2039,Shweta Kapoor,Residents not segregating wet and dry waste.,Waste Management,Critical,In Progress,Dinesh Kapoor
CMP83741,Sunset Point Apartments,A-640,Anjali Malhotra,Lift full kharab hai bhai,Lift,Low,Open,Madhuri Das
CMP62632,Silver Springs,D-222,Ramesh Iyer,CCTV toh kaam hi nahi karta,Security,Medium,Assigned,Ritu Malhotra
CMP39028,Victoria Apartments,A-1692,Dinesh Verma,Entrance door closer not working.,Common Area,High,Assigned,Madhuri Das
CMP55818,Sapphire Heights Cooperative Housing Society,B-825,Priya Kulkarni,Pigeons nesting on AC outdoor unit.,Pest Control,Low,Open,Ritu Malhotra
CMP86380,Golden Gate Apartments,A-2053,Ramesh Kumar,A vehicle is blocking my parking slot.,Parking,Medium,Resolved,Shweta Iyer
CMP29192,Hillview Cooperative Housing Society,D-1079,Pallavi Agarwal,Dumbbell weights missing - incomplete set.,Gym,High,Resolved,Deepika Gupta
CMP81357,Platinum Towers,D-1873,Sneha Kumar,Gym mirror cracked - dangerous.,Gym,Medium,Open,Shweta Iyer
CMP64234,Paradise Heights,A-2348,Anjali Bose,Kitchen ke sink ke neeche paani leak ho raha hai,Plumbing,Medium,Resolved,Mahesh Singh
CMP23577,Lotus Boulevard,C-616,Ravi Sinha,Water supply timing irregular - unpredictable.,Water Supply,Medium,In Progress,Manisha Das
CMP12955,Sunset Point Apartments,C-1907,Dinesh Malhotra,Kitchen sink drain clogged completely.,Plumbing,Critical,Assigned,Mahesh Singh
CMP20483,Lotus Boulevard,C-2434,Ritu Agarwal,Kitchen sink drain clogged completely.,Plumbing,High,Resolved,Varun Kulkarni
CMP93077,Spring Gardens CHS,C-432,Seema Malhotra,Yaar light nahi aa rahi room mein,Electrical,Critical,Assigned,Ravi Agarwal
CMP19696,Sapphire Heights Cooperative Housing Society,A-205,Ritu Shah,Lift cabin smelling bad - needs cleaning.,Housekeeping,Low,Assigned,Ravi Reddy
CMP59845,Palm Grove Residences,C-176,Meera Menon,Vehicle horn being used unnecessarily in society.,Noise,Medium,Open,Ravi Patel
CMP50934,Emerald Bay CHS,D-2420,Abhishek Das,Clubhouse AC not working properly.,Clubhouse,Critical,Assigned,Amit Desai
CMP35626,Eco-Village CHS,C-428,Pooja Mehta,Treadmill not working for past week.,Gym,Medium,In Progress,Madhuri Das
CMP52572,Banyan Tree Residences,C-634,Vikas Shah,Clubhouse closed without prior notice.,Clubhouse,Critical,Open,Varun Reddy
CMP44462,The Imperial Towers,B-1520,Swati Desai,Entrance door closer not working.,Common Area,Low,Open,Jyoti Desai
CMP73224,Silver Oaks Apartment Owners Association,A-1878,Ajay Verma,Unauthorized persons using clubhouse facilities.,Clubhouse,High,Assigned,Ritu Nair
CMP14301,Crystal Heights,B-763,Rohit Sinha,Common area wall paint peeling off.,Common Area,Medium,Open,Varun Kulkarni
CMP72498,Royal Enclave CHS,C-117,Sandeep Malhotra,Visitor entered without proper verification.,Security,Low,Open,Amit Desai
CMP79619,Diamond Plaza,D-382,Seema Agarwal,Plants dying due to lack of maintenance.,Garden,Critical,Open,Shruti Singh
CMP46933,The Meadows,B-1717,Anita Kulkarni,Flush is not working properly - water keeps running.,Plumbing,Medium,Resolved,Dinesh Kapoor
CMP86140,Lotus Boulevard,B-1146,Shruti Rao,Lift kharab ho gayi hai,Lift,Critical,Open,Amit Iyer
CMP57443,Cedar Crest Society,C-1634,Shruti Malhotra,Lift mein bahut awaaz aa rahi hai,Lift,Low,Open,Kavita Sinha
CMP95565,Vasant Vihar Apartments,A-167,Nisha Agarwal,Gym equipment broken and unsafe to use.,Clubhouse,High,In Progress,Deepika Gupta
CMP86346,Desert Rose Apartments,C-945,Madhuri Singh,Water coming muddy and dirty.,Water Supply,Critical,In Progress,Ravi Agarwal
CMP20511,Orchid Petals Society,D-1987,Sanjay Reddy,Garbage chute door broken.,Housekeeping,Critical,Resolved,Abhishek Sharma
CMP41816,Skyline Residency,D-1207,Nisha Iyer,Lift cabin smelling bad - needs cleaning.,Housekeeping,Medium,In Progress,Mahesh Singh
CMP82974,Ruby Residency,D-977,Ashok Bose,Garbage bags torn by stray dogs.,Waste Management,Critical,Resolved,Kavita Sinha
CMP77608,Sapphire Heights Cooperative Housing Society,A-2334,Suresh Reddy,Treadmill not working for past week.,Gym,High,In Progress,Amit Iyer
CMP97578,Ruby Residency,C-619,Mahesh Das,Lizards entering flat from outside.,Pest Control,Low,Resolved,Mahesh Das
CMP40476,Pearl Residency,D-115,Nisha Sharma,Drainage pipe blocked - water overflowing in bathroom.,Plumbing,Medium,Assigned,Rupali Desai
CMP41278,Diamond Plaza,C-274,Kiran Malhotra,Garden bench damaged and needs repair.,Garden,Critical,Resolved,Shruti Singh
CMP19904,Spring Gardens CHS,C-1651,Saurabh Kumar,Generator running continuously making too much noise.,Noise,High,In Progress,Rupali Desai
CMP70737,Palm Grove Residences,B-1978,Pallavi Verma,Gym AC insufficient - too hot inside.,Gym,Critical,In Progress,Kavita Sinha
CMP35260,Ocean View CHS,A-2378,Neha Kapoor,Gym door lock jammed.,Gym,Critical,Resolved,Rupali Desai
CMP19207,Golden Heights,B-2289,Abhishek Bose,Drainage pipe blocked - water overflowing in bathroom.,Plumbing,High,Resolved,Ravi Agarwal
CMP12796,Sunrise Enclave,D-1776,Nitin Menon,Lift door sensor faulty - closes too fast.,Lift,Critical,Assigned,Sachin Joshi
CMP29796,The Meadows,B-151,Nitin Menon,Gym equipment broken and unsafe to use.,Clubhouse,Medium,Resolved,Abhishek Sharma
CMP79784,Ruby Residency,D-2188,Meera Kumar,Gym exhaust fan not working - suffocating.,Gym,Low,Assigned,Ritu Nair
CMP52289,Platinum Towers,C-1985,Komal Verma,Table tennis rackets and balls missing.,Clubhouse,Low,Open,Madhuri Kulkarni
CMP34705,The Pinnacle CHS,D-1022,Manoj Kapoor,Lift stuck between floors - very dangerous.,Lift,Low,Open,Varun Kulkarni
CMP51082,Blue Horizons CHS,A-688,Manoj Shah,E-waste collection bin overflowing.,Waste Management,Critical,In Progress,Abhishek Sharma
CMP31212,Platinum Towers,B-197,Jyoti Das,Common area washroom very dirty.,Housekeeping,Medium,Assigned,Manisha Das
CMP47934,Victoria Apartments,D-225,Ritu Menon,No separate bin for medical waste.,Waste Management,High,Assigned,Jyoti Patel
CMP31863,Emerald Bay CHS,C-1760,Jyoti Shah,Residents not segregating wet and dry waste.,Waste Management,High,Assigned,Swati Reddy
CMP90598,The Imperial Towers,D-418,Madhuri Joshi,Electric meter showing wrong reading.,Electrical,Critical,Open,Shweta Iyer
CMP27249,Harmony Heights,D-1200,Meera Desai,Underground tank needs urgent cleaning.,Water Supply,Critical,Assigned,Ravi Reddy
CMP92930,Paradise Heights,A-1749,Mahesh Chopra,Children running and jumping in flat above ours.,Noise,Medium,Resolved,Ritu Malhotra
CMP46598,Ocean View CHS,B-1946,Saurabh Pillai,Pool ladder rusted and unsafe.,Swimming Pool,High,Resolved,Swati Reddy
CMP51550,Royal Enclave CHS,D-607,Neha Patel,Entrance door closer not working.,Common Area,Critical,Open,Ravi Das
CMP60631,Ruby Residency,A-436,Deepika Nair,Loud arguments and shouting from neighbor's flat.,Noise,High,Open,Madhuri Kulkarni
CMP88437,Diamond Plaza,D-1941,Sneha Agarwal,Gym door lock jammed.,Gym,Critical,Assigned,Dinesh Kapoor
CMP31499,Silver Springs,C-2293,Sneha Patel,Lift cabin smelling bad - needs cleaning.,Housekeeping,High,Assigned,Ravi Agarwal
CMP12743,Emerald Bay CHS,D-1452,Rohit Shah,Common area washroom very dirty.,Housekeeping,Medium,Open,Madhuri Kulkarni
CMP56435,Diamond Plaza,A-1629,Shweta Nair,Neighbor playing loud music late at night.,Noise,High,Open,Madhuri Kulkarni
CMP75174,Hillview Cooperative Housing Society,B-2292,Kiran Kulkarni,AC point not providing power.,Electrical,High,Assigned,Rajesh Sinha
CMP40462,Hillview Cooperative Housing Society,A-813,Priya Joshi,Lift indicator showing wrong floor numbers.,Lift,Critical,Assigned,Shruti Singh
CMP24888,Whispering Willows CHS,A-2286,Mahesh Menon,Bore well pump not working.,Water Supply,High,Open,Rajesh Sinha
CMP18251,Maple Woods Enclave,D-1776,Komal Malhotra,Music practice during afternoon quiet hours.,Noise,High,Assigned,Kiran Menon
CMP45441,Sunrise Enclave,D-1780,Rajesh Desai,Clubhouse washroom taps not working.,Clubhouse,Low,Open,Ravi Agarwal
CMP71605,Sunset Point Apartments,C-2302,Ritu Joshi,Security guard sleeping on duty at night.,Security,Low,Assigned,Rupali Desai
CMP12185,Crystal Heights,C-2334,Abhishek Sinha,No separate bin for medical waste.,Waste Management,Medium,Open,Dinesh Kapoor
CMP14108,Sunset Point Apartments,B-1146,Rajesh Joshi,Lift door sensor faulty - closes too fast.,Lift,High,Resolved,Jyoti Patel
CMP79764,Royal Enclave CHS,D-2422,Dinesh Sinha,Loud arguments and shouting from neighbor's flat.,Noise,Medium,Resolved,Ritu Nair
CMP81868,Pearl Residency,D-1458,Preeti Rao,Vehicle horn being used unnecessarily in society.,Noise,Low,Assigned,Manisha Das
CMP87079,Spring Gardens CHS,B-751,Kiran Nair,Lift full kharab hai bhai,Lift,Low,Resolved,Madhuri Das
CMP31240,Harmony Heights,C-1827,Sanjay Patel,Bad smell from garbage collection area.,Waste Management,High,In Progress,Shruti Singh
CMP56411,Paradise Heights,C-1679,Preeti Bose,Garbage collection timing too early.,Waste Management,Low,Assigned,Dinesh Kapoor
CMP32235,The Pinnacle CHS,D-1173,Ajay Pillai,Party in neighboring flat - very loud till 2 AM.,Noise,Critical,In Progress,Rupali Desai
CMP54042,Blue Horizons CHS,D-2058,Rohit Kulkarni,Inverter not charging - keeps beeping.,Electrical,Medium,Open,Madhuri Kulkarni
CMP40293,Whispering Willows CHS,D-1710,Sunita Mehta,Spider webs all over balcony.,Pest Control,Medium,Open,Ravi Das
CMP28306,Spring Gardens CHS,B-2502,Seema Das,Rat problem in our flat - need urgent pest control.,Pest Control,Low,In Progress,Amit Desai
CMP16770,Harmony Heights,D-1655,Shweta Mehta,Garbage bags torn by stray dogs.,Waste Management,High,Assigned,Shruti Singh
CMP39963,Maple Woods Enclave,C-2008,Jyoti Gupta,Party in neighboring flat - very loud till 2 AM.,Noise,Critical,In Progress,Nisha Kumar
CMP88643,Orchid Petals Society,D-2473,Ajay Patel,Garbage collection timing too early.,Waste Management,Low,Assigned,Ravi Agarwal
CMP20227,Harmony Heights,B-2344,Dinesh Gupta,Life guard absent during pool hours.,Swimming Pool,High,Assigned,Kavita Sinha
CMP22228,Silver Springs,B-2250,Rajesh Menon,Lobby floor tiles need mopping urgently.,Housekeeping,Low,Resolved,Mahesh Das
CMP52833,Spring Gardens CHS,B-1519,Varun Chopra,Inverter not charging - keeps beeping.,Electrical,Critical,Resolved,Nisha Kumar
CMP65792,Eco-Village CHS,C-1467,Pankaj Iyer,Residents not segregating wet and dry waste.,Waste Management,Critical,In Progress,Ravi Das
CMP71626,Spring Gardens CHS,C-984,Rupali Desai,Garbage collection timing too early.,Waste Management,Low,In Progress,Madhuri Das
CMP36698,Sunrise Enclave,A-530,Rupali Joshi,Light switch broken - needs replacement.,Electrical,Medium,Resolved,Shweta Iyer
CMP60899,Golden Heights,D-328,Meera Sharma,Generator running continuously making too much noise.,Noise,Low,Resolved,Sachin Joshi
CMP64204,Banyan Tree Residences,B-390,Amit Reddy,Flush kharab hai,Plumbing,Critical,Open,Ravi Das
CMP92561,Golden Gate Apartments,A-918,Kavita Nair,Flush kharab hai,Plumbing,Low,In Progress,Manisha Das
CMP20969,Skyline Residency,A-1459,Nitin Patel,Boom barrier hitting car roof - too low.,Parking,High,In Progress,Shweta Iyer
CMP38405,Ocean View CHS,B-220,Abhishek Gupta,Depth markings not visible.,Swimming Pool,Medium,Resolved,Deepika Gupta
CMP50580,Eco-Village CHS,D-1967,Mahesh Mehta,Dustbin overflowing in common area.,Housekeeping,Medium,In Progress,Ravi Das
CMP31613,Blue Horizons CHS,A-1072,Sandeep Malhotra,Entrance door closer not working.,Common Area,High,Assigned,Ravi Agarwal
CMP32947,Emerald Bay CHS,B-1067,Kavita Joshi,Socket kaam nahi kar raha hai boss,Electrical,Critical,Resolved,Shruti Singh
CMP14914,Spring Gardens CHS,B-406,Sachin Gupta,Security not checking delivery personnel properly.,Security,Low,Assigned,Amit Iyer
CMP29086,Emerald Bay CHS,D-2108,Nitin Bose,Bhai bathroom ke niche se paani leak ho raha hai,Plumbing,Critical,Assigned,Madhuri Das
CMP74621,Banyan Tree Residences,D-350,Anjali Kumar,Clubhouse washroom taps not working.,Clubhouse,Critical,In Progress,Amit Desai
CMP93509,Ruby Residency,D-1798,Pallavi Kulkarni,Flush kharab hai,Plumbing,Medium,Open,Mahesh Singh
CMP76962,Paradise Heights,B-529,Sunita Kulkarni,Staircase railing loose - can cause accident.,Common Area,Medium,Assigned,Sachin Joshi
CMP82915,Pearl Residency,D-1048,Nitin Shah,Life guard absent during pool hours.,Swimming Pool,High,Assigned,Abhishek Sharma
CMP93588,Serene Waters Society,A-1438,Pankaj Kumar,Unknown person loitering in basement parking.,Security,Critical,Resolved,Jyoti Patel
CMP23692,Vasant Vihar Apartments,A-1455,Sanjay Patel,Fire extinguisher expired - needs refilling.,Common Area,High,In Progress,Ravi Reddy
CMP79150,Orchid Petals Society,C-2250,Sandeep Chopra,Lift mein bahut awaaz aa rahi hai,Lift,Medium,Assigned,Amit Desai
CMP57150,Golden Gate Apartments,B-1987,Varun Patel,Neighbor using my second parking without permission.,Parking,Medium,Resolved,Sachin Joshi
CMP54690,Platinum Towers,C-2424,Rupali Verma,Shower area not functioning.,Swimming Pool,High,Assigned,Amit Iyer
CMP50488,Sapphire Heights Cooperative Housing Society,B-155,Anita Desai,Termites eating wooden furniture.,Pest Control,Medium,Assigned,Rupali Desai
CMP17215,Victoria Apartments,C-448,Ajay Agarwal,Water coming muddy and dirty.,Water Supply,Critical,Resolved,Varun Kulkarni
CMP66295,Paradise Heights,B-1479,Shruti Sinha,Residents not segregating wet and dry waste.,Waste Management,High,Open,Rupali Desai
CMP94318,Orchid Petals Society,D-760,Amit Menon,Neighbor playing loud music late at night.,Noise,Critical,Resolved,Amit Iyer
CMP88462,Victoria Apartments,C-423,Seema Agarwal,There is water leakage below the kitchen sink.,Plumbing,High,Assigned,Ravi Reddy
CMP19267,Victoria Apartments,D-1176,Kavita Menon,Common area washroom very dirty.,Housekeeping,Medium,Assigned,Madhuri Kulkarni
CMP81910,The Pinnacle CHS,A-2182,Deepika Desai,Garbage not collected from our floor today.,Housekeeping,Medium,Open,Abhishek Sharma
CMP27703,Sapphire Heights Cooperative Housing Society,C-1141,Sachin Gupta,Too many mosquitoes due to stagnant water in garden.,Garden,Critical,Resolved,Mahesh Das
CMP42356,Silver Springs,C-644,Amit Desai,Bad smell from garbage collection area.,Waste Management,Medium,In Progress,Jyoti Patel
CMP45553,Sunset Point Apartments,D-568,Priya Shah,Lizards entering flat from outside.,Pest Control,Low,Resolved,Amit Iyer
CMP12645,Green Meadows CHS Ltd.,D-663,Kavita Pillai,E-waste collection bin overflowing.,Waste Management,Low,In Progress,Kavita Sinha
CMP51584,Ocean View CHS,D-2455,Anjali Kapoor,Garbage collection timing too early.,Waste Management,Medium,Open,Kiran Menon
CMP94600,The Meadows,A-1836,Mahesh Sharma,Music practice during afternoon quiet hours.,Noise,Medium,Resolved,Rupali Desai
CMP63456,Whispering Willows CHS,B-1891,Saurabh Gupta,Garden bench damaged and needs repair.,Garden,Low,Assigned,Amit Iyer
CMP32050,Sunset Point Apartments,C-2099,Seema Kulkarni,Bathroom cha tap band hot nahi,Plumbing,Medium,Resolved,Swati Reddy
CMP60974,Desert Rose Apartments,D-1203,Meera Mehta,Lift door not closing properly - safety issue.,Lift,Medium,Resolved,Dinesh Kapoor
CMP31669,Blue Horizons CHS,D-207,Pankaj Nair,Parking area mein paani bhara hua hai,Parking,Medium,In Progress,Ravi Reddy
CMP20117,Sunrise Enclave,C-331,Abhishek Bose,Water motor making loud noise at night.,Water Supply,High,In Progress,Ravi Patel
CMP99333,Pearl Residency,C-640,Vikas Nair,Lift full kharab hai bhai,Lift,Critical,Open,Jyoti Desai
CMP83502,Shanti Vihar Apartments,B-2371,Sandeep Pillai,Waste segregation bins not provided on our floor.,Waste Management,Critical,Resolved,Nisha Kumar
CMP71316,Cedar Crest Society,B-1514,Nitin Menon,No separate bin for medical waste.,Waste Management,High,In Progress,Shruti Singh
CMP12716,Desert Rose Apartments,B-1694,Rajesh Sinha,Water pipe burst in basement.,Water Supply,Critical,Open,Sachin Joshi
CMP25223,Paradise Heights,B-1303,Manisha Kapoor,Garden gate lock broken.,Garden,Medium,Assigned,Deepika Gupta
CMP18983,Grandeur Park Residences,D-158,Swati Shah,Children's play area swings broken.,Garden,Medium,Resolved,Rupali Desai
CMP80686,Emerald Bay CHS,A-1373,Deepika Verma,Pool ladder rusted and unsafe.,Swimming Pool,Critical,Open,Mahesh Das
CMP14717,Vasant Vihar Apartments,B-1447,Anita Chopra,Water pipe burst in basement.,Water Supply,Medium,In Progress,Ravi Reddy
CMP29764,Silver Springs,C-1201,Amit Das,Life guard absent during pool hours.,Swimming Pool,Critical,Assigned,Ritu Malhotra
CMP14889,Banyan Tree Residences,A-2173,Madhuri Menon,Olakhit vyakti basement madhe phirat hoti,Security,Low,Open,Ravi Agarwal
CMP18480,Eco-Village CHS,A-1184,Swati Chopra,Water supply timing irregular - unpredictable.,Water Supply,High,Assigned,Madhuri Kulkarni
CMP51958,Eco-Village CHS,B-1235,Sandeep Verma,Life guard absent during pool hours.,Swimming Pool,Medium,Open,Rupali Desai
CMP80167,Emerald Bay CHS,D-1560,Priya Chopra,Pankha awaaz karto,Electrical,Low,In Progress,Madhuri Kulkarni
CMP52735,Crystal Heights,C-2116,Manoj Singh,Pigeons nesting on AC outdoor unit.,Pest Control,High,In Progress,Madhuri Das
CMP91753,Banyan Tree Residences,A-2388,Neha Joshi,Lift stuck between floors - very dangerous.,Lift,Low,Resolved,Rupali Desai
CMP17267,Skyline Residency,D-1850,Sunita Desai,Gym AC insufficient - too hot inside.,Gym,High,In Progress,Jyoti Patel
CMP96279,Ocean View CHS,B-2084,Ravi Agarwal,Parking full waterlogged hai,Parking,Critical,Resolved,Jyoti Desai
CMP62805,Hillview Cooperative Housing Society,C-2429,Sanjay Bose,Clubhouse AC not working properly.,Clubhouse,Critical,Resolved,Ravi Agarwal
CMP28163,Platinum Towers,B-1608,Pankaj Reddy,No separate bin for medical waste.,Waste Management,Critical,Open,Ritu Malhotra
CMP72103,Zenith Towers,B-1467,Kavita Rao,Shower area not functioning.,Swimming Pool,Critical,Open,Rajesh Sinha
CMP96562,Desert Rose Apartments,C-2468,Ritu Joshi,Dumbbell weights missing - incomplete set.,Gym,High,Resolved,Deepika Gupta
CMP13994,Eco-Village CHS,D-1514,Varun Nair,Bhai bathroom ke niche se paani leak ho raha hai,Plumbing,High,Open,Mahesh Das
CMP97128,Hillview Cooperative Housing Society,D-2271,Sandeep Desai,Pool filtration system not working.,Swimming Pool,High,Assigned,Jyoti Desai
CMP22014,Cedar Crest Society,A-248,Anita Reddy,Sweeper not doing job properly.,Housekeeping,Medium,Open,Nisha Kumar
CMP43628,Ruby Residency,D-2055,Ritu Gupta,Lift full kharab hai bhai,Lift,Critical,In Progress,Shweta Iyer
CMP44837,Hillview Cooperative Housing Society,A-383,Swati Kulkarni,Treadmill not working for past week.,Gym,Low,In Progress,Kiran Menon
CMP75608,Emerald Bay CHS,A-1263,Komal Malhotra,Boom barrier hitting car roof - too low.,Parking,Critical,In Progress,Amit Iyer
CMP59846,Maple Woods Enclave,D-2397,Ramesh Gupta,Gym equipment broken and unsafe to use.,Clubhouse,Medium,Assigned,Ritu Malhotra
CMP42510,Sapphire Heights Cooperative Housing Society,A-658,Jyoti Bose,Nameplate board outside flat damaged.,Common Area,Medium,Assigned,Jyoti Desai
CMP81133,Lotus Boulevard,D-844,Varun Shah,Security guard sleeping on duty at night.,Security,High,Assigned,Ravi Reddy
CMP73771,Blue Horizons CHS,A-1817,Komal Sharma,Vehicle without society sticker parked for many days.,Parking,Low,Resolved,Mahesh Singh
CMP64438,Lotus Boulevard,C-1532,Ashok Singh,Bathroom ka tap band nahi ho raha,Plumbing,High,In Progress,Shweta Iyer
CMP21957,Golden Heights,D-726,Seema Chopra,Gym mirror cracked - dangerous.,Gym,Medium,Assigned,Amit Iyer
CMP50326,Palm Grove Residences,B-265,Deepika Menon,Weight machine cable broken.,Gym,High,In Progress,Abhishek Sharma
CMP11590,Banyan Tree Residences,A-1571,Ajay Bose,Spider webs all over balcony.,Pest Control,Medium,Open,Rupali Desai
CMP50391,Shanti Vihar Apartments,A-2308,Pankaj Verma,Emergency alarm button inside lift not working.,Lift,Low,Assigned,Varun Reddy
CMP59795,Emerald Bay CHS,A-843,Rohit Sinha,Service lift out of order since morning.,Lift,Critical,Open,Shruti Singh
CMP35339,Grandeur Park Residences,D-2210,Varun Kumar,Lift cabin light not working - dark inside.,Lift,Low,Assigned,Jyoti Patel
CMP83649,Harmony Heights,D-2056,Pooja Kulkarni,Water pipe burst in basement.,Water Supply,Low,Open,Ravi Das
CMP20564,The Imperial Towers,B-2290,Swati Kulkarni,Security not checking delivery personnel properly.,Security,Low,Resolved,Ritu Malhotra
CMP37046,Silver Oaks Apartment Owners Association,C-584,Rupali Kumar,Unauthorized vehicle parked in society.,Security,Low,Resolved,Shweta Iyer
CMP83740,Sapphire Heights Cooperative Housing Society,A-1675,Sanjay Desai,Drainage pipe blocked - water overflowing in bathroom.,Plumbing,Low,In Progress,Jyoti Patel
CMP70722,Platinum Towers,B-1299,Vikram Bose,Neighbor using my second parking without permission.,Parking,Critical,Assigned,Sachin Joshi
CMP13292,Sunrise Enclave,A-2100,Anita Kulkarni,Table tennis rackets and balls missing.,Clubhouse,High,Open,Ritu Nair
CMP20553,Skyline Residency,D-211,Sanjay Iyer,Garbage not collected from our floor today.,Housekeeping,Medium,Open,Ravi Reddy
CMP42237,Harmony Heights,D-210,Neha Nair,Light jaldi nahi,Electrical,Low,In Progress,Mahesh Singh
CMP94863,Spring Gardens CHS,B-1643,Ramesh Malhotra,Ceiling fan making noise and wobbling.,Electrical,Critical,Assigned,Amit Iyer
CMP65125,Green Meadows CHS Ltd.,C-1596,Sunita Rao,No water supply since morning in our flat.,Water Supply,Critical,In Progress,Rajesh Sinha
CMP70847,Palm Grove Residences,A-1953,Anil Desai,Electric meter showing wrong reading.,Electrical,High,Open,Ravi Das
CMP66480,Silver Springs,A-724,Abhishek Shah,Garden bench damaged and needs repair.,Garden,Critical,Resolved,Ashok Reddy
CMP11007,The Imperial Towers,D-985,Mahesh Chopra,There is water leakage below the kitchen sink.,Plumbing,High,Open,Ravi Patel
CMP71191,Shanti Vihar Apartments,C-2455,Pooja Kulkarni,Ceiling fan making noise and wobbling.,Electrical,Medium,Open,Swati Reddy
CMP93131,Blue Horizons CHS,D-1256,Jyoti Pillai,Flush is not working properly - water keeps running.,Plumbing,High,Open,Shruti Singh
CMP76611,Lotus Boulevard,B-1776,Rupali Pillai,Water pipe burst in basement.,Water Supply,Low,In Progress,Dinesh Kapoor
CMP93690,Green Meadows CHS Ltd.,B-690,Mahesh Kumar,Construction noise from upstairs flat during quiet hours.,Noise,High,In Progress,Manisha Das
CMP57438,Crystal Heights,A-1636,Seema Kapoor,Lift number 2 has stopped working.,Lift,Medium,In Progress,Jyoti Patel
CMP71851,Orchid Petals Society,C-2246,Amit Gupta,Lift ki door properly close nahi hoti,Lift,Low,Open,Kavita Sinha
CMP10948,Diamond Plaza,A-1609,Sunita Iyer,Sweeper not doing job properly.,Housekeeping,Medium,In Progress,Nisha Kumar
CMP60546,Harmony Heights,C-1400,Neha Verma,Bad smell from garbage collection area.,Waste Management,Medium,In Progress,Dinesh Kapoor
CMP86353,Hillview Cooperative Housing Society,A-2118,Sachin Sharma,Garbage chute door broken.,Housekeeping,Low,Assigned,Mahesh Das
CMP57512,Zenith Towers,C-1738,Neha Agarwal,No separate bin for medical waste.,Waste Management,High,Assigned,Dinesh Kapoor
CMP76091,The Pinnacle CHS,C-2397,Ritu Singh,Fruit flies in kitchen - very unhygienic.,Pest Control,Medium,Open,Amit Desai
CMP55403,Pearl Residency,D-1626,Deepika Chopra,Parking area waterlogged after rain.,Parking,High,Open,Jyoti Patel
CMP50503,Green Meadows CHS Ltd.,A-851,Vikas Chopra,Lift overload alarm malfunctioning.,Lift,Medium,Assigned,Kavita Sinha
CMP23556,Eco-Village CHS,C-1595,Sachin Menon,Main gate boom barrier not functioning.,Security,Low,In Progress,Jyoti Desai
CMP93164,Silver Oaks Apartment Owners Association,A-730,Preeti Iyer,Inverter not charging - keeps beeping.,Electrical,Critical,Resolved,Ravi Agarwal
CMP57203,Whispering Willows CHS,D-786,Rohit Rao,Socket kaam nahi kar raha hai boss,Electrical,Low,Assigned,Jyoti Patel
CMP19935,Spring Gardens CHS,D-534,Dinesh Kapoor,Yoga room floor mat torn and unhygienic.,Clubhouse,Critical,In Progress,Ravi Das
CMP70243,Paradise Heights,B-2062,Madhuri Agarwal,No water supply since morning in our flat.,Water Supply,Medium,Assigned,Madhuri Das
CMP27419,Silver Springs,C-455,Manoj Pillai,Overgrown bushes blocking walkway.,Garden,High,In Progress,Mahesh Das
CMP48901,Ruby Residency,A-496,Suresh Chopra,Party in neighboring flat - very loud till 2 AM.,Noise,Medium,In Progress,Swati Reddy
CMP21527,Sapphire Heights Cooperative Housing Society,D-1684,Vikas Das,Leakage from ceiling - upstairs neighbor may have issue.,Plumbing,High,Open,Madhuri Das
CMP51270,Ruby Residency,B-487,Dinesh Sinha,Neighbor using my second parking without permission.,Parking,High,Resolved,Ravi Reddy
CMP53449,Diamond Plaza,B-929,Jyoti Verma,Bathroom tap is dripping continuously - water wastage.,Plumbing,Medium,Open,Ravi Das
CMP97297,The Imperial Towers,C-1477,Anjali Reddy,Society water bill very high - possible leakage.,Water Supply,Medium,Open,Mahesh Das
CMP47471,Golden Gate Apartments,C-153,Rohit Bose,Kitchen sink drain clogged completely.,Plumbing,Low,In Progress,Jyoti Desai
CMP96502,Spring Gardens CHS,B-1881,Shweta Iyer,Ants everywhere in kitchen despite cleaning.,Pest Control,Critical,In Progress,Manisha Das
CMP31144,Sapphire Heights Cooperative Housing Society,C-1961,Preeti Singh,No water supply since morning in our flat.,Water Supply,Medium,Open,Rupali Desai
CMP27432,Cedar Crest Society,D-2052,Ravi Agarwal,Main MCB tripping frequently.,Electrical,Medium,Assigned,Madhuri Das
CMP70053,Crystal Heights,D-1687,Pooja Sinha,Emergency alarm button inside lift not working.,Lift,High,Open,Madhuri Das
CMP47592,Spring Gardens CHS,A-2477,Rupali Gupta,Guest parking area always full - no space.,Parking,Low,Assigned,Sachin Joshi
CMP64396,Harmony Heights,C-1936,Nisha Agarwal,Lift door sensor faulty - closes too fast.,Lift,Critical,Assigned,Ravi Agarwal
CMP26867,The Pinnacle CHS,A-979,Sneha Sinha,Visitor entered without proper verification.,Security,High,Resolved,Shweta Iyer
CMP23488,Victoria Apartments,D-245,Kavita Bose,Staircase very dirty - not cleaned for days.,Housekeeping,Medium,Open,Rupali Desai
CMP66684,Silver Springs,C-253,Rakesh Nair,Too many mosquitoes due to stagnant water in garden.,Garden,Critical,Resolved,Ravi Agarwal
CMP27820,Orchid Petals Society,C-2420,Meera Bose,Lawn grass overgrown - needs cutting.,Garden,High,In Progress,Rajesh Sinha
CMP13961,Paradise Heights,D-1056,Sneha Iyer,Clubhouse lights not working in evening.,Clubhouse,Low,In Progress,Ravi Reddy
CMP78363,Shanti Vihar Apartments,D-2493,Suresh Pillai,Car scratched by another vehicle in parking.,Parking,Low,Assigned,Ritu Nair
CMP11644,Hillview Cooperative Housing Society,C-689,Ravi Patel,No water supply since morning in our flat.,Water Supply,High,In Progress,Manisha Das
CMP68827,Skyline Residency,D-918,Mahesh Reddy,Heavy furniture being dragged at odd hours.,Noise,Medium,Open,Dinesh Kapoor
CMP62764,Crystal Heights,B-1184,Dinesh Shah,Children's play area swings broken.,Garden,Critical,Resolved,Amit Desai
CMP99623,Whispering Willows CHS,C-669,Pooja Iyer,Electric meter showing wrong reading.,Electrical,Critical,In Progress,Rajesh Sinha
CMP33549,Spring Gardens CHS,B-1958,Priya Menon,Flush kharab jhala ahe,Plumbing,High,Assigned,Jyoti Desai
CMP60701,Blue Horizons CHS,D-714,Sandeep Agarwal,Lift stuck between floors - very dangerous.,Lift,Medium,Resolved,Dinesh Kapoor
CMP95100,Maple Woods Enclave,A-266,Dinesh Desai,Common area washroom very dirty.,Housekeeping,Low,In Progress,Kiran Menon
CMP25364,Vasant Vihar Apartments,C-2414,Kavita Malhotra,Garbage bags torn by stray dogs.,Waste Management,High,In Progress,Rajesh Sinha
CMP29488,Grandeur Park Residences,B-1179,Meera Joshi,Geyser chalu nahi ho raha,Plumbing,Critical,Resolved,Rajesh Sinha
CMP74025,Blue Horizons CHS,A-2264,Sneha Shah,Lift mein bahut awaaz aa rahi hai,Lift,Low,Open,Amit Iyer
CMP24368,Palm Grove Residences,B-1594,Sneha Kumar,Dustbin overflowing in common area.,Housekeeping,Critical,In Progress,Mahesh Singh
CMP64203,Emerald Bay CHS,C-2479,Abhishek Desai,Garden gate lock broken.,Garden,High,Open,Ravi Das
CMP79652,Skyline Residency,A-2402,Ajay Das,Socket kaam nahi kar raha hai boss,Electrical,Medium,In Progress,Ritu Nair
CMP23371,The Imperial Towers,A-2387,Neha Verma,Heavy furniture being dragged at odd hours.,Noise,Critical,Resolved,Sachin Joshi
CMP73324,The Pinnacle CHS,D-1562,Preeti Nair,Parking area waterlogged after rain.,Parking,Medium,Open,Ravi Agarwal
CMP87675,Paradise Heights,D-562,Deepika Kulkarni,Bad smell from garbage collection area.,Waste Management,Low,Open,Rupali Desai
CMP89614,The Meadows,D-1990,Pooja Kapoor,Yaar light nahi aa rahi room mein,Electrical,Critical,In Progress,Nisha Kumar
CMP97232,The Pinnacle CHS,C-608,Nitin Rao,Pool timings not displayed properly.,Swimming Pool,Medium,Resolved,Ashok Reddy
CMP81228,Green Meadows CHS Ltd.,B-295,Dinesh Menon,Plastic waste burning in society - health hazard.,Waste Management,High,Open,Ritu Nair
CMP70772,Banyan Tree Residences,D-710,Preeti Joshi,Leakage from ceiling - upstairs neighbor may have issue.,Plumbing,High,Open,Kavita Sinha
CMP46429,Orchid Petals Society,D-1135,Deepika Pillai,Parking slot number faded - need repainting.,Parking,Low,Open,Ravi Agarwal
CMP60488,Desert Rose Apartments,C-2330,Amit Nair,Nameplate board outside flat damaged.,Common Area,Medium,In Progress,Ravi Das
CMP87706,Green Meadows CHS Ltd.,C-349,Ajay Shah,Pool filtration system not working.,Swimming Pool,High,In Progress,Shweta Iyer
CMP41943,Orchid Petals Society,C-239,Ajay Gupta,Sweeper not doing job properly.,Housekeeping,Critical,Resolved,Mahesh Singh
CMP41619,Silver Oaks Apartment Owners Association,A-2295,Vikas Kapoor,Clubhouse booking system not functioning.,Clubhouse,Critical,Assigned,Dinesh Kapoor
CMP58204,Royal Enclave CHS,D-1165,Rupali Kumar,Guest parking area always full - no space.,Parking,High,Assigned,Abhishek Sharma
CMP51459,Serene Waters Society,B-571,Priya Pillai,Cobwebs all over corridor ceiling.,Housekeeping,High,Resolved,Varun Kulkarni
CMP78682,Crystal Heights,A-676,Swati Chopra,CCTV toh kaam hi nahi karta,Security,High,Open,Mahesh Das
CMP83859,Sunset Point Apartments,A-1677,Manisha Agarwal,Lift making strange grinding noise.,Lift,Critical,Open,Ritu Nair
CMP85656,Lotus Boulevard,B-274,Pankaj Sinha,Waste segregation bins not provided on our floor.,Waste Management,High,In Progress,Dinesh Kapoor
CMP74016,Sunset Point Apartments,B-784,Sachin Mehta,Very low water pressure on higher floors.,Water Supply,Low,Assigned,Swati Reddy
CMP10988,Paradise Heights,B-1834,Ajay Rao,CCTV toh kaam hi nahi karta,Security,Medium,Resolved,Mahesh Singh
CMP26376,Emerald Bay CHS,A-1271,Anita Malhotra,Nameplate board outside flat damaged.,Common Area,Critical,In Progress,Ravi Patel
CMP58235,Cedar Crest Society,C-2088,Suresh Das,Table tennis rackets and balls missing.,Clubhouse,Critical,Resolved,Rupali Desai
CMP43046,Hillview Cooperative Housing Society,C-1723,Swati Pillai,Water pipe burst in basement.,Water Supply,Medium,Open,Dinesh Kapoor
CMP15181,Maple Woods Enclave,B-2146,Abhishek Agarwal,Clubhouse lights not working in evening.,Clubhouse,Medium,In Progress,Kiran Menon
CMP99556,Blue Horizons CHS,A-1649,Pankaj Sinha,Entrance door closer not working.,Common Area,Medium,In Progress,Kiran Menon
CMP25220,Vasant Vihar Apartments,C-2076,Amit Mehta,Entrance door closer not working.,Common Area,Critical,In Progress,Madhuri Kulkarni
CMP33926,Paradise Heights,D-327,Swati Sharma,Guest parking area always full - no space.,Parking,Medium,Assigned,Ritu Malhotra
CMP47065,Blue Horizons CHS,B-515,Varun Kumar,Garbage bags torn by stray dogs.,Waste Management,Critical,Open,Mahesh Das
CMP94786,Sunset Point Apartments,B-425,Sanjay Sharma,Children's play area swings broken.,Garden,Critical,Open,Varun Reddy
CMP36540,Pearl Residency,D-1609,Sandeep Singh,Mere parking mein koi aur gaadi khadi hai,Parking,High,Resolved,Madhuri Das
CMP48473,Silver Springs,B-453,Amit Kapoor,No water supply since morning in our flat.,Water Supply,Low,In Progress,Varun Reddy
CMP67839,Victoria Apartments,C-1052,Nisha Rao,Common area washroom very dirty.,Housekeeping,Low,Assigned,Shruti Singh
CMP37507,Silver Oaks Apartment Owners Association,A-1640,Dinesh Gupta,Fruit flies in kitchen - very unhygienic.,Pest Control,Low,In Progress,Deepika Gupta
CMP37227,The Pinnacle CHS,A-2080,Ravi Sharma,Bed bugs in bedroom - very serious problem.,Pest Control,Medium,Assigned,Amit Desai
CMP73788,Spring Gardens CHS,C-1370,Madhuri Iyer,Sweeper not doing job properly.,Housekeeping,Medium,Open,Kiran Menon
CMP87842,Eco-Village CHS,C-2402,Swati Menon,Drainage pipe blocked - water overflowing in bathroom.,Plumbing,High,Open,Rajesh Sinha
CMP57202,Crystal Heights,A-617,Anita Chopra,Security guard sleeping on duty at night.,Security,Low,Assigned,Mahesh Das
CMP57646,Silver Springs,D-362,Manoj Iyer,Construction noise from upstairs flat during quiet hours.,Noise,Critical,Assigned,Ravi Das
CMP60283,Sunset Point Apartments,D-450,Sunita Das,Theft reported - jewellery stolen from flat.,Security,High,Open,Ritu Malhotra
CMP25954,Desert Rose Apartments,B-356,Abhishek Kulkarni,Clubhouse AC not working properly.,Clubhouse,Medium,Open,Jyoti Patel
CMP28521,Orchid Petals Society,C-2225,Ritu Rao,Entrance door closer not working.,Common Area,Medium,Assigned,Amit Desai
CMP74775,Whispering Willows CHS,C-515,Swati Iyer,Pool tiles broken - can cause injury.,Swimming Pool,High,In Progress,Ravi Agarwal
CMP95395,Sunset Point Apartments,B-1096,Komal Verma,Guest parking area always full - no space.,Parking,Medium,Assigned,Amit Iyer
CMP67295,Emerald Bay CHS,D-546,Rajesh Bose,Pigeons nesting on AC outdoor unit.,Pest Control,High,Resolved,Ritu Nair
CMP24420,Pearl Residency,B-578,Ritu Patel,Entrance door closer not working.,Common Area,Medium,Assigned,Shruti Singh
CMP41454,Eco-Village CHS,C-377,Varun Menon,Parking area waterlogged after rain.,Parking,High,In Progress,Swati Reddy
CMP63627,Sunset Point Apartments,D-1259,Vikas Kumar,Table tennis rackets and balls missing.,Clubhouse,Medium,Assigned,Kiran Menon
CMP73148,Lotus Boulevard,A-1510,Ramesh Kulkarni,Children running and jumping in flat above ours.,Noise,Medium,Open,Mahesh Das
CMP16275,Sapphire Heights Cooperative Housing Society,C-2374,Sanjay Desai,Garbage bags torn by stray dogs.,Waste Management,Low,Resolved,Mahesh Singh
CMP97947,Whispering Willows CHS,B-879,Rupali Bose,Children running and jumping in flat above ours.,Noise,Critical,In Progress,Dinesh Kapoor
CMP16634,Golden Gate Apartments,C-2025,Abhishek Nair,Plants dying due to lack of maintenance.,Garden,Low,Open,Shweta Iyer
CMP70985,Lotus Boulevard,C-1031,Anjali Joshi,Clubhouse closed without prior notice.,Clubhouse,Medium,Assigned,Shweta Iyer
CMP19742,Sapphire Heights Cooperative Housing Society,C-428,Jyoti Desai,WC seat broken and needs replacement.,Plumbing,High,Assigned,Abhishek Sharma
CMP90582,Ocean View CHS,D-1682,Anjali Singh,Light switch broken - needs replacement.,Electrical,High,Open,Kiran Menon
CMP89430,Sunset Point Apartments,B-1976,Sneha Rao,Garden sprinklers not working properly.,Garden,Low,In Progress,Swati Reddy
CMP55354,Skyline Residency,C-2370,Sunita Sharma,Composting pit emitting foul odor.,Waste Management,Low,In Progress,Amit Desai
CMP60328,Victoria Apartments,C-2192,Vikas Rao,Common area wall paint peeling off.,Common Area,High,Resolved,Sachin Joshi
CMP97463,Crystal Heights,A-1265,Rakesh Nair,Construction noise from upstairs flat during quiet hours.,Noise,Critical,Assigned,Ravi Agarwal
CMP87174,Zenith Towers,D-1679,Anita Chopra,Lift kharab ho gayi hai,Lift,Low,Resolved,Ravi Patel
CMP97024,Silver Oaks Apartment Owners Association,D-666,Suresh Shah,Treadmill not working for past week.,Gym,Critical,Open,Manisha Das
CMP16035,Zenith Towers,D-1958,Pankaj Reddy,Pool water not chlorinated - unhygienic.,Swimming Pool,High,Assigned,Ashok Reddy
CMP83045,Paradise Heights,B-1893,Priya Menon,Waste segregation bins not provided on our floor.,Waste Management,Critical,In Progress,Ritu Malhotra
CMP92248,Ruby Residency,C-144,Pankaj Das,Lift indicator showing wrong floor numbers.,Lift,Medium,Open,Madhuri Das
CMP81286,Victoria Apartments,C-117,Shruti Nair,Shower area not functioning.,Swimming Pool,High,In Progress,Madhuri Das
CMP32335,Platinum Towers,C-456,Rajesh Malhotra,Residents not segregating wet and dry waste.,Waste Management,Critical,Resolved,Deepika Gupta
CMP24657,Royal Enclave CHS,D-2285,Kavita Patel,CCTV toh kaam hi nahi karta,Security,Low,Assigned,Mahesh Singh
CMP58973,Sapphire Heights Cooperative Housing Society,D-1127,Preeti Singh,E-waste collection bin overflowing.,Waste Management,Critical,In Progress,Manisha Das
CMP21489,Whispering Willows CHS,C-1841,Varun Patel,Power socket in bedroom not working.,Electrical,High,In Progress,Varun Reddy
CMP68510,Ruby Residency,B-1881,Ajay Joshi,Clubhouse washroom taps not working.,Clubhouse,Low,In Progress,Shruti Singh
CMP59425,Banyan Tree Residences,C-1337,Swati Bose,CCTV camera kaam nahi kar raha,Security,Critical,Open,Sachin Joshi
CMP66491,Ocean View CHS,B-1201,Amit Bose,Tube light flickering continuously.,Electrical,Critical,Open,Madhuri Kulkarni
CMP70989,Diamond Plaza,A-820,Sunita Mehta,Life guard absent during pool hours.,Swimming Pool,Medium,Resolved,Ashok Reddy
CMP78704,Banyan Tree Residences,B-2165,Rupali Verma,Car scratched by another vehicle in parking.,Parking,Critical,Resolved,Kavita Sinha
CMP18891,Whispering Willows CHS,D-556,Komal Reddy,Housekeeping staff coming late daily.,Housekeeping,Medium,Resolved,Ashok Reddy
CMP80679,Golden Gate Apartments,A-864,Ritu Menon,Staircase light not working for past 3 days.,Electrical,Critical,Resolved,Jyoti Patel
CMP99636,Paradise Heights,C-2300,Sneha Mehta,Kitchen ke sink ke neeche paani leak ho raha hai,Plumbing,Critical,Resolved,Ravi Reddy
CMP66961,Whispering Willows CHS,A-413,Rajesh Joshi,Children's pool empty and dirty.,Swimming Pool,Critical,In Progress,Nisha Kumar
CMP38586,Orchid Petals Society,A-512,Sunita Patel,Someone has parked in my allotted space.,Parking,High,Assigned,Mahesh Singh
CMP82566,Diamond Plaza,C-1247,Kiran Menon,Two-wheeler parked in car parking area.,Parking,Critical,Assigned,Ashok Reddy
CMP37289,Maple Woods Enclave,A-2211,Pankaj Gupta,Children's play area swings broken.,Garden,Medium,In Progress,Amit Iyer
CMP46117,Pearl Residency,C-1027,Rohit Verma,Yoga room floor mat torn and unhygienic.,Clubhouse,Critical,Open,Abhishek Sharma
CMP22715,Orchid Petals Society,C-690,Pankaj Bose,Gym exhaust fan not working - suffocating.,Gym,Medium,In Progress,Ashok Reddy
CMP22713,The Meadows,B-1607,Nisha Chopra,Lobby floor tiles need mopping urgently.,Housekeeping,High,Assigned,Rajesh Sinha
CMP43447,Platinum Towers,C-1581,Madhuri Sharma,Parking area waterlogged after rain.,Parking,Low,Open,Shweta Iyer
CMP40245,Vasant Vihar Apartments,A-886,Seema Singh,Security guard kuch check hi nahi karta entry pe,Security,Critical,In Progress,Mahesh Singh
CMP41005,Harmony Heights,D-2115,Rohit Joshi,Lift stuck between floors - very dangerous.,Lift,Critical,Assigned,Ritu Nair
CMP41093,Skyline Residency,C-2042,Rajesh Desai,Flush kharab jhala ahe,Plumbing,Low,Resolved,Ravi Reddy
CMP93861,Blue Horizons CHS,B-1069,Shruti Kumar,Corridor light not working - very dark.,Common Area,High,Open,Rupali Desai
CMP22175,Desert Rose Apartments,B-1691,Sandeep Rao,Cockroaches coming from neighbor's flat.,Pest Control,High,Resolved,Mahesh Singh
CMP45054,Grandeur Park Residences,C-2203,Anil Patel,Lawn grass overgrown - needs cutting.,Garden,Medium,Open,Nisha Kumar
CMP12902,Banyan Tree Residences,A-178,Priya Mehta,Dustbin overflowing in common area.,Housekeeping,Low,Resolved,Dinesh Kapoor
CMP76251,Blue Horizons CHS,C-1393,Nitin Shah,Weight machine cable broken.,Gym,High,Assigned,Mahesh Singh
CMP90807,Skyline Residency,A-1714,Manoj Patel,Unauthorized persons using clubhouse facilities.,Clubhouse,Critical,Resolved,Varun Reddy
CMP72900,Grandeur Park Residences,D-294,Anjali Iyer,Music practice during afternoon quiet hours.,Noise,Critical,Resolved,Amit Desai
CMP43152,Sunset Point Apartments,B-519,Swati Kulkarni,Plants dying due to lack of maintenance.,Garden,Medium,Resolved,Amit Iyer
CMP82257,The Imperial Towers,A-1685,Saurabh Mehta,Lift stuck between floors - very dangerous.,Lift,Medium,Resolved,Mahesh Das
CMP84160,Desert Rose Apartments,B-281,Vikram Pillai,Bhai bathroom ke niche se paani leak ho raha hai,Plumbing,Critical,Open,Ravi Patel
CMP15400,Sapphire Heights Cooperative Housing Society,D-2118,Manoj Chopra,Tube light flickering continuously.,Electrical,Medium,Resolved,Varun Kulkarni
CMP61013,Eco-Village CHS,D-2227,Abhishek Sharma,Underground tank needs urgent cleaning.,Water Supply,Medium,Open,Ravi Das
CMP19017,Whispering Willows CHS,B-1476,Vikas Iyer,Clubhouse washroom taps not working.,Clubhouse,Low,In Progress,Madhuri Das
CMP18130,The Meadows,D-1285,Amit Sinha,Waste segregation bins not provided on our floor.,Waste Management,Medium,In Progress,Deepika Gupta
CMP82913,Serene Waters Society,C-2316,Priya Mehta,Power socket in bedroom not working.,Electrical,Low,Resolved,Swati Reddy
CMP46839,The Meadows,B-717,Anita Kumar,Composting pit emitting foul odor.,Waste Management,Critical,Assigned,Amit Iyer
CMP40807,Silver Springs,B-1490,Pallavi Reddy,Life guard absent during pool hours.,Swimming Pool,High,In Progress,Ravi Patel
CMP38755,Cedar Crest Society,B-973,Suresh Joshi,Garbage chute door broken.,Housekeeping,High,In Progress,Ritu Nair
CMP64240,Banyan Tree Residences,D-2344,Abhishek Chopra,Pool water not chlorinated - unhygienic.,Swimming Pool,Low,Resolved,Nisha Kumar
CMP87085,Desert Rose Apartments,D-1108,Sunita Joshi,Parking area madhe paani jamla ahe,Parking,Medium,Assigned,Ravi Patel
CMP81107,Golden Heights,A-365,Meera Pillai,Water coming muddy and dirty.,Water Supply,Low,Assigned,Kiran Menon
CMP53957,Crystal Heights,C-2232,Mahesh Sharma,Pool changing room locks broken.,Swimming Pool,Medium,In Progress,Rupali Desai
CMP72062,Maple Woods Enclave,B-2493,Sneha Menon,Dog waste not cleaned from garden regularly.,Garden,High,Resolved,Jyoti Desai
CMP81448,Zenith Towers,D-812,Dinesh Patel,Lift making strange grinding noise.,Lift,Critical,Assigned,Dinesh Kapoor
CMP58942,Victoria Apartments,A-740,Meera Iyer,Corridor light not working - very dark.,Common Area,Medium,Open,Shweta Iyer
CMP66045,Victoria Apartments,A-434,Meera Chopra,Gym equipment broken and unsafe to use.,Clubhouse,Medium,Open,Nisha Kumar
CMP35944,Vasant Vihar Apartments,B-1774,Sachin Patel,Dumbbell weights missing - incomplete set.,Gym,High,Resolved,Kavita Sinha
CMP73125,Banyan Tree Residences,C-2388,Sanjay Sinha,Rat problem in our flat - need urgent pest control.,Pest Control,Low,Open,Madhuri Das
CMP72988,Orchid Petals Society,C-2183,Sanjay Agarwal,Car scratched by another vehicle in parking.,Parking,High,Open,Ashok Reddy
CMP59627,Eco-Village CHS,A-2205,Priya Bose,Too many mosquitoes due to stagnant water in garden.,Garden,Medium,Open,Mahesh Singh
CMP52059,Sunrise Enclave,C-2057,Anil Sharma,Pool ladder rusted and unsafe.,Swimming Pool,High,Open,Ritu Nair
CMP34219,Maple Woods Enclave,D-1234,Anjali Agarwal,Very low water pressure on higher floors.,Water Supply,Low,Resolved,Sachin Joshi
CMP39010,Green Meadows CHS Ltd.,B-365,Shruti Bose,Parking area waterlogged after rain.,Parking,Low,Resolved,Amit Iyer
CMP70242,Vasant Vihar Apartments,A-1751,Ashok Das,Garden sprinklers not working properly.,Garden,Low,Open,Madhuri Kulkarni
CMP80081,Vasant Vihar Apartments,B-912,Shruti Pillai,Music practice during afternoon quiet hours.,Noise,Medium,In Progress,Amit Iyer
CMP80798,Cedar Crest Society,A-1591,Sunita Joshi,Car scratched by another vehicle in parking.,Parking,Medium,In Progress,Kiran Menon
CMP75220,Golden Gate Apartments,C-1040,Kiran Singh,E-waste collection bin overflowing.,Waste Management,Low,Assigned,Ravi Patel
CMP59162,The Pinnacle CHS,D-931,Seema Mehta,Society water bill very high - possible leakage.,Water Supply,Medium,In Progress,Jyoti Desai
CMP97350,The Imperial Towers,C-548,Shruti Mehta,Party in neighboring flat - very loud till 2 AM.,Noise,Critical,Resolved,Kiran Menon
CMP72671,Golden Heights,B-218,Sachin Agarwal,Cobwebs all over corridor ceiling.,Housekeeping,High,Open,Shweta Iyer
CMP34781,Spring Gardens CHS,D-2401,Deepika Mehta,Ants everywhere in kitchen despite cleaning.,Pest Control,Low,Assigned,Madhuri Kulkarni
CMP80758,Royal Enclave CHS,B-1974,Sandeep Agarwal,Overgrown bushes blocking walkway.,Garden,High,Resolved,Ravi Patel
CMP41708,Vasant Vihar Apartments,D-653,Kiran Malhotra,Treadmill not working for past week.,Gym,Medium,Open,Mahesh Singh
CMP60604,Spring Gardens CHS,C-478,Anjali Gupta,Flush kharab hai,Plumbing,High,Assigned,Nisha Kumar
CMP48406,Ocean View CHS,B-1224,Meera Shah,Gym AC insufficient - too hot inside.,Gym,Critical,Resolved,Rajesh Sinha
CMP54214,Spring Gardens CHS,B-1310,Manisha Malhotra,Corridor light not working - very dark.,Common Area,High,In Progress,Ravi Reddy
CMP49791,Platinum Towers,B-1094,Rohit Malhotra,Gym exhaust fan not working - suffocating.,Gym,Low,Assigned,Ritu Nair
CMP56324,Sunrise Enclave,A-186,Nitin Malhotra,Gym door lock jammed.,Gym,Low,Open,Varun Reddy
CMP53664,Crystal Heights,C-1986,Abhishek Kapoor,Security guard duty pe nahi hai,Security,Low,Resolved,Ravi Agarwal
CMP57062,Lotus Boulevard,C-711,Nisha Reddy,Lift door not closing properly - safety issue.,Lift,Medium,Open,Swati Reddy
CMP46519,Paradise Heights,A-1705,Pooja Iyer,Residents not segregating wet and dry waste.,Waste Management,High,Resolved,Varun Reddy
CMP44381,Eco-Village CHS,A-1183,Nitin Joshi,Weight machine cable broken.,Gym,High,Open,Deepika Gupta
CMP10300,Blue Horizons CHS,A-599,Ajay Kumar,Pankha awaaz karto,Electrical,Critical,Resolved,Ravi Agarwal
CMP47530,Emerald Bay CHS,B-1377,Pooja Chopra,Party in neighboring flat - very loud till 2 AM.,Noise,High,Resolved,Rajesh Sinha
CMP25169,Golden Gate Apartments,C-1539,Shruti Kumar,Vehicle horn being used unnecessarily in society.,Noise,Low,Resolved,Madhuri Kulkarni
CMP62424,Paradise Heights,A-1151,Mahesh Menon,Fire extinguisher expired - needs refilling.,Common Area,Medium,In Progress,Ravi Agarwal
CMP22165,Desert Rose Apartments,B-1719,Preeti Nair,Bathroom cha tap band hot nahi,Plumbing,Medium,In Progress,Abhishek Sharma
CMP32059,Platinum Towers,C-1840,Sandeep Verma,Table tennis rackets and balls missing.,Clubhouse,Critical,In Progress,Mahesh Das
CMP18010,Blue Horizons CHS,D-2286,Neha Pillai,Service lift out of order since morning.,Lift,High,Assigned,Madhuri Kulkarni
CMP93762,Maple Woods Enclave,B-1809,Sneha Chopra,Neighbor playing loud music late at night.,Noise,Critical,Assigned,Rupali Desai
CMP35415,Eco-Village CHS,A-1229,Rajesh Kumar,Entrance door closer not working.,Common Area,High,Assigned,Dinesh Kapoor
CMP33281,Platinum Towers,C-924,Ritu Iyer,Lobby ceiling leakage during rain.,Common Area,High,Open,Madhuri Kulkarni
CMP53501,Spring Gardens CHS,A-263,Meera Das,Flush kharab jhala ahe,Plumbing,Low,Open,Kiran Menon
CMP55809,Diamond Plaza,D-1160,Sandeep Desai,Lobby ceiling leakage during rain.,Common Area,Medium,Assigned,Jyoti Desai
CMP67418,Royal Enclave CHS,A-2073,Rupali Malhotra,CCTV toh kaam hi nahi karta,Security,Low,Resolved,Sachin Joshi
CMP30659,Ocean View CHS,D-180,Vikas Nair,Mere parking mein koi aur gaadi khadi hai,Parking,Low,In Progress,Sachin Joshi
CMP38921,Paradise Heights,D-1596,Ravi Chopra,Ants everywhere in kitchen despite cleaning.,Pest Control,Critical,Open,Madhuri Kulkarni
CMP16414,Whispering Willows CHS,A-124,Manisha Bose,Bed bugs in bedroom - very serious problem.,Pest Control,High,Resolved,Abhishek Sharma
CMP90917,Ocean View CHS,C-993,Nitin Joshi,Clubhouse closed without prior notice.,Clubhouse,Medium,Assigned,Kiran Menon
CMP35520,The Pinnacle CHS,D-1165,Abhishek Chopra,Garden sprinklers not working properly.,Garden,Medium,Resolved,Ritu Nair
CMP22484,Paradise Heights,D-2270,Anjali Kapoor,Fruit flies in kitchen - very unhygienic.,Pest Control,Medium,In Progress,Madhuri Kulkarni
CMP20363,Green Meadows CHS Ltd.,C-214,Ravi Reddy,Garden sprinklers not working properly.,Garden,Critical,Open,Rajesh Sinha
CMP56780,Desert Rose Apartments,A-829,Rupali Kumar,Pool filtration system not working.,Swimming Pool,Critical,Resolved,Madhuri Das
CMP59946,Lotus Boulevard,B-212,Ajay Menon,Shower area not functioning.,Swimming Pool,High,Resolved,Sachin Joshi
CMP83984,Lotus Boulevard,A-1196,Amit Nair,Life guard absent during pool hours.,Swimming Pool,Critical,Open,Varun Reddy
CMP42997,Cedar Crest Society,D-2066,Deepika Kumar,Party in neighboring flat - very loud till 2 AM.,Noise,Critical,Assigned,Ravi Das
CMP90350,Blue Horizons CHS,C-1314,Sandeep Menon,Lizards entering flat from outside.,Pest Control,Critical,In Progress,Ritu Malhotra
CMP48085,Whispering Willows CHS,A-383,Kavita Kumar,Pool timings not displayed properly.,Swimming Pool,Low,Resolved,Jyoti Patel
CMP85933,Crystal Heights,A-309,Meera Shah,Plastic waste burning in society - health hazard.,Waste Management,Critical,Resolved,Jyoti Patel
CMP59296,Vasant Vihar Apartments,D-919,Priya Sharma,Lift ka darwaza thik se band nahi hota,Lift,Low,Open,Madhuri Das
CMP91906,Orchid Petals Society,C-1050,Amit Reddy,Clubhouse lights not working in evening.,Clubhouse,High,In Progress,Kiran Menon
CMP70092,Desert Rose Apartments,B-614,Sachin Kulkarni,Mere slot mein kisi ne gaadi park kar di hai yaar,Parking,Low,Assigned,Nisha Kumar
CMP92080,Whispering Willows CHS,D-2489,Ramesh Mehta,Residents not segregating wet and dry waste.,Waste Management,High,In Progress,Kiran Menon
CMP23248,The Pinnacle CHS,B-737,Rupali Mehta,Cobwebs all over corridor ceiling.,Housekeeping,Medium,Assigned,Jyoti Patel
CMP27377,Golden Gate Apartments,B-2218,Sachin Singh,Parking full waterlogged hai,Parking,Critical,Resolved,Jyoti Patel
CMP48411,Hillview Cooperative Housing Society,D-504,Pooja Mehta,Table tennis rackets and balls missing.,Clubhouse,Critical,In Progress,Madhuri Das
CMP35587,Ocean View CHS,D-850,Pallavi Rao,Life guard absent during pool hours.,Swimming Pool,Medium,In Progress,Swati Reddy
CMP73677,Zenith Towers,C-1609,Pankaj Das,Common area washroom very dirty.,Housekeeping,Medium,Open,Kiran Menon
CMP31061,Shanti Vihar Apartments,A-1836,Kavita Rao,Security guard kuch check hi nahi karta entry pe,Security,Low,Open,Rupali Desai
CMP88718,Ruby Residency,B-208,Sanjay Iyer,Garden bench damaged and needs repair.,Garden,High,Open,Rajesh Sinha
CMP72150,Pearl Residency,C-1547,Manoj Kulkarni,Unknown person loitering in basement parking.,Security,High,Resolved,Varun Reddy
CMP12025,Vasant Vihar Apartments,D-2376,Sachin Reddy,Mere parking mein koi aur gaadi khadi hai,Parking,Medium,In Progress,Manisha Das
CMP20807,Crystal Heights,B-292,Mahesh Reddy,Neighbor playing loud music late at night.,Noise,Medium,Open,Abhishek Sharma
CMP49103,Shanti Vihar Apartments,D-778,Sneha Das,Vehicle horn being used unnecessarily in society.,Noise,High,Open,Varun Reddy
CMP72189,Shanti Vihar Apartments,D-958,Varun Kapoor,Children running and jumping in flat above ours.,Noise,Critical,In Progress,Amit Desai
CMP23706,Lotus Boulevard,D-1859,Manisha Gupta,Pool filtration system not working.,Swimming Pool,High,Assigned,Swati Reddy
CMP79670,Eco-Village CHS,B-1970,Pooja Rao,Clubhouse lights not working in evening.,Clubhouse,Critical,Open,Madhuri Kulkarni
CMP24885,Serene Waters Society,B-1512,Dinesh Shah,Residents not segregating wet and dry waste.,Waste Management,Low,Assigned,Kavita Sinha
CMP46999,The Imperial Towers,D-788,Suresh Gupta,Garbage collection timing too early.,Waste Management,Low,Open,Swati Reddy
CMP51057,Grandeur Park Residences,D-1287,Manoj Singh,Neighbor playing loud music late at night.,Noise,High,Resolved,Varun Kulkarni
CMP64686,Hillview Cooperative Housing Society,D-2448,Sunita Desai,Staircase very dirty - not cleaned for days.,Housekeeping,High,Open,Ritu Malhotra
CMP69575,Maple Woods Enclave,D-447,Dinesh Sinha,Clubhouse closed without prior notice.,Clubhouse,High,Open,Madhuri Das
CMP65522,Paradise Heights,B-1509,Rajesh Chopra,Emergency exit door jammed and locked.,Common Area,High,Resolved,Shruti Singh
CMP56099,Emerald Bay CHS,B-2115,Rajesh Kapoor,Gym AC insufficient - too hot inside.,Gym,High,Resolved,Rupali Desai
CMP82638,Golden Gate Apartments,A-658,Ravi Verma,Children's pool empty and dirty.,Swimming Pool,High,Assigned,Sachin Joshi
CMP93305,Zenith Towers,A-1146,Manoj Mehta,Dumbbell weights missing - incomplete set.,Gym,Medium,Open,Mahesh Singh
CMP43131,Blue Horizons CHS,B-464,Saurabh Reddy,Lobby ceiling leakage during rain.,Common Area,High,Resolved,Madhuri Das
CMP57533,Vasant Vihar Apartments,B-2429,Kavita Shah,Car scratched by another vehicle in parking.,Parking,Critical,Open,Amit Iyer
CMP40060,Palm Grove Residences,C-1266,Nitin Das,Lobby floor tiles need mopping urgently.,Housekeeping,Critical,Open,Ritu Malhotra
CMP55664,Vasant Vihar Apartments,C-1448,Priya Das,Ants everywhere in kitchen despite cleaning.,Pest Control,High,In Progress,Ravi Reddy
CMP35368,Banyan Tree Residences,B-1408,Abhishek Nair,Weight machine cable broken.,Gym,Low,In Progress,Jyoti Desai
CMP59227,Sunrise Enclave,C-509,Rupali Das,Main MCB tripping frequently.,Electrical,Low,Assigned,Jyoti Desai
CMP52570,Sapphire Heights Cooperative Housing Society,C-2377,Saurabh Sinha,Staircase railing loose - can cause accident.,Common Area,Critical,Resolved,Ritu Malhotra
CMP10548,Emerald Bay CHS,C-151,Madhuri Shah,Inverter not charging - keeps beeping.,Electrical,Low,Assigned,Sachin Joshi
CMP69044,Golden Heights,C-2083,Komal Kumar,Treadmill not working for past week.,Gym,Medium,Assigned,Ritu Nair
CMP29625,Skyline Residency,A-134,Kiran Singh,Dumbbell weights missing - incomplete set.,Gym,Low,Resolved,Rajesh Sinha
CMP82868,Ocean View CHS,C-2352,Anita Malhotra,Gym floor mat torn - slipping hazard.,Gym,Critical,Open,Ravi Agarwal
CMP10861,Sunset Point Apartments,A-652,Dinesh Reddy,Gym equipment broken and unsafe to use.,Clubhouse,High,Resolved,Varun Reddy
CMP43337,Eco-Village CHS,C-1722,Kavita Shah,Lift ki door properly close nahi hoti,Lift,Medium,Resolved,Rajesh Sinha
CMP63983,Ruby Residency,B-191,Madhuri Pillai,Waste segregation bins not provided on our floor.,Waste Management,High,Open,Rupali Desai
CMP59696,Silver Oaks Apartment Owners Association,B-2182,Sneha Joshi,Common area washroom very dirty.,Housekeeping,Low,In Progress,Dinesh Kapoor
CMP74259,Emerald Bay CHS,B-187,Ramesh Menon,Vehicle without society sticker parked for many days.,Parking,Medium,Assigned,Jyoti Desai
CMP67310,Whispering Willows CHS,A-906,Sneha Kulkarni,Pool ladder rusted and unsafe.,Swimming Pool,Critical,Open,Madhuri Kulkarni
CMP44239,Skyline Residency,D-665,Manoj Pillai,Waste segregation bins not provided on our floor.,Waste Management,Medium,Assigned,Mahesh Das
CMP57941,Crystal Heights,C-2101,Mahesh Joshi,Parking area madhe paani jamla ahe,Parking,Critical,In Progress,Kiran Menon
CMP65566,Victoria Apartments,D-1161,Rupali Verma,Security guard duty pe nahi hai,Security,Medium,Open,Dinesh Kapoor
CMP96544,Cedar Crest Society,B-1738,Rakesh Rao,Neighbor playing loud music late at night.,Noise,High,Open,Rajesh Sinha
CMP48973,Golden Heights,C-1953,Pallavi Singh,Pool water not chlorinated - unhygienic.,Swimming Pool,Medium,In Progress,Jyoti Patel
CMP89025,Desert Rose Apartments,B-417,Nitin Agarwal,Security guard sleeping on duty at night.,Security,Medium,Resolved,Nisha Kumar
CMP22933,Skyline Residency,C-2333,Pankaj Reddy,Flush kharab jhala ahe,Plumbing,Low,Resolved,Mahesh Singh
CMP77225,Emerald Bay CHS,A-1720,Rohit Agarwal,Clubhouse lights not working in evening.,Clubhouse,High,Resolved,Deepika Gupta
CMP14202,Silver Springs,C-594,Nitin Malhotra,Security guard duty pe nahi hai,Security,Medium,In Progress,Shweta Iyer
CMP97684,Crystal Heights,A-412,Ashok Mehta,Garden sprinklers not working properly.,Garden,Medium,In Progress,Deepika Gupta
CMP22136,Sunrise Enclave,D-516,Rohit Das,Gym timings board removed.,Gym,Low,Assigned,Shweta Iyer
CMP18645,Ruby Residency,C-660,Mahesh Reddy,Corridor light not working - very dark.,Common Area,Low,Resolved,Jyoti Desai
CMP99849,Sunrise Enclave,C-1433,Priya Malhotra,Garden bench damaged and needs repair.,Garden,Critical,In Progress,Ravi Patel
CMP48019,Golden Heights,A-1822,Manisha Mehta,Water pipe burst in basement.,Water Supply,High,In Progress,Mahesh Das
CMP52977,Pearl Residency,B-257,Komal Das,Vehicle horn being used unnecessarily in society.,Noise,High,Resolved,Manisha Das
CMP89050,Eco-Village CHS,A-303,Priya Shah,Gate access card not working.,Security,Critical,Assigned,Rajesh Sinha
CMP92924,Platinum Towers,B-1373,Komal Kapoor,WC seat broken and needs replacement.,Plumbing,High,Resolved,Mahesh Singh
CMP94694,Whispering Willows CHS,D-778,Dinesh Kapoor,Gym exhaust fan not working - suffocating.,Gym,Critical,In Progress,Ravi Reddy
CMP78720,Orchid Petals Society,A-2391,Rupali Mehta,Gym exhaust fan not working - suffocating.,Gym,High,Open,Madhuri Kulkarni
CMP50573,Pearl Residency,A-1145,Rupali Reddy,Emergency alarm button inside lift not working.,Lift,Medium,Assigned,Swati Reddy
CMP85671,Vasant Vihar Apartments,C-1271,Madhuri Patel,Depth markings not visible.,Swimming Pool,Low,Resolved,Kavita Sinha
CMP27060,Sunset Point Apartments,B-795,Swati Iyer,Garbage not collected from our floor today.,Housekeeping,Medium,Open,Rupali Desai
CMP61403,Platinum Towers,A-392,Sandeep Kapoor,Neighbor using my second parking without permission.,Parking,Critical,In Progress,Shruti Singh
CMP17616,Banyan Tree Residences,B-1513,Anita Iyer,Parking area mein paani bhara hua hai,Parking,Critical,In Progress,Nisha Kumar
CMP40809,Desert Rose Apartments,B-1701,Pallavi Das,Nameplate board outside flat damaged.,Common Area,Medium,Open,Kiran Menon
CMP69394,Golden Heights,D-112,Mahesh Sinha,Bathroom exhaust fan making noise and not working.,Plumbing,Medium,Resolved,Rajesh Sinha
CMP23827,Golden Gate Apartments,A-2494,Jyoti Chopra,Lizards entering flat from outside.,Pest Control,Low,Open,Ravi Reddy
CMP89099,Lotus Boulevard,D-1354,Nitin Kulkarni,Swimming pool water very dirty - not cleaned.,Clubhouse,Low,In Progress,Jyoti Patel
CMP28794,Golden Gate Apartments,C-670,Pooja Malhotra,Plastic waste burning in society - health hazard.,Waste Management,High,Resolved,Shruti Singh
CMP76516,Victoria Apartments,D-1534,Anita Sharma,Mere slot mein kisi ne gaadi park kar di hai yaar,Parking,Critical,Resolved,Ravi Patel
CMP54418,Sunrise Enclave,B-510,Saurabh Joshi,Bulk waste dumped in common area.,Waste Management,Medium,Assigned,Ravi Agarwal
CMP80300,Palm Grove Residences,A-1499,Shruti Pillai,Sweeper not doing job properly.,Housekeeping,Medium,Resolved,Ravi Agarwal
CMP48409,Palm Grove Residences,C-697,Manoj Agarwal,Lift ki door properly close nahi hoti,Lift,High,Assigned,Ritu Nair
CMP43251,Ruby Residency,C-745,Sandeep Sinha,Generator running continuously making too much noise.,Noise,Medium,Open,Nisha Kumar
CMP54965,Vasant Vihar Apartments,A-2319,Kiran Reddy,Plants dying due to lack of maintenance.,Garden,Critical,Open,Jyoti Desai
CMP83165,Banyan Tree Residences,D-2390,Amit Bose,Water pipe burst in basement.,Water Supply,Low,In Progress,Kavita Sinha
CMP34817,Whispering Willows CHS,D-1171,Preeti Kulkarni,Pool ladder rusted and unsafe.,Swimming Pool,Medium,Assigned,Amit Desai
CMP69550,Whispering Willows CHS,C-146,Seema Agarwal,Children running and jumping in flat above ours.,Noise,Medium,Assigned,Shruti Singh
CMP15738,Royal Enclave CHS,A-859,Mahesh Gupta,No water supply since morning in our flat.,Water Supply,Critical,Open,Shruti Singh
CMP17994,Hillview Cooperative Housing Society,C-1703,Preeti Pillai,Gym door lock jammed.,Gym,Low,Open,Madhuri Kulkarni
CMP65564,Zenith Towers,C-728,Deepika Bose,Gym door lock jammed.,Gym,Critical,Assigned,Mahesh Das
CMP34518,Desert Rose Apartments,B-2032,Komal Singh,Neighbor using my second parking without permission.,Parking,Low,Assigned,Dinesh Kapoor
